"Molecule ChEMBL ID";"Molecule Name";"Molecule Max Phase";"Molecular Weight";"#RO5 Violations";"AlogP";"Compound Key";"Smiles";"Standard Type";"Standard Relation";"Standard Value";"Standard Units";"pChEMBL Value";"Data Validity Comment";"Comment";"Uo Units";"Ligand Efficiency BEI";"Ligand Efficiency LE";"Ligand Efficiency LLE";"Ligand Efficiency SEI";"Potential Duplicate";"Assay ChEMBL ID";"Assay Description";"Assay Type";"BAO Format ID";"BAO Label";"Assay Organism";"Assay Tissue ChEMBL ID";"Assay Tissue Name";"Assay Cell Type";"Assay Subcellular Fraction";"Assay Parameters";"Assay Variant Accession";"Assay Variant Mutation";"Target ChEMBL ID";"Target Name";"Target Organism";"Target Type";"Document ChEMBL ID";"Source ID";"Source Description";"Document Journal";"Document Year";"Cell ChEMBL ID";"Properties";"Action Type";"Standard Text Value"
"CHEMBL2165038";"";"None";"341.38";"0";"3.95";"18";"Cc1nc(-c2cccnc2Nc2cccc3[nH]ccc23)c2[nH]cnc2n1";"Ki";"'='";"130.0";"nM";"6.89";"";"";"UO_0000065";"20.17";"0.36";"2.94";"7.24";"0";"CHEMBL2166656";"Inhibition of human N-terminal poly-His tagged-PI3Kbeta expressed in Sf9 baculovirus system co-expressing p85alpha after 20 mins by AlphaScreen assay";"B";"BAO_0000219";"cell-based format";"Homo sapiens";"None";"None";"Sf9";"None";"";"";"";"CHEMBL3145";"PI3-kinase p110-beta subunit";"Homo sapiens";"SINGLE PROTEIN";"CHEMBL2163268";"1";"Scientific Literature";"J Med Chem";"2012";"CHEMBL3308860";"";"";""
"CHEMBL3618245";"";"None";"424.44";"0";"2.59";"18";"COc1ncc(Nc2nc3ccc(C(C)(C)O)cn3c2-c2nc(C)nc(N)n2)cc1F";"Ki";"'='";"17.0";"nM";"7.77";"";"";"UO_0000065";"18.31";"0.34";"5.18";"5.70";"0";"CHEMBL3620386";"Inhibition of PI3Kbeta (unknown origin) by alpha screen assay";"B";"BAO_0000357";"single protein format";"Homo sapiens";"None";"None";"None";"None";"";"";"";"CHEMBL3145";"PI3-kinase p110-beta subunit";"Homo sapiens";"SINGLE PROTEIN";"CHEMBL3616407";"1";"Scientific Literature";"Bioorg Med Chem Lett";"2015";"None";"";"";""
"CHEMBL1949914";"";"None";"493.56";"0";"3.38";"12";"Nc1ncc(-c2nc(N3CCOCC3)c3cc(CC4CCN(CC(F)(F)F)CC4)sc3n2)cn1";"Ki";"'='";"18.0";"nM";"7.75";"";"";"UO_0000065";"15.69";"0.31";"4.36";"8.30";"0";"CHEMBL1954961";"Apparent binding affinity to PI3Kbeta using PIP3 as substrate after 30 mins by fluorescence polarization assay";"B";"BAO_0000357";"single protein format";"None";"None";"None";"None";"None";"";"";"";"CHEMBL3145";"PI3-kinase p110-beta subunit";"Homo sapiens";"SINGLE PROTEIN";"CHEMBL1949622";"1";"Scientific Literature";"J Med Chem";"2011";"None";"";"";""
"CHEMBL1950038";"";"None";"553.08";"1";"4.03";"34";"CNC(=O)c1ccc2c(c1)OCCc1cc(C(=O)N(C)c3cc(C(=O)N4CCN(C)CC4)ccc3Cl)sc1-2";"Ki";"'='";"3870.0";"nM";"5.41";"";"";"UO_0000065";"9.79";"0.19";"1.38";"6.59";"0";"CHEMBL1954961";"Apparent binding affinity to PI3Kbeta using PIP3 as substrate after 30 mins by fluorescence polarization assay";"B";"BAO_0000357";"single protein format";"None";"None";"None";"None";"None";"";"";"";"CHEMBL3145";"PI3-kinase p110-beta subunit";"Homo sapiens";"SINGLE PROTEIN";"CHEMBL1949622";"1";"Scientific Literature";"J Med Chem";"2011";"None";"";"";""
"CHEMBL2165006";"";"None";"399.46";"0";"3.56";"61";"COc1ccc(Nc2ncc(Cc3ccccc3)cc2-c2nc(C)nc(N)n2)cn1";"Ki";"'='";"48.0";"nM";"7.32";"";"";"UO_0000065";"18.32";"0.33";"3.76";"6.55";"0";"CHEMBL2166656";"Inhibition of human N-terminal poly-His tagged-PI3Kbeta expressed in Sf9 baculovirus system co-expressing p85alpha after 20 mins by AlphaScreen assay";"B";"BAO_0000219";"cell-based format";"Homo sapiens";"None";"None";"Sf9";"None";"";"";"";"CHEMBL3145";"PI3-kinase p110-beta subunit";"Homo sapiens";"SINGLE PROTEIN";"CHEMBL2163268";"1";"Scientific Literature";"J Med Chem";"2012";"CHEMBL3308860";"";"";""
"CHEMBL2165050";"";"None";"310.32";"0";"1.37";"30";"COc1ccc(Nc2nccnc2-c2nc(C)nc(N)n2)cn1";"Ki";"'='";"740.0";"nM";"6.13";"";"";"UO_0000065";"19.76";"0.36";"4.76";"4.92";"0";"CHEMBL2166656";"Inhibition of human N-terminal poly-His tagged-PI3Kbeta expressed in Sf9 baculovirus system co-expressing p85alpha after 20 mins by AlphaScreen assay";"B";"BAO_0000219";"cell-based format";"Homo sapiens";"None";"None";"Sf9";"None";"";"";"";"CHEMBL3145";"PI3-kinase p110-beta subunit";"Homo sapiens";"SINGLE PROTEIN";"CHEMBL2163268";"1";"Scientific Literature";"J Med Chem";"2012";"CHEMBL3308860";"";"";""
"CHEMBL2165042";"";"None";"342.37";"0";"3.34";"22";"Cc1nc(-c2cccnc2Nc2cccc3n[nH]cc23)c2c[nH]nc2n1";"Ki";"'='";"2300.0";"nM";"5.64";"";"";"UO_0000065";"16.47";"0.30";"2.30";"5.22";"0";"CHEMBL2166656";"Inhibition of human N-terminal poly-His tagged-PI3Kbeta expressed in Sf9 baculovirus system co-expressing p85alpha after 20 mins by AlphaScreen assay";"B";"BAO_0000219";"cell-based format";"Homo sapiens";"None";"None";"Sf9";"None";"";"";"";"CHEMBL3145";"PI3-kinase p110-beta subunit";"Homo sapiens";"SINGLE PROTEIN";"CHEMBL2163268";"1";"Scientific Literature";"J Med Chem";"2012";"CHEMBL3308860";"";"";""
"CHEMBL2165037";"";"None";"342.37";"0";"3.34";"17";"Cc1nc(-c2cccnc2Nc2cccc3n[nH]cc23)c2[nH]cnc2n1";"Ki";"'='";"28.0";"nM";"7.55";"";"";"UO_0000065";"22.06";"0.40";"4.21";"6.99";"0";"CHEMBL2166656";"Inhibition of human N-terminal poly-His tagged-PI3Kbeta expressed in Sf9 baculovirus system co-expressing p85alpha after 20 mins by AlphaScreen assay";"B";"BAO_0000219";"cell-based format";"Homo sapiens";"None";"None";"Sf9";"None";"";"";"";"CHEMBL3145";"PI3-kinase p110-beta subunit";"Homo sapiens";"SINGLE PROTEIN";"CHEMBL2163268";"1";"Scientific Literature";"J Med Chem";"2012";"CHEMBL3308860";"";"";""
"CHEMBL2165011";"";"None";"422.49";"0";"1.93";"48";"COc1ccc(Nc2ncc(CN3CCC(O)CC3)cc2-c2nc(C)nc(N)n2)cn1";"Ki";"'='";"41.0";"nM";"7.39";"";"";"UO_0000065";"17.48";"0.33";"5.46";"5.46";"0";"CHEMBL2166656";"Inhibition of human N-terminal poly-His tagged-PI3Kbeta expressed in Sf9 baculovirus system co-expressing p85alpha after 20 mins by AlphaScreen assay";"B";"BAO_0000219";"cell-based format";"Homo sapiens";"None";"None";"Sf9";"None";"";"";"";"CHEMBL3145";"PI3-kinase p110-beta subunit";"Homo sapiens";"SINGLE PROTEIN";"CHEMBL2163268";"1";"Scientific Literature";"J Med Chem";"2012";"CHEMBL3308860";"";"";""
"CHEMBL2165026";"";"None";"339.36";"0";"1.46";"36";"COc1ccc(Nc2ncc(CO)cc2-c2nc(C)nc(N)n2)cn1";"Ki";"'='";"56.0";"nM";"7.25";"";"";"UO_0000065";"21.37";"0.40";"5.79";"5.50";"0";"CHEMBL2166656";"Inhibition of human N-terminal poly-His tagged-PI3Kbeta expressed in Sf9 baculovirus system co-expressing p85alpha after 20 mins by AlphaScreen assay";"B";"BAO_0000219";"cell-based format";"Homo sapiens";"None";"None";"Sf9";"None";"";"";"";"CHEMBL3145";"PI3-kinase p110-beta subunit";"Homo sapiens";"SINGLE PROTEIN";"CHEMBL2163268";"1";"Scientific Literature";"J Med Chem";"2012";"CHEMBL3308860";"";"";""
"CHEMBL2165024";"";"None";"323.36";"0";"2.28";"34";"COc1ccc(Nc2ncc(C)cc2-c2nc(C)nc(N)n2)cn1";"Ki";"'='";"86.0";"nM";"7.07";"";"";"UO_0000065";"21.85";"0.40";"4.79";"6.32";"0";"CHEMBL2166656";"Inhibition of human N-terminal poly-His tagged-PI3Kbeta expressed in Sf9 baculovirus system co-expressing p85alpha after 20 mins by AlphaScreen assay";"B";"BAO_0000219";"cell-based format";"Homo sapiens";"None";"None";"Sf9";"None";"";"";"";"CHEMBL3145";"PI3-kinase p110-beta subunit";"Homo sapiens";"SINGLE PROTEIN";"CHEMBL2163268";"1";"Scientific Literature";"J Med Chem";"2012";"CHEMBL3308860";"";"";""
"CHEMBL2165048";"";"None";"309.33";"0";"1.97";"28";"COc1ccc(Nc2cccnc2-c2nc(C)nc(N)n2)cn1";"Ki";"'='";"610.0";"nM";"6.21";"";"";"UO_0000065";"20.09";"0.37";"4.24";"5.56";"0";"CHEMBL2166656";"Inhibition of human N-terminal poly-His tagged-PI3Kbeta expressed in Sf9 baculovirus system co-expressing p85alpha after 20 mins by AlphaScreen assay";"B";"BAO_0000219";"cell-based format";"Homo sapiens";"None";"None";"Sf9";"None";"";"";"";"CHEMBL3145";"PI3-kinase p110-beta subunit";"Homo sapiens";"SINGLE PROTEIN";"CHEMBL2163268";"1";"Scientific Literature";"J Med Chem";"2012";"CHEMBL3308860";"";"";""
"CHEMBL1762782";"";"None";"372.39";"0";"2.90";"7";"Cc1nc(NCC#N)nc(-n2c(Nc3cccc(O)c3)nc3ccccc32)n1";"Ki";"'='";"43.0";"nM";"7.37";"";"";"UO_0000065";"19.78";"0.36";"4.47";"5.91";"0";"CHEMBL2166656";"Inhibition of human N-terminal poly-His tagged-PI3Kbeta expressed in Sf9 baculovirus system co-expressing p85alpha after 20 mins by AlphaScreen assay";"B";"BAO_0000219";"cell-based format";"Homo sapiens";"None";"None";"Sf9";"None";"";"";"";"CHEMBL3145";"PI3-kinase p110-beta subunit";"Homo sapiens";"SINGLE PROTEIN";"CHEMBL2163268";"1";"Scientific Literature";"J Med Chem";"2012";"CHEMBL3308860";"";"";""
"CHEMBL1796273";"";"None";"426.93";"1";"5.24";"21";"CC(=O)Nc1ccc2c(c1)OCCc1cc(C(=O)N(C)c3ccccc3Cl)sc1-2";"Ki";"'='";"114.0";"nM";"6.94";"";"";"UO_0000065";"16.26";"0.33";"1.70";"11.84";"0";"CHEMBL1954961";"Apparent binding affinity to PI3Kbeta using PIP3 as substrate after 30 mins by fluorescence polarization assay";"B";"BAO_0000357";"single protein format";"None";"None";"None";"None";"None";"";"";"";"CHEMBL3145";"PI3-kinase p110-beta subunit";"Homo sapiens";"SINGLE PROTEIN";"CHEMBL1949622";"1";"Scientific Literature";"J Med Chem";"2011";"None";"";"";""
"CHEMBL1950034";"";"None";"412.90";"0";"4.38";"28";"CN(C(=O)c1cc2c(s1)-c1cc(C(N)=O)ccc1OCC2)c1ccccc1Cl";"Ki";"'='";"30.0";"nM";"7.52";"";"";"UO_0000065";"18.22";"0.37";"3.14";"10.36";"0";"CHEMBL1954961";"Apparent binding affinity to PI3Kbeta using PIP3 as substrate after 30 mins by fluorescence polarization assay";"B";"BAO_0000357";"single protein format";"None";"None";"None";"None";"None";"";"";"";"CHEMBL3145";"PI3-kinase p110-beta subunit";"Homo sapiens";"SINGLE PROTEIN";"CHEMBL1949622";"1";"Scientific Literature";"J Med Chem";"2011";"None";"";"";""
"CHEMBL2165034";"";"None";"378.44";"0";"2.18";"44";"COc1ccc(Nc2ncc(CN3CCC3)cc2-c2nc(C)nc(N)n2)cn1";"Ki";"'='";"22.0";"nM";"7.66";"";"";"UO_0000065";"20.23";"0.37";"5.48";"6.66";"0";"CHEMBL2166656";"Inhibition of human N-terminal poly-His tagged-PI3Kbeta expressed in Sf9 baculovirus system co-expressing p85alpha after 20 mins by AlphaScreen assay";"B";"BAO_0000219";"cell-based format";"Homo sapiens";"None";"None";"Sf9";"None";"";"";"";"CHEMBL3145";"PI3-kinase p110-beta subunit";"Homo sapiens";"SINGLE PROTEIN";"CHEMBL2163268";"1";"Scientific Literature";"J Med Chem";"2012";"CHEMBL3308860";"";"";""
"CHEMBL2171931";"";"None";"511.60";"2";"5.18";"63";"Cc1c(-c2ccccn2)nc2cc(F)ccc2c1N1CC2(CCOCC2)c2ncc(N3CCOCC3)cc21";"Ki";"'='";"44.0";"nM";"7.36";"";"";"UO_0000065";"14.38";"0.26";"2.18";"11.57";"0";"CHEMBL2174951";"Inhibition of PI3Kbeta using phosphatidylinositol-4,5-bisphosphate by ATP bioluminescence assay";"B";"BAO_0000357";"single protein format";"None";"None";"None";"None";"None";"";"";"";"CHEMBL3145";"PI3-kinase p110-beta subunit";"Homo sapiens";"SINGLE PROTEIN";"CHEMBL2169853";"1";"Scientific Literature";"J Med Chem";"2012";"None";"";"";""
"CHEMBL2171924";"";"None";"530.63";"1";"4.40";"38";"Cc1c(-c2ccccn2)nc2cc(F)ccc2c1N1CC2(CS(=O)(=O)C2)c2ccc(N3CCOCC3)cc21";"Ki";"'='";"395.0";"nM";"6.40";"";"";"UO_0000065";"12.07";"0.23";"2.00";"8.47";"0";"CHEMBL2174951";"Inhibition of PI3Kbeta using phosphatidylinositol-4,5-bisphosphate by ATP bioluminescence assay";"B";"BAO_0000357";"single protein format";"None";"None";"None";"None";"None";"";"";"";"CHEMBL3145";"PI3-kinase p110-beta subunit";"Homo sapiens";"SINGLE PROTEIN";"CHEMBL2169853";"1";"Scientific Literature";"J Med Chem";"2012";"None";"";"";""
"CHEMBL2171925";"";"None";"500.57";"1";"3.96";"40";"Cc1c(-c2ccccn2)nc2cc(F)ccc2c1N1CC(CO)(CO)c2ccc(N3CCOCC3)cc21";"Ki";"'='";"269.0";"nM";"6.57";"";"";"UO_0000065";"13.13";"0.24";"2.61";"8.02";"0";"CHEMBL2174951";"Inhibition of PI3Kbeta using phosphatidylinositol-4,5-bisphosphate by ATP bioluminescence assay";"B";"BAO_0000357";"single protein format";"None";"None";"None";"None";"None";"";"";"";"CHEMBL3145";"PI3-kinase p110-beta subunit";"Homo sapiens";"SINGLE PROTEIN";"CHEMBL2169853";"1";"Scientific Literature";"J Med Chem";"2012";"None";"";"";""
"CHEMBL1950035";"";"None";"440.95";"1";"5.03";"29";"CCNC(=O)c1ccc2c(c1)-c1sc(C(=O)N(C)c3ccccc3Cl)cc1CCO2";"Ki";"'='";"55.0";"nM";"7.26";"";"";"UO_0000065";"16.46";"0.33";"2.23";"12.38";"0";"CHEMBL1954961";"Apparent binding affinity to PI3Kbeta using PIP3 as substrate after 30 mins by fluorescence polarization assay";"B";"BAO_0000357";"single protein format";"None";"None";"None";"None";"None";"";"";"";"CHEMBL3145";"PI3-kinase p110-beta subunit";"Homo sapiens";"SINGLE PROTEIN";"CHEMBL1949622";"1";"Scientific Literature";"J Med Chem";"2011";"None";"";"";""
"CHEMBL1796271";"";"None";"369.87";"1";"5.28";"18";"CN(C(=O)c1cc2c(s1)-c1ccccc1OCC2)c1ccccc1Cl";"Ki";"'='";"272.0";"nM";"6.57";"";"";"UO_0000065";"17.75";"0.36";"1.29";"22.23";"0";"CHEMBL1954961";"Apparent binding affinity to PI3Kbeta using PIP3 as substrate after 30 mins by fluorescence polarization assay";"B";"BAO_0000357";"single protein format";"None";"None";"None";"None";"None";"";"";"";"CHEMBL3145";"PI3-kinase p110-beta subunit";"Homo sapiens";"SINGLE PROTEIN";"CHEMBL1949622";"1";"Scientific Literature";"J Med Chem";"2011";"None";"";"";""
"CHEMBL1822054";"";"None";"460.88";"0";"3.34";"10";"CC(=O)Nc1cn2nc(-c3cnc(Cl)c(NS(=O)(=O)c4ccc(F)cc4)c3)ccc2n1";"Ki";"'='";"3.5";"nM";"8.46";"";"";"UO_0000065";"18.35";"0.37";"5.12";"7.14";"0";"CHEMBL1828450";"Inhibition of human N-terminal His-tagged PI3Kbeta expressed in insect Sf9 cells using PI(4,5)P2 as substrate after 20 mins by alphascreen assay in presence of 20 uM ATP";"B";"BAO_0000219";"cell-based format";"Homo sapiens";"None";"None";"Sf9";"None";"";"";"";"CHEMBL3145";"PI3-kinase p110-beta subunit";"Homo sapiens";"SINGLE PROTEIN";"CHEMBL1821651";"1";"Scientific Literature";"J Med Chem";"2011";"CHEMBL3308860";"";"";""
"CHEMBL2387080";"TASELISIB";"3.0";"460.54";"0";"3.17";"11l, GDC-0032";"Cc1nc(-c2cn3c(n2)-c2ccc(-c4cnn(C(C)(C)C(N)=O)c4)cc2OCC3)n(C(C)C)n1";"Ki";"'='";"9.1";"nM";"8.04";"";"";"UO_0000065";"17.46";"0.32";"4.87";"6.78";"0";"CHEMBL2388236";"Inhibition of PI3Kbeta (unknown origin)";"B";"BAO_0000357";"single protein format";"Homo sapiens";"None";"None";"None";"None";"";"";"";"CHEMBL3145";"PI3-kinase p110-beta subunit";"Homo sapiens";"SINGLE PROTEIN";"CHEMBL2384988";"1";"Scientific Literature";"J Med Chem";"2013";"None";"";"";""
"CHEMBL2071338";"";"None";"396.48";"0";"2.79";"21, NVS-P13-1";"Cc1nc(NC(=O)N2CCC[C@H]2C(N)=O)sc1-c1ccc(-n2cccn2)cc1";"Ki";"'='";"2000.0";"nM";"5.70";"";"";"UO_0000065";"14.37";"0.28";"2.91";"5.37";"0";"CHEMBL2072999";"Inhibition of recombinant GST-tagged PI3K p110beta using [32P]ATP after 60 mins by scintillation proximity assay";"B";"BAO_0000357";"single protein format";"Homo sapiens";"None";"None";"None";"None";"";"";"";"CHEMBL3145";"PI3-kinase p110-beta subunit";"Homo sapiens";"SINGLE PROTEIN";"CHEMBL2069199";"1";"Scientific Literature";"Bioorg Med Chem Lett";"2012";"None";"";"";""
"CHEMBL2071341";"";"None";"457.55";"0";"3.51";"25";"Cc1nc(NC(=O)NCCC(=O)OC(C)(C)C)sc1-c1ccc(S(C)(=O)=O)c(F)c1";"Ki";"'='";"90.0";"nM";"7.05";"";"";"UO_0000065";"15.40";"0.32";"3.54";"6.16";"0";"CHEMBL2072999";"Inhibition of recombinant GST-tagged PI3K p110beta using [32P]ATP after 60 mins by scintillation proximity assay";"B";"BAO_0000357";"single protein format";"Homo sapiens";"None";"None";"None";"None";"";"";"";"CHEMBL3145";"PI3-kinase p110-beta subunit";"Homo sapiens";"SINGLE PROTEIN";"CHEMBL2069199";"1";"Scientific Literature";"Bioorg Med Chem Lett";"2012";"None";"";"";""
"CHEMBL2071342";"";"None";"453.53";"0";"2.03";"27, NVS-P13-5";"CCn1nnc(CCNC(=O)Nc2nc(C)c(-c3ccc(S(C)(=O)=O)c(F)c3)s2)n1";"Ki";"'='";"320.0";"nM";"6.50";"";"";"UO_0000065";"14.32";"0.30";"4.46";"4.93";"0";"CHEMBL2072999";"Inhibition of recombinant GST-tagged PI3K p110beta using [32P]ATP after 60 mins by scintillation proximity assay";"B";"BAO_0000357";"single protein format";"Homo sapiens";"None";"None";"None";"None";"";"";"";"CHEMBL3145";"PI3-kinase p110-beta subunit";"Homo sapiens";"SINGLE PROTEIN";"CHEMBL2069199";"1";"Scientific Literature";"Bioorg Med Chem Lett";"2012";"None";"";"";""
"CHEMBL3401978";"";"None";"469.45";"0";"2.66";"5";"O=c1[nH]c(=O)n(C[C@H]2C3CCC(CC3)[C@@H]2Nc2nc(-c3c[nH]c4ncc(F)cc34)ncc2F)o1";"Ki";"'='";"2000.0";"nM";"5.70";"";"";"UO_0000065";"12.14";"0.23";"3.04";"4.24";"0";"CHEMBL3406127";"Inhibition of PI3Kbeta (unknown origin)";"B";"BAO_0000357";"single protein format";"Homo sapiens";"None";"None";"None";"None";"";"";"";"CHEMBL3145";"PI3-kinase p110-beta subunit";"Homo sapiens";"SINGLE PROTEIN";"CHEMBL3399966";"1";"Scientific Literature";"Bioorg Med Chem Lett";"2015";"None";"";"";""
"CHEMBL3401990";"";"None";"433.48";"0";"3.31";"17, mixture of stereoisomers";"CS(=O)(=O)[C@H]1C2CCC(CC2)[C@@H]1Nc1nc(-c2c[nH]c3ncc(F)cc23)ncc1F";"Ki";"'>'";"4000.0";"nM";"";"";"";"UO_0000065";"";"";"";"";"0";"CHEMBL3406127";"Inhibition of PI3Kbeta (unknown origin)";"B";"BAO_0000357";"single protein format";"Homo sapiens";"None";"None";"None";"None";"";"";"";"CHEMBL3145";"PI3-kinase p110-beta subunit";"Homo sapiens";"SINGLE PROTEIN";"CHEMBL3399966";"1";"Scientific Literature";"Bioorg Med Chem Lett";"2015";"None";"";"";""
"CHEMBL2069328";"";"None";"402.52";"0";"3.75";"26, NVS-P13-4";"CC(=O)c1ccc(-c2sc(NC(=O)NCCC(=O)NC(C)(C)C)nc2C)cc1";"Ki";"'='";"250.0";"nM";"6.60";"";"";"UO_0000065";"16.40";"0.32";"2.85";"6.59";"0";"CHEMBL2072999";"Inhibition of recombinant GST-tagged PI3K p110beta using [32P]ATP after 60 mins by scintillation proximity assay";"B";"BAO_0000357";"single protein format";"Homo sapiens";"None";"None";"None";"None";"";"";"";"CHEMBL3145";"PI3-kinase p110-beta subunit";"Homo sapiens";"SINGLE PROTEIN";"CHEMBL2069199";"1";"Scientific Literature";"Bioorg Med Chem Lett";"2012";"None";"";"";""
"CHEMBL2071332";"";"None";"378.40";"0";"3.50";"7f";"CC(=O)Nc1nc(C)c(-c2ccc(S(C)(=O)=O)c(C(F)(F)F)c2)s1";"Ki";"'='";"870.0";"nM";"6.06";"";"";"UO_0000065";"16.02";"0.34";"2.56";"7.96";"0";"CHEMBL2072999";"Inhibition of recombinant GST-tagged PI3K p110beta using [32P]ATP after 60 mins by scintillation proximity assay";"B";"BAO_0000357";"single protein format";"Homo sapiens";"None";"None";"None";"None";"";"";"";"CHEMBL3145";"PI3-kinase p110-beta subunit";"Homo sapiens";"SINGLE PROTEIN";"CHEMBL2069199";"1";"Scientific Literature";"Bioorg Med Chem Lett";"2012";"None";"";"";""
"CHEMBL2206921";"";"None";"470.35";"0";"2.49";"3j";"Cc1nc(N)nc(-c2cc(Cl)cnc2Nc2cnc(Cl)c(NS(=O)(=O)N(C)C)c2)n1";"Ki";"'='";"0.6";"nM";"9.22";"";"";"UO_0000065";"19.61";"0.42";"6.73";"6.07";"0";"CHEMBL2214051";"Inhibition of human N-terminal polyHis-tagged PI3K p110beta expressed in baculovirus infected Hi5 cells using Phosphatidylinositol-4,5-bisphosphate as substrate after 20 mins by AlphaScreen assay";"B";"BAO_0000219";"cell-based format";"Homo sapiens";"None";"None";"BTI-TN-5B1-4";"None";"";"";"";"CHEMBL3145";"PI3-kinase p110-beta subunit";"Homo sapiens";"SINGLE PROTEIN";"CHEMBL2203208";"1";"Scientific Literature";"Bioorg Med Chem Lett";"2012";"CHEMBL3833782";"";"";""
"CHEMBL1949926";"";"None";"475.01";"1";"6.41";"27";"CN(C(=O)c1cc2c(s1)-c1ccc(-c3cccc(CN)c3)cc1OCC2)c1ccccc1Cl";"Ki";"'='";"643.0";"nM";"6.19";"";"";"UO_0000065";"13.04";"0.26";"-0.22";"11.14";"0";"CHEMBL1954961";"Apparent binding affinity to PI3Kbeta using PIP3 as substrate after 30 mins by fluorescence polarization assay";"B";"BAO_0000357";"single protein format";"None";"None";"None";"None";"None";"";"";"";"CHEMBL3145";"PI3-kinase p110-beta subunit";"Homo sapiens";"SINGLE PROTEIN";"CHEMBL1949622";"1";"Scientific Literature";"J Med Chem";"2011";"None";"";"";""
"CHEMBL2165019";"";"None";"484.59";"1";"1.98";"56";"COc1ccc(Nc2ncc(CN3CCC(S(C)(=O)=O)CC3)cc2-c2nc(C)nc(N)n2)cn1";"Ki";"'='";"5.0";"nM";"8.30";"";"";"UO_0000065";"17.13";"0.33";"6.32";"5.57";"0";"CHEMBL2166656";"Inhibition of human N-terminal poly-His tagged-PI3Kbeta expressed in Sf9 baculovirus system co-expressing p85alpha after 20 mins by AlphaScreen assay";"B";"BAO_0000219";"cell-based format";"Homo sapiens";"None";"None";"Sf9";"None";"";"";"";"CHEMBL3145";"PI3-kinase p110-beta subunit";"Homo sapiens";"SINGLE PROTEIN";"CHEMBL2163268";"1";"Scientific Literature";"J Med Chem";"2012";"CHEMBL3308860";"";"";""
"CHEMBL3401975";"";"None";"423.43";"0";"3.20";"2";"Fc1cnc2[nH]cc(-c3ncc(F)c(N[C@H]4C5CCC(CC5)[C@@H]4c4nnn[nH]4)n3)c2c1";"Ki";"'>'";"4000.0";"nM";"";"";"";"UO_0000065";"";"";"";"";"0";"CHEMBL3406127";"Inhibition of PI3Kbeta (unknown origin)";"B";"BAO_0000357";"single protein format";"Homo sapiens";"None";"None";"None";"None";"";"";"";"CHEMBL3145";"PI3-kinase p110-beta subunit";"Homo sapiens";"SINGLE PROTEIN";"CHEMBL3399966";"1";"Scientific Literature";"Bioorg Med Chem Lett";"2015";"None";"";"";""
"CHEMBL3401977";"";"None";"463.43";"0";"4.08";"4";"O=P(O)(O)CC[C@H]1C2CCC(CC2)[C@@H]1Nc1nc(-c2c[nH]c3ncc(F)cc23)ncc1F";"Ki";"'>'";"4000.0";"nM";"";"";"";"UO_0000065";"";"";"";"";"0";"CHEMBL3406127";"Inhibition of PI3Kbeta (unknown origin)";"B";"BAO_0000357";"single protein format";"Homo sapiens";"None";"None";"None";"None";"";"";"";"CHEMBL3145";"PI3-kinase p110-beta subunit";"Homo sapiens";"SINGLE PROTEIN";"CHEMBL3399966";"1";"Scientific Literature";"Bioorg Med Chem Lett";"2015";"None";"";"";""
"CHEMBL1615189";"";"None";"476.94";"0";"4.91";"82";"CC(=O)Nc1nc2ccc(-c3cnc(Cl)c(NS(=O)(=O)c4ccc(F)cc4)c3)cc2s1";"Ki";"'='";"2.0";"nM";"8.70";"";"";"UO_0000065";"18.24";"0.38";"3.79";"8.61";"0";"CHEMBL1775867";"Inhibition of human PI3Kbeta expressed in Sf9 cells";"B";"BAO_0000219";"cell-based format";"Homo sapiens";"None";"None";"Sf9";"None";"";"";"";"CHEMBL3145";"PI3-kinase p110-beta subunit";"Homo sapiens";"SINGLE PROTEIN";"CHEMBL1773016";"1";"Scientific Literature";"J Med Chem";"2011";"CHEMBL3308860";"";"";""
"CHEMBL2165004";"";"None";"470.56";"1";"1.59";"59";"COc1ccc(Nc2ncc(CN3CCC(S(C)(=O)=O)C3)cc2-c2nc(C)nc(N)n2)cn1";"Ki";"'='";"5.0";"nM";"8.30";"";"";"UO_0000065";"17.64";"0.34";"6.71";"5.57";"0";"CHEMBL2166656";"Inhibition of human N-terminal poly-His tagged-PI3Kbeta expressed in Sf9 baculovirus system co-expressing p85alpha after 20 mins by AlphaScreen assay";"B";"BAO_0000219";"cell-based format";"Homo sapiens";"None";"None";"Sf9";"None";"";"";"";"CHEMBL3145";"PI3-kinase p110-beta subunit";"Homo sapiens";"SINGLE PROTEIN";"CHEMBL2163268";"1";"Scientific Literature";"J Med Chem";"2012";"CHEMBL3308860";"";"";""
"CHEMBL2165003";"";"None";"499.60";"1";"1.44";"58";"COc1ccc(Nc2ncc(CN3CCCN(S(C)(=O)=O)CC3)cc2-c2nc(C)nc(N)n2)cn1";"Ki";"'='";"61.0";"nM";"7.21";"";"";"UO_0000065";"14.44";"0.28";"5.77";"4.74";"0";"CHEMBL2166656";"Inhibition of human N-terminal poly-His tagged-PI3Kbeta expressed in Sf9 baculovirus system co-expressing p85alpha after 20 mins by AlphaScreen assay";"B";"BAO_0000219";"cell-based format";"Homo sapiens";"None";"None";"Sf9";"None";"";"";"";"CHEMBL3145";"PI3-kinase p110-beta subunit";"Homo sapiens";"SINGLE PROTEIN";"CHEMBL2163268";"1";"Scientific Literature";"J Med Chem";"2012";"CHEMBL3308860";"";"";""
"CHEMBL2171929";"";"None";"469.56";"1";"5.41";"58";"Cc1c(-c2ccccn2)nc2cc(F)ccc2c1N1CC(C)(C)c2ncc(N3CCOCC3)cc21";"Ki";"'='";"30.0";"nM";"7.52";"";"";"UO_0000065";"16.02";"0.29";"2.11";"13.83";"0";"CHEMBL2174951";"Inhibition of PI3Kbeta using phosphatidylinositol-4,5-bisphosphate by ATP bioluminescence assay";"B";"BAO_0000357";"single protein format";"None";"None";"None";"None";"None";"";"";"";"CHEMBL3145";"PI3-kinase p110-beta subunit";"Homo sapiens";"SINGLE PROTEIN";"CHEMBL2169853";"1";"Scientific Literature";"J Med Chem";"2012";"None";"";"";""
"CHEMBL2381373";"";"None";"422.51";"0";"3.44";"27";"CC(C)n1ncnc1-c1nc2c(s1)CCOc1cc(-c3cnn(CCO)c3)ccc1-2";"Ki";"'='";"15.0";"nM";"7.82";"";"";"UO_0000065";"18.52";"0.36";"4.38";"8.61";"0";"CHEMBL2383018";"Inhibition of GST-fused human recombinant PI3Kbeta expressed in baculovirus infected SF9 cells after 1 hr by scintillation proximity assay in presence of [gamma-33P]-ATP";"B";"BAO_0000219";"cell-based format";"Homo sapiens";"None";"None";"Sf9";"None";"";"";"";"CHEMBL3145";"PI3-kinase p110-beta subunit";"Homo sapiens";"SINGLE PROTEIN";"CHEMBL2380305";"1";"Scientific Literature";"Bioorg Med Chem Lett";"2013";"CHEMBL3308860";"";"";""
"CHEMBL1949916";"";"None";"489.63";"1";"1.58";"14";"CS(=O)(=O)C1CCN(Cc2cc3c(N4CCOCC4)nc(-c4cnc(N)nc4)nc3s2)CC1";"Ki";"'='";"42.0";"nM";"7.38";"";"";"UO_0000065";"15.07";"0.31";"5.80";"5.79";"0";"CHEMBL1954961";"Apparent binding affinity to PI3Kbeta using PIP3 as substrate after 30 mins by fluorescence polarization assay";"B";"BAO_0000357";"single protein format";"None";"None";"None";"None";"None";"";"";"";"CHEMBL3145";"PI3-kinase p110-beta subunit";"Homo sapiens";"SINGLE PROTEIN";"CHEMBL1949622";"1";"Scientific Literature";"J Med Chem";"2011";"None";"";"";""
"CHEMBL1949922";"";"None";"440.95";"1";"5.03";"23";"CCNC(=O)c1ccc2c(c1)OCCc1cc(C(=O)N(C)c3ccccc3Cl)sc1-2";"Ki";"'='";"55.0";"nM";"7.26";"";"";"UO_0000065";"16.46";"0.33";"2.23";"12.38";"0";"CHEMBL1954961";"Apparent binding affinity to PI3Kbeta using PIP3 as substrate after 30 mins by fluorescence polarization assay";"B";"BAO_0000357";"single protein format";"None";"None";"None";"None";"None";"";"";"";"CHEMBL3145";"PI3-kinase p110-beta subunit";"Homo sapiens";"SINGLE PROTEIN";"CHEMBL1949622";"1";"Scientific Literature";"J Med Chem";"2011";"None";"";"";""
"CHEMBL1950037";"";"None";"553.08";"1";"4.03";"33";"CNC(=O)c1ccc2c(c1)OCCc1cc(C(=O)N(C)c3ccc(C(=O)N4CCN(C)CC4)cc3Cl)sc1-2";"Ki";"'='";"199.0";"nM";"6.70";"";"";"UO_0000065";"12.12";"0.24";"2.67";"8.15";"0";"CHEMBL1954961";"Apparent binding affinity to PI3Kbeta using PIP3 as substrate after 30 mins by fluorescence polarization assay";"B";"BAO_0000357";"single protein format";"None";"None";"None";"None";"None";"";"";"";"CHEMBL3145";"PI3-kinase p110-beta subunit";"Homo sapiens";"SINGLE PROTEIN";"CHEMBL1949622";"1";"Scientific Literature";"J Med Chem";"2011";"None";"";"";""
"CHEMBL1949911";"";"None";"337.41";"0";"3.07";"9";"c1cc(-c2nc(N3CCOCC3)c3ccsc3n2)c2cn[nH]c2c1";"Ki";"'='";"1167.0";"nM";"5.93";"";"";"UO_0000065";"17.58";"0.34";"2.86";"8.86";"0";"CHEMBL1954961";"Apparent binding affinity to PI3Kbeta using PIP3 as substrate after 30 mins by fluorescence polarization assay";"B";"BAO_0000357";"single protein format";"None";"None";"None";"None";"None";"";"";"";"CHEMBL3145";"PI3-kinase p110-beta subunit";"Homo sapiens";"SINGLE PROTEIN";"CHEMBL1949622";"1";"Scientific Literature";"J Med Chem";"2011";"None";"";"";""
"CHEMBL1949923";"";"None";"412.94";"0";"5.00";"24";"CNCc1ccc2c(c1)OCCc1cc(C(=O)N(C)c3ccccc3Cl)sc1-2";"Ki";"'='";"33.0";"nM";"7.48";"";"";"UO_0000065";"18.12";"0.36";"2.48";"18.00";"0";"CHEMBL1954961";"Apparent binding affinity to PI3Kbeta using PIP3 as substrate after 30 mins by fluorescence polarization assay";"B";"BAO_0000357";"single protein format";"None";"None";"None";"None";"None";"";"";"";"CHEMBL3145";"PI3-kinase p110-beta subunit";"Homo sapiens";"SINGLE PROTEIN";"CHEMBL1949622";"1";"Scientific Literature";"J Med Chem";"2011";"None";"";"";""
"CHEMBL2206904";"";"None";"465.93";"0";"1.84";"3o";"COc1cnc(Nc2cnc(Cl)c(NS(=O)(=O)N(C)C)c2)c(-c2nc(C)nc(N)n2)c1";"Ki";"'='";"4.7";"nM";"8.33";"";"";"UO_0000065";"17.87";"0.37";"6.49";"5.17";"0";"CHEMBL2214051";"Inhibition of human N-terminal polyHis-tagged PI3K p110beta expressed in baculovirus infected Hi5 cells using Phosphatidylinositol-4,5-bisphosphate as substrate after 20 mins by AlphaScreen assay";"B";"BAO_0000219";"cell-based format";"Homo sapiens";"None";"None";"BTI-TN-5B1-4";"None";"";"";"";"CHEMBL3145";"PI3-kinase p110-beta subunit";"Homo sapiens";"SINGLE PROTEIN";"CHEMBL2203208";"1";"Scientific Literature";"Bioorg Med Chem Lett";"2012";"CHEMBL3833782";"";"";""
"CHEMBL2165023";"";"None";"388.23";"0";"2.73";"33";"COc1ccc(Nc2ncc(Br)cc2-c2nc(C)nc(N)n2)cn1";"Ki";"'='";"75.0";"nM";"7.12";"";"";"UO_0000065";"18.35";"0.41";"4.39";"6.38";"0";"CHEMBL2166656";"Inhibition of human N-terminal poly-His tagged-PI3Kbeta expressed in Sf9 baculovirus system co-expressing p85alpha after 20 mins by AlphaScreen assay";"B";"BAO_0000219";"cell-based format";"Homo sapiens";"None";"None";"Sf9";"None";"";"";"";"CHEMBL3145";"PI3-kinase p110-beta subunit";"Homo sapiens";"SINGLE PROTEIN";"CHEMBL2163268";"1";"Scientific Literature";"J Med Chem";"2012";"CHEMBL3308860";"";"";""
"CHEMBL2165047";"";"None";"309.33";"0";"1.97";"27";"COc1ccc(Nc2cnccc2-c2nc(C)nc(N)n2)cn1";"Ki";"'='";"320.0";"nM";"6.50";"";"";"UO_0000065";"21.00";"0.39";"4.52";"5.81";"0";"CHEMBL2166656";"Inhibition of human N-terminal poly-His tagged-PI3Kbeta expressed in Sf9 baculovirus system co-expressing p85alpha after 20 mins by AlphaScreen assay";"B";"BAO_0000219";"cell-based format";"Homo sapiens";"None";"None";"Sf9";"None";"";"";"";"CHEMBL3145";"PI3-kinase p110-beta subunit";"Homo sapiens";"SINGLE PROTEIN";"CHEMBL2163268";"1";"Scientific Literature";"J Med Chem";"2012";"CHEMBL3308860";"";"";""
"CHEMBL2165044";"";"None";"323.36";"0";"2.00";"24";"COc1ccc(N(C)c2ncccc2-c2nc(C)nc(N)n2)cn1";"Ki";"'>'";"10000.0";"nM";"";"";"";"UO_0000065";"";"";"";"";"0";"CHEMBL2166656";"Inhibition of human N-terminal poly-His tagged-PI3Kbeta expressed in Sf9 baculovirus system co-expressing p85alpha after 20 mins by AlphaScreen assay";"B";"BAO_0000219";"cell-based format";"Homo sapiens";"None";"None";"Sf9";"None";"";"";"";"CHEMBL3145";"PI3-kinase p110-beta subunit";"Homo sapiens";"SINGLE PROTEIN";"CHEMBL2163268";"1";"Scientific Literature";"J Med Chem";"2012";"CHEMBL3308860";"";"";""
"CHEMBL2165271";"";"None";"317.36";"0";"3.05";"14";"Cc1nc(N)cc(-c2cccnc2Nc2cccc3[nH]ncc23)n1";"Ki";"'='";"110.0";"nM";"6.96";"";"";"UO_0000065";"21.93";"0.40";"3.91";"6.60";"0";"CHEMBL2166656";"Inhibition of human N-terminal poly-His tagged-PI3Kbeta expressed in Sf9 baculovirus system co-expressing p85alpha after 20 mins by AlphaScreen assay";"B";"BAO_0000219";"cell-based format";"Homo sapiens";"None";"None";"Sf9";"None";"";"";"";"CHEMBL3145";"PI3-kinase p110-beta subunit";"Homo sapiens";"SINGLE PROTEIN";"CHEMBL2163268";"1";"Scientific Literature";"J Med Chem";"2012";"CHEMBL3308860";"";"";""
"CHEMBL2071327";"";"None";"310.40";"0";"2.48";"7a";"CC(=O)Nc1nc(C)c(-c2ccc(S(C)(=O)=O)cc2)s1";"Ki";"'='";"1360.0";"nM";"5.87";"";"";"UO_0000065";"18.90";"0.40";"3.39";"7.71";"0";"CHEMBL2072999";"Inhibition of recombinant GST-tagged PI3K p110beta using [32P]ATP after 60 mins by scintillation proximity assay";"B";"BAO_0000357";"single protein format";"Homo sapiens";"None";"None";"None";"None";"";"";"";"CHEMBL3145";"PI3-kinase p110-beta subunit";"Homo sapiens";"SINGLE PROTEIN";"CHEMBL2069199";"1";"Scientific Literature";"Bioorg Med Chem Lett";"2012";"None";"";"";""
"CHEMBL3401981";"";"None";"438.44";"0";"4.38";"8";"Oc1cc([C@H]2C3CCC(CC3)[C@@H]2Nc2nc(-c3c[nH]c4ncc(F)cc34)ncc2F)on1";"Ki";"'>'";"4000.0";"nM";"";"";"";"UO_0000065";"";"";"";"";"0";"CHEMBL3406127";"Inhibition of PI3Kbeta (unknown origin)";"B";"BAO_0000357";"single protein format";"Homo sapiens";"None";"None";"None";"None";"";"";"";"CHEMBL3145";"PI3-kinase p110-beta subunit";"Homo sapiens";"SINGLE PROTEIN";"CHEMBL3399966";"1";"Scientific Literature";"Bioorg Med Chem Lett";"2015";"None";"";"";""
"CHEMBL2071340";"";"None";"481.53";"0";"3.11";"23";"Cc1cc(NC(=O)CCNC(=O)Nc2nc(C)c(-c3ccc(S(C)(=O)=O)c(F)c3)s2)no1";"Ki";"'='";"860.0";"nM";"6.07";"";"";"UO_0000065";"12.60";"0.26";"2.96";"4.23";"0";"CHEMBL2072999";"Inhibition of recombinant GST-tagged PI3K p110beta using [32P]ATP after 60 mins by scintillation proximity assay";"B";"BAO_0000357";"single protein format";"Homo sapiens";"None";"None";"None";"None";"";"";"";"CHEMBL3145";"PI3-kinase p110-beta subunit";"Homo sapiens";"SINGLE PROTEIN";"CHEMBL2069199";"1";"Scientific Literature";"Bioorg Med Chem Lett";"2012";"None";"";"";""
"CHEMBL2071330";"";"None";"328.39";"0";"2.62";"7d";"CC(=O)Nc1nc(C)c(-c2ccc(S(C)(=O)=O)c(F)c2)s1";"Ki";"'='";"1410.0";"nM";"5.85";"";"";"UO_0000065";"17.82";"0.38";"3.23";"7.69";"0";"CHEMBL2072999";"Inhibition of recombinant GST-tagged PI3K p110beta using [32P]ATP after 60 mins by scintillation proximity assay";"B";"BAO_0000357";"single protein format";"Homo sapiens";"None";"None";"None";"None";"";"";"";"CHEMBL3145";"PI3-kinase p110-beta subunit";"Homo sapiens";"SINGLE PROTEIN";"CHEMBL2069199";"1";"Scientific Literature";"Bioorg Med Chem Lett";"2012";"None";"";"";""
"CHEMBL4434674";"";"None";"512.59";"1";"3.27";"124; GSK2292767";"COc1ncc(-c2cc(-c3ncc(CN4C[C@@H](C)O[C@@H](C)C4)o3)c3cn[nH]c3c2)cc1NS(C)(=O)=O";"Ki";"'='";"630.96";"nM";"6.20";"";"";"UO_0000065";"12.10";"0.24";"2.93";"4.58";"0";"CHEMBL4393774";"Inhibition of PI3Kbeta (unknown origin)";"B";"BAO_0000357";"single protein format";"Homo sapiens";"None";"None";"None";"None";"";"";"";"CHEMBL3145";"PI3-kinase p110-beta subunit";"Homo sapiens";"SINGLE PROTEIN";"CHEMBL4393651";"1";"Scientific Literature";"J Med Chem";"2019";"None";"";"";""
"CHEMBL3401980";"";"None";"476.51";"0";"2.73";"7, mixture of stereoisomers";"CC(=O)NS(=O)(=O)[C@H]1C2CCC(CC2)[C@@H]1Nc1nc(-c2c[nH]c3ncc(F)cc23)ncc1F";"Ki";"'>'";"4000.0";"nM";"";"";"";"UO_0000065";"";"";"";"";"0";"CHEMBL3406127";"Inhibition of PI3Kbeta (unknown origin)";"B";"BAO_0000357";"single protein format";"Homo sapiens";"None";"None";"None";"None";"";"";"";"CHEMBL3145";"PI3-kinase p110-beta subunit";"Homo sapiens";"SINGLE PROTEIN";"CHEMBL3399966";"1";"Scientific Literature";"Bioorg Med Chem Lett";"2015";"None";"";"";""
"CHEMBL2165017";"";"None";"485.57";"1";"1.05";"54";"COc1ccc(Nc2ncc(CN3CCN(S(C)(=O)=O)CC3)cc2-c2nc(C)nc(N)n2)cn1";"Ki";"'='";"5.0";"nM";"8.30";"";"";"UO_0000065";"17.10";"0.33";"7.25";"5.45";"0";"CHEMBL2166656";"Inhibition of human N-terminal poly-His tagged-PI3Kbeta expressed in Sf9 baculovirus system co-expressing p85alpha after 20 mins by AlphaScreen assay";"B";"BAO_0000219";"cell-based format";"Homo sapiens";"None";"None";"Sf9";"None";"";"";"";"CHEMBL3145";"PI3-kinase p110-beta subunit";"Homo sapiens";"SINGLE PROTEIN";"CHEMBL2163268";"1";"Scientific Literature";"J Med Chem";"2012";"CHEMBL3308860";"";"";""
"CHEMBL2165008";"";"None";"392.47";"0";"2.57";"45";"COc1ccc(Nc2ncc(CN3CCCC3)cc2-c2nc(C)nc(N)n2)cn1";"Ki";"'='";"65.0";"nM";"7.19";"";"";"UO_0000065";"18.31";"0.34";"4.62";"6.25";"0";"CHEMBL2166656";"Inhibition of human N-terminal poly-His tagged-PI3Kbeta expressed in Sf9 baculovirus system co-expressing p85alpha after 20 mins by AlphaScreen assay";"B";"BAO_0000219";"cell-based format";"Homo sapiens";"None";"None";"Sf9";"None";"";"";"";"CHEMBL3145";"PI3-kinase p110-beta subunit";"Homo sapiens";"SINGLE PROTEIN";"CHEMBL2163268";"1";"Scientific Literature";"J Med Chem";"2012";"CHEMBL3308860";"";"";""
"CHEMBL2165031";"";"None";"407.48";"0";"1.72";"41";"COc1ccc(Nc2ncc(N3CCN(C)CC3)cc2-c2nc(C)nc(N)n2)cn1";"Ki";"'='";"7.0";"nM";"8.15";"";"";"UO_0000065";"20.01";"0.37";"6.43";"6.90";"0";"CHEMBL2166656";"Inhibition of human N-terminal poly-His tagged-PI3Kbeta expressed in Sf9 baculovirus system co-expressing p85alpha after 20 mins by AlphaScreen assay";"B";"BAO_0000219";"cell-based format";"Homo sapiens";"None";"None";"Sf9";"None";"";"";"";"CHEMBL3145";"PI3-kinase p110-beta subunit";"Homo sapiens";"SINGLE PROTEIN";"CHEMBL2163268";"1";"Scientific Literature";"J Med Chem";"2012";"CHEMBL3308860";"";"";""
"CHEMBL2165030";"";"None";"391.44";"0";"2.78";"40";"COc1ccc(Nc2ncc(C3=CCOCC3)cc2-c2nc(C)nc(N)n2)cn1";"Ki";"'='";"3.0";"nM";"8.52";"";"";"UO_0000065";"21.77";"0.40";"5.74";"7.05";"0";"CHEMBL2166656";"Inhibition of human N-terminal poly-His tagged-PI3Kbeta expressed in Sf9 baculovirus system co-expressing p85alpha after 20 mins by AlphaScreen assay";"B";"BAO_0000219";"cell-based format";"Homo sapiens";"None";"None";"Sf9";"None";"";"";"";"CHEMBL3145";"PI3-kinase p110-beta subunit";"Homo sapiens";"SINGLE PROTEIN";"CHEMBL2163268";"1";"Scientific Literature";"J Med Chem";"2012";"CHEMBL3308860";"";"";""
"CHEMBL2165049";"";"None";"310.32";"0";"1.37";"29";"COc1ccc(Nc2ncncc2-c2nc(C)nc(N)n2)cn1";"Ki";"'='";"81.0";"nM";"7.09";"";"";"UO_0000065";"22.85";"0.42";"5.72";"5.69";"0";"CHEMBL2166656";"Inhibition of human N-terminal poly-His tagged-PI3Kbeta expressed in Sf9 baculovirus system co-expressing p85alpha after 20 mins by AlphaScreen assay";"B";"BAO_0000219";"cell-based format";"Homo sapiens";"None";"None";"Sf9";"None";"";"";"";"CHEMBL3145";"PI3-kinase p110-beta subunit";"Homo sapiens";"SINGLE PROTEIN";"CHEMBL2163268";"1";"Scientific Literature";"J Med Chem";"2012";"CHEMBL3308860";"";"";""
"CHEMBL2058172";"";"None";"412.45";"0";"0.29";"14, ETP-46992";"COCCNC(=O)c1nc2c(N3CCOCC3)nc(-c3cnc(N)nc3)cn2c1C";"Ki";"'='";"94.1";"nM";"7.03";"";"";"UO_0000065";"17.04";"0.32";"6.74";"5.29";"0";"CHEMBL2060303";"Inhibition of human PI3Kbeta by HTRF assay";"B";"BAO_0000357";"single protein format";"Homo sapiens";"None";"None";"None";"None";"";"";"";"CHEMBL3145";"PI3-kinase p110-beta subunit";"Homo sapiens";"SINGLE PROTEIN";"CHEMBL2057167";"1";"Scientific Literature";"Bioorg Med Chem Lett";"2012";"None";"";"";""
"CHEMBL2165043";"";"None";"317.35";"0";"3.70";"23";"Cc1cc(-c2cccnc2Oc2cccc3[nH]ccc23)nc(N)n1";"Ki";"'>'";"10000.0";"nM";"";"";"";"UO_0000065";"";"";"";"";"0";"CHEMBL2166656";"Inhibition of human N-terminal poly-His tagged-PI3Kbeta expressed in Sf9 baculovirus system co-expressing p85alpha after 20 mins by AlphaScreen assay";"B";"BAO_0000219";"cell-based format";"Homo sapiens";"None";"None";"Sf9";"None";"";"";"";"CHEMBL3145";"PI3-kinase p110-beta subunit";"Homo sapiens";"SINGLE PROTEIN";"CHEMBL2163268";"1";"Scientific Literature";"J Med Chem";"2012";"CHEMBL3308860";"";"";""
"CHEMBL2165039";"";"None";"333.36";"0";"2.87";"19";"COc1ccc(Nc2ncccc2-c2nc(C)nc3nc[nH]c23)cn1";"Ki";"'='";"45.0";"nM";"7.35";"";"";"UO_0000065";"22.04";"0.40";"4.48";"7.24";"0";"CHEMBL2166656";"Inhibition of human N-terminal poly-His tagged-PI3Kbeta expressed in Sf9 baculovirus system co-expressing p85alpha after 20 mins by AlphaScreen assay";"B";"BAO_0000219";"cell-based format";"Homo sapiens";"None";"None";"Sf9";"None";"";"";"";"CHEMBL3145";"PI3-kinase p110-beta subunit";"Homo sapiens";"SINGLE PROTEIN";"CHEMBL2163268";"1";"Scientific Literature";"J Med Chem";"2012";"CHEMBL3308860";"";"";""
"CHEMBL2165270";"";"None";"293.33";"0";"2.88";"13";"Cc1nc(N)cc(-c2cccnc2Nc2cccc(O)c2)n1";"Ki";"'='";"35.0";"nM";"7.46";"";"";"UO_0000065";"25.42";"0.46";"4.58";"7.69";"0";"CHEMBL2166656";"Inhibition of human N-terminal poly-His tagged-PI3Kbeta expressed in Sf9 baculovirus system co-expressing p85alpha after 20 mins by AlphaScreen assay";"B";"BAO_0000219";"cell-based format";"Homo sapiens";"None";"None";"Sf9";"None";"";"";"";"CHEMBL3145";"PI3-kinase p110-beta subunit";"Homo sapiens";"SINGLE PROTEIN";"CHEMBL2163268";"1";"Scientific Literature";"J Med Chem";"2012";"CHEMBL3308860";"";"";""
"CHEMBL2165040";"";"None";"328.34";"0";"3.03";"20";"c1cnc(Nc2cccc3n[nH]cc23)c(-c2ncnc3nc[nH]c23)c1";"Ki";"'='";"9700.0";"nM";"5.01";"";"";"UO_0000065";"15.27";"0.27";"1.98";"4.64";"0";"CHEMBL2166656";"Inhibition of human N-terminal poly-His tagged-PI3Kbeta expressed in Sf9 baculovirus system co-expressing p85alpha after 20 mins by AlphaScreen assay";"B";"BAO_0000219";"cell-based format";"Homo sapiens";"None";"None";"Sf9";"None";"";"";"";"CHEMBL3145";"PI3-kinase p110-beta subunit";"Homo sapiens";"SINGLE PROTEIN";"CHEMBL2163268";"1";"Scientific Literature";"J Med Chem";"2012";"CHEMBL3308860";"";"";""
"CHEMBL2165268";"";"None";"317.36";"0";"3.05";"11";"Cc1nc(N)nc(-c2cccnc2Nc2cccc3[nH]ccc23)n1";"Ki";"'='";"9.0";"nM";"8.05";"";"";"UO_0000065";"25.35";"0.46";"5.00";"7.63";"0";"CHEMBL2166656";"Inhibition of human N-terminal poly-His tagged-PI3Kbeta expressed in Sf9 baculovirus system co-expressing p85alpha after 20 mins by AlphaScreen assay";"B";"BAO_0000219";"cell-based format";"Homo sapiens";"None";"None";"Sf9";"None";"";"";"";"CHEMBL3145";"PI3-kinase p110-beta subunit";"Homo sapiens";"SINGLE PROTEIN";"CHEMBL2163268";"1";"Scientific Literature";"J Med Chem";"2012";"CHEMBL3308860";"";"";""
"CHEMBL2165052";"";"None";"294.32";"0";"2.27";"9";"Cc1nc(N)nc(-c2cccnc2Nc2cccc(O)c2)n1";"Ki";"'='";"3.0";"nM";"8.52";"";"";"UO_0000065";"28.96";"0.53";"6.25";"7.76";"0";"CHEMBL2166656";"Inhibition of human N-terminal poly-His tagged-PI3Kbeta expressed in Sf9 baculovirus system co-expressing p85alpha after 20 mins by AlphaScreen assay";"B";"BAO_0000219";"cell-based format";"Homo sapiens";"None";"None";"Sf9";"None";"";"";"";"CHEMBL3145";"PI3-kinase p110-beta subunit";"Homo sapiens";"SINGLE PROTEIN";"CHEMBL2163268";"1";"Scientific Literature";"J Med Chem";"2012";"CHEMBL3308860";"";"";""
"CHEMBL3401987";"";"None";"399.45";"0";"3.90";"14";"CC(O)[C@H]1C2CCC(CC2)[C@@H]1Nc1nc(-c2c[nH]c3ncc(F)cc23)ncc1F";"Ki";"'>'";"4000.0";"nM";"";"";"";"UO_0000065";"";"";"";"";"0";"CHEMBL3406127";"Inhibition of PI3Kbeta (unknown origin)";"B";"BAO_0000357";"single protein format";"Homo sapiens";"None";"None";"None";"None";"";"";"";"CHEMBL3145";"PI3-kinase p110-beta subunit";"Homo sapiens";"SINGLE PROTEIN";"CHEMBL3399966";"1";"Scientific Literature";"Bioorg Med Chem Lett";"2015";"None";"";"";""
"CHEMBL2165009";"";"None";"406.49";"0";"2.96";"46";"COc1ccc(Nc2ncc(CN3CCCCC3)cc2-c2nc(C)nc(N)n2)cn1";"Ki";"'='";"11.0";"nM";"7.96";"";"";"UO_0000065";"19.58";"0.36";"5.00";"6.92";"0";"CHEMBL2166656";"Inhibition of human N-terminal poly-His tagged-PI3Kbeta expressed in Sf9 baculovirus system co-expressing p85alpha after 20 mins by AlphaScreen assay";"B";"BAO_0000219";"cell-based format";"Homo sapiens";"None";"None";"Sf9";"None";"";"";"";"CHEMBL3145";"PI3-kinase p110-beta subunit";"Homo sapiens";"SINGLE PROTEIN";"CHEMBL2163268";"1";"Scientific Literature";"J Med Chem";"2012";"CHEMBL3308860";"";"";""
"CHEMBL2071329";"";"None";"389.30";"0";"3.24";"7c";"CC(=O)Nc1nc(C)c(-c2ccc(S(C)(=O)=O)c(Br)c2)s1";"Ki";"'='";"550.0";"nM";"6.26";"";"";"UO_0000065";"16.08";"0.41";"3.02";"8.22";"0";"CHEMBL2072999";"Inhibition of recombinant GST-tagged PI3K p110beta using [32P]ATP after 60 mins by scintillation proximity assay";"B";"BAO_0000357";"single protein format";"Homo sapiens";"None";"None";"None";"None";"";"";"";"CHEMBL3145";"PI3-kinase p110-beta subunit";"Homo sapiens";"SINGLE PROTEIN";"CHEMBL2069199";"1";"Scientific Literature";"Bioorg Med Chem Lett";"2012";"None";"";"";""
"CHEMBL2165045";"";"None";"293.33";"0";"2.88";"25";"Cc1cc(-c2cccnc2Nc2cccc(O)c2)nc(N)n1";"Ki";"'>'";"10000.0";"nM";"";"";"";"UO_0000065";"";"";"";"";"0";"CHEMBL2166656";"Inhibition of human N-terminal poly-His tagged-PI3Kbeta expressed in Sf9 baculovirus system co-expressing p85alpha after 20 mins by AlphaScreen assay";"B";"BAO_0000219";"cell-based format";"Homo sapiens";"None";"None";"Sf9";"None";"";"";"";"CHEMBL3145";"PI3-kinase p110-beta subunit";"Homo sapiens";"SINGLE PROTEIN";"CHEMBL2163268";"1";"Scientific Literature";"J Med Chem";"2012";"CHEMBL3308860";"";"";""
"CHEMBL2165029";"";"None";"394.44";"0";"1.81";"39";"COc1ccc(Nc2ncc(N3CCOCC3)cc2-c2nc(C)nc(N)n2)cn1";"Ki";"'='";"9.0";"nM";"8.05";"";"";"UO_0000065";"20.40";"0.38";"6.24";"6.48";"0";"CHEMBL2166656";"Inhibition of human N-terminal poly-His tagged-PI3Kbeta expressed in Sf9 baculovirus system co-expressing p85alpha after 20 mins by AlphaScreen assay";"B";"BAO_0000219";"cell-based format";"Homo sapiens";"None";"None";"Sf9";"None";"";"";"";"CHEMBL3145";"PI3-kinase p110-beta subunit";"Homo sapiens";"SINGLE PROTEIN";"CHEMBL2163268";"1";"Scientific Literature";"J Med Chem";"2012";"CHEMBL3308860";"";"";""
"CHEMBL2165051";"";"None";"318.34";"0";"2.97";"8";"Cc1ncnc(-n2c(Nc3cccc(O)c3)nc3ccccc32)n1";"Ki";"'='";"4.0";"nM";"8.40";"";"";"UO_0000065";"26.38";"0.48";"5.43";"9.46";"0";"CHEMBL2166656";"Inhibition of human N-terminal poly-His tagged-PI3Kbeta expressed in Sf9 baculovirus system co-expressing p85alpha after 20 mins by AlphaScreen assay";"B";"BAO_0000219";"cell-based format";"Homo sapiens";"None";"None";"Sf9";"None";"";"";"";"CHEMBL3145";"PI3-kinase p110-beta subunit";"Homo sapiens";"SINGLE PROTEIN";"CHEMBL2163268";"1";"Scientific Literature";"J Med Chem";"2012";"CHEMBL3308860";"";"";""
"CHEMBL2206906";"";"None";"480.94";"1";"2.01";"3q";"COCCOc1cnc(Nc2cnc(Cl)c(NS(C)(=O)=O)c2)c(-c2nc(C)nc(N)n2)c1";"Ki";"'='";"16.0";"nM";"7.80";"";"";"UO_0000065";"16.21";"0.33";"5.79";"4.66";"0";"CHEMBL2214051";"Inhibition of human N-terminal polyHis-tagged PI3K p110beta expressed in baculovirus infected Hi5 cells using Phosphatidylinositol-4,5-bisphosphate as substrate after 20 mins by AlphaScreen assay";"B";"BAO_0000219";"cell-based format";"Homo sapiens";"None";"None";"BTI-TN-5B1-4";"None";"";"";"";"CHEMBL3145";"PI3-kinase p110-beta subunit";"Homo sapiens";"SINGLE PROTEIN";"CHEMBL2203208";"1";"Scientific Literature";"Bioorg Med Chem Lett";"2012";"CHEMBL3833782";"";"";""
"CHEMBL1796763";"";"None";"498.00";"0";"4.34";"32";"CNC(=O)c1ccc2c(c1)OCCc1cc(C(=O)N(C)c3cc(C(=O)N(C)C)ccc3Cl)sc1-2";"Ki";"'='";"204.0";"nM";"6.69";"";"";"UO_0000065";"13.43";"0.27";"2.35";"8.47";"0";"CHEMBL1954961";"Apparent binding affinity to PI3Kbeta using PIP3 as substrate after 30 mins by fluorescence polarization assay";"B";"BAO_0000357";"single protein format";"None";"None";"None";"None";"None";"";"";"";"CHEMBL3145";"PI3-kinase p110-beta subunit";"Homo sapiens";"SINGLE PROTEIN";"CHEMBL1949622";"1";"Scientific Literature";"J Med Chem";"2011";"None";"";"";""
"CHEMBL2165035";"";"None";"335.35";"0";"3.19";"15";"Cc1nc(N)c(F)c(-c2cccnc2Nc2cccc3[nH]ncc23)n1";"Ki";"'='";"990.0";"nM";"6.00";"";"";"UO_0000065";"17.90";"0.33";"2.81";"5.70";"0";"CHEMBL2166656";"Inhibition of human N-terminal poly-His tagged-PI3Kbeta expressed in Sf9 baculovirus system co-expressing p85alpha after 20 mins by AlphaScreen assay";"B";"BAO_0000219";"cell-based format";"Homo sapiens";"None";"None";"Sf9";"None";"";"";"";"CHEMBL3145";"PI3-kinase p110-beta subunit";"Homo sapiens";"SINGLE PROTEIN";"CHEMBL2163268";"1";"Scientific Literature";"J Med Chem";"2012";"CHEMBL3308860";"";"";""
"CHEMBL3401985";"";"None";"437.45";"0";"4.11";"12";"Oc1cc([C@H]2C3CCC(CC3)[C@@H]2Nc2nc(-c3c[nH]c4ncc(F)cc34)ncc2F)[nH]n1";"Ki";"'>'";"4000.0";"nM";"";"";"";"UO_0000065";"";"";"";"";"0";"CHEMBL3406127";"Inhibition of PI3Kbeta (unknown origin)";"B";"BAO_0000357";"single protein format";"Homo sapiens";"None";"None";"None";"None";"";"";"";"CHEMBL3145";"PI3-kinase p110-beta subunit";"Homo sapiens";"SINGLE PROTEIN";"CHEMBL3399966";"1";"Scientific Literature";"Bioorg Med Chem Lett";"2015";"None";"";"";""
"CHEMBL2165269";"";"None";"309.33";"0";"1.97";"12";"COc1ccc(Nc2ncccc2-c2nc(C)nc(N)n2)cn1";"Ki";"'='";"23.0";"nM";"7.64";"";"";"UO_0000065";"24.69";"0.45";"5.67";"6.84";"0";"CHEMBL2166656";"Inhibition of human N-terminal poly-His tagged-PI3Kbeta expressed in Sf9 baculovirus system co-expressing p85alpha after 20 mins by AlphaScreen assay";"B";"BAO_0000219";"cell-based format";"Homo sapiens";"None";"None";"Sf9";"None";"";"";"";"CHEMBL3145";"PI3-kinase p110-beta subunit";"Homo sapiens";"SINGLE PROTEIN";"CHEMBL2163268";"1";"Scientific Literature";"J Med Chem";"2012";"CHEMBL3308860";"";"";""
"CHEMBL2165015";"";"None";"465.52";"1";"1.86";"52";"COC(=O)N1CCN(Cc2cnc(Nc3ccc(OC)nc3)c(-c3nc(C)nc(N)n3)c2)CC1";"Ki";"'='";"18.0";"nM";"7.75";"";"";"UO_0000065";"16.64";"0.31";"5.88";"5.36";"0";"CHEMBL2166656";"Inhibition of human N-terminal poly-His tagged-PI3Kbeta expressed in Sf9 baculovirus system co-expressing p85alpha after 20 mins by AlphaScreen assay";"B";"BAO_0000219";"cell-based format";"Homo sapiens";"None";"None";"Sf9";"None";"";"";"";"CHEMBL3145";"PI3-kinase p110-beta subunit";"Homo sapiens";"SINGLE PROTEIN";"CHEMBL2163268";"1";"Scientific Literature";"J Med Chem";"2012";"CHEMBL3308860";"";"";""
"CHEMBL2165013";"";"None";"407.48";"0";"1.38";"50";"COc1ccc(Nc2ncc(CN3CCNCC3)cc2-c2nc(C)nc(N)n2)cn1";"Ki";"'='";"17.0";"nM";"7.77";"";"";"UO_0000065";"19.07";"0.35";"6.39";"6.12";"0";"CHEMBL2166656";"Inhibition of human N-terminal poly-His tagged-PI3Kbeta expressed in Sf9 baculovirus system co-expressing p85alpha after 20 mins by AlphaScreen assay";"B";"BAO_0000219";"cell-based format";"Homo sapiens";"None";"None";"Sf9";"None";"";"";"";"CHEMBL3145";"PI3-kinase p110-beta subunit";"Homo sapiens";"SINGLE PROTEIN";"CHEMBL2163268";"1";"Scientific Literature";"J Med Chem";"2012";"CHEMBL3308860";"";"";""
"CHEMBL2165010";"";"None";"408.47";"0";"1.80";"47";"COc1ccc(Nc2ncc(CN3CCOCC3)cc2-c2nc(C)nc(N)n2)cn1";"Ki";"'='";"7.0";"nM";"8.15";"";"";"UO_0000065";"19.96";"0.37";"6.35";"6.57";"0";"CHEMBL2166656";"Inhibition of human N-terminal poly-His tagged-PI3Kbeta expressed in Sf9 baculovirus system co-expressing p85alpha after 20 mins by AlphaScreen assay";"B";"BAO_0000219";"cell-based format";"Homo sapiens";"None";"None";"Sf9";"None";"";"";"";"CHEMBL3145";"PI3-kinase p110-beta subunit";"Homo sapiens";"SINGLE PROTEIN";"CHEMBL2163268";"1";"Scientific Literature";"J Med Chem";"2012";"CHEMBL3308860";"";"";""
"CHEMBL2165027";"";"None";"353.39";"0";"2.12";"37";"COCc1cnc(Nc2ccc(OC)nc2)c(-c2nc(C)nc(N)n2)c1";"Ki";"'='";"20.0";"nM";"7.70";"";"";"UO_0000065";"21.79";"0.40";"5.58";"6.36";"0";"CHEMBL2166656";"Inhibition of human N-terminal poly-His tagged-PI3Kbeta expressed in Sf9 baculovirus system co-expressing p85alpha after 20 mins by AlphaScreen assay";"B";"BAO_0000219";"cell-based format";"Homo sapiens";"None";"None";"Sf9";"None";"";"";"";"CHEMBL3145";"PI3-kinase p110-beta subunit";"Homo sapiens";"SINGLE PROTEIN";"CHEMBL2163268";"1";"Scientific Literature";"J Med Chem";"2012";"CHEMBL3308860";"";"";""
"CHEMBL2165041";"";"None";"319.33";"0";"2.56";"21";"COc1ccc(Nc2ncccc2-c2ncnc3nc[nH]c23)cn1";"Ki";"'>'";"10000.0";"nM";"";"";"";"UO_0000065";"";"";"";"";"0";"CHEMBL2166656";"Inhibition of human N-terminal poly-His tagged-PI3Kbeta expressed in Sf9 baculovirus system co-expressing p85alpha after 20 mins by AlphaScreen assay";"B";"BAO_0000219";"cell-based format";"Homo sapiens";"None";"None";"Sf9";"None";"";"";"";"CHEMBL3145";"PI3-kinase p110-beta subunit";"Homo sapiens";"SINGLE PROTEIN";"CHEMBL2163268";"1";"Scientific Literature";"J Med Chem";"2012";"CHEMBL3308860";"";"";""
"CHEMBL3401976";"";"None";"435.37";"0";"3.44";"3";"O=P(O)(O)[C@H]1C2CCC(CC2)[C@@H]1Nc1nc(-c2c[nH]c3ncc(F)cc23)ncc1F";"Ki";"'>'";"4000.0";"nM";"";"";"";"UO_0000065";"";"";"";"";"0";"CHEMBL3406127";"Inhibition of PI3Kbeta (unknown origin)";"B";"BAO_0000357";"single protein format";"Homo sapiens";"None";"None";"None";"None";"";"";"";"CHEMBL3145";"PI3-kinase p110-beta subunit";"Homo sapiens";"SINGLE PROTEIN";"CHEMBL3399966";"1";"Scientific Literature";"Bioorg Med Chem Lett";"2015";"None";"";"";""
"CHEMBL3401979";"";"None";"438.44";"0";"4.38";"6";"Oc1cc([C@H]2C3CCC(CC3)[C@@H]2Nc2nc(-c3c[nH]c4ncc(F)cc34)ncc2F)no1";"Ki";"'>'";"4000.0";"nM";"";"";"";"UO_0000065";"";"";"";"";"0";"CHEMBL3406127";"Inhibition of PI3Kbeta (unknown origin)";"B";"BAO_0000357";"single protein format";"Homo sapiens";"None";"None";"None";"None";"";"";"";"CHEMBL3145";"PI3-kinase p110-beta subunit";"Homo sapiens";"SINGLE PROTEIN";"CHEMBL3399966";"1";"Scientific Literature";"Bioorg Med Chem Lett";"2015";"None";"";"";""
"CHEMBL3401988";"";"None";"437.45";"0";"4.37";"15";"Cc1noc([C@H]2C3CCC(CC3)[C@@H]2Nc2nc(-c3c[nH]c4ncc(F)cc34)ncc2F)n1";"Ki";"'='";"2300.0";"nM";"5.64";"";"";"UO_0000065";"12.89";"0.24";"1.27";"5.35";"0";"CHEMBL3406127";"Inhibition of PI3Kbeta (unknown origin)";"B";"BAO_0000357";"single protein format";"Homo sapiens";"None";"None";"None";"None";"";"";"";"CHEMBL3145";"PI3-kinase p110-beta subunit";"Homo sapiens";"SINGLE PROTEIN";"CHEMBL3399966";"1";"Scientific Literature";"Bioorg Med Chem Lett";"2015";"None";"";"";""
"CHEMBL2165021";"";"None";"309.33";"0";"1.97";"31";"COc1ccc(Nc2nccnc2-c2cc(N)nc(C)n2)cn1";"Ki";"'='";"130.0";"nM";"6.89";"";"";"UO_0000065";"22.26";"0.41";"4.92";"6.16";"0";"CHEMBL2166656";"Inhibition of human N-terminal poly-His tagged-PI3Kbeta expressed in Sf9 baculovirus system co-expressing p85alpha after 20 mins by AlphaScreen assay";"B";"BAO_0000219";"cell-based format";"Homo sapiens";"None";"None";"Sf9";"None";"";"";"";"CHEMBL3145";"PI3-kinase p110-beta subunit";"Homo sapiens";"SINGLE PROTEIN";"CHEMBL2163268";"1";"Scientific Literature";"J Med Chem";"2012";"CHEMBL3308860";"";"";""
"CHEMBL2165036";"";"None";"371.33";"0";"3.76";"16";"Nc1cc(-c2cccnc2Nc2cccc3[nH]ncc23)nc(C(F)(F)F)n1";"Ki";"'='";"1300.0";"nM";"5.89";"";"";"UO_0000065";"15.85";"0.30";"2.13";"5.58";"0";"CHEMBL2166656";"Inhibition of human N-terminal poly-His tagged-PI3Kbeta expressed in Sf9 baculovirus system co-expressing p85alpha after 20 mins by AlphaScreen assay";"B";"BAO_0000219";"cell-based format";"Homo sapiens";"None";"None";"Sf9";"None";"";"";"";"CHEMBL3145";"PI3-kinase p110-beta subunit";"Homo sapiens";"SINGLE PROTEIN";"CHEMBL2163268";"1";"Scientific Literature";"J Med Chem";"2012";"CHEMBL3308860";"";"";""
"CHEMBL2165053";"";"None";"318.34";"0";"2.44";"10";"Cc1nc(N)nc(-c2cccnc2Nc2cccc3[nH]ncc23)n1";"Ki";"'='";"51.0";"nM";"7.29";"";"";"UO_0000065";"22.91";"0.41";"4.85";"6.16";"0";"CHEMBL2166656";"Inhibition of human N-terminal poly-His tagged-PI3Kbeta expressed in Sf9 baculovirus system co-expressing p85alpha after 20 mins by AlphaScreen assay";"B";"BAO_0000219";"cell-based format";"Homo sapiens";"None";"None";"Sf9";"None";"";"";"";"CHEMBL3145";"PI3-kinase p110-beta subunit";"Homo sapiens";"SINGLE PROTEIN";"CHEMBL2163268";"1";"Scientific Literature";"J Med Chem";"2012";"CHEMBL3308860";"";"";""
"CHEMBL1949915";"";"None";"489.63";"0";"1.78";"13";"CS(=O)(=O)N1CCC(Cc2cc3c(N4CCOCC4)nc(-c4cnc(N)nc4)nc3s2)CC1";"Ki";"'='";"25.0";"nM";"7.60";"";"";"UO_0000065";"15.53";"0.31";"5.82";"5.97";"0";"CHEMBL1954961";"Apparent binding affinity to PI3Kbeta using PIP3 as substrate after 30 mins by fluorescence polarization assay";"B";"BAO_0000357";"single protein format";"None";"None";"None";"None";"None";"";"";"";"CHEMBL3145";"PI3-kinase p110-beta subunit";"Homo sapiens";"SINGLE PROTEIN";"CHEMBL1949622";"1";"Scientific Literature";"J Med Chem";"2011";"None";"";"";""
"CHEMBL1949920";"";"None";"435.94";"1";"5.67";"19";"CN(C(=O)c1cc2c(s1)-c1ccc(-c3ccn[nH]3)cc1OCC2)c1ccccc1Cl";"Ki";"'='";"247.0";"nM";"6.61";"";"";"UO_0000065";"15.16";"0.30";"0.94";"11.35";"0";"CHEMBL1954961";"Apparent binding affinity to PI3Kbeta using PIP3 as substrate after 30 mins by fluorescence polarization assay";"B";"BAO_0000357";"single protein format";"None";"None";"None";"None";"None";"";"";"";"CHEMBL3145";"PI3-kinase p110-beta subunit";"Homo sapiens";"SINGLE PROTEIN";"CHEMBL1949622";"1";"Scientific Literature";"J Med Chem";"2011";"None";"";"";""
"CHEMBL2165007";"";"None";"477.55";"0";"2.97";"62";"COc1ccc(Nc2ncc(Cc3ccc(S(C)(=O)=O)cc3)cc2-c2nc(C)nc(N)n2)cn1";"Ki";"'='";"2.0";"nM";"8.70";"";"";"UO_0000065";"18.22";"0.35";"5.73";"5.96";"0";"CHEMBL2166656";"Inhibition of human N-terminal poly-His tagged-PI3Kbeta expressed in Sf9 baculovirus system co-expressing p85alpha after 20 mins by AlphaScreen assay";"B";"BAO_0000219";"cell-based format";"Homo sapiens";"None";"None";"Sf9";"None";"";"";"";"CHEMBL3145";"PI3-kinase p110-beta subunit";"Homo sapiens";"SINGLE PROTEIN";"CHEMBL2163268";"1";"Scientific Literature";"J Med Chem";"2012";"CHEMBL3308860";"";"";""
"CHEMBL2171930";"";"None";"477.55";"1";"5.61";"59";"Cc1c(-c2ccccn2)nc2cc(F)ccc2c1N1CC(C)(C)c2ncc(-c3ccnc(N)n3)cc21";"Ki";"'='";"18.0";"nM";"7.75";"";"";"UO_0000065";"16.22";"0.29";"2.13";"8.26";"0";"CHEMBL2174951";"Inhibition of PI3Kbeta using phosphatidylinositol-4,5-bisphosphate by ATP bioluminescence assay";"B";"BAO_0000357";"single protein format";"None";"None";"None";"None";"None";"";"";"";"CHEMBL3145";"PI3-kinase p110-beta subunit";"Homo sapiens";"SINGLE PROTEIN";"CHEMBL2169853";"1";"Scientific Literature";"J Med Chem";"2012";"None";"";"";""
"CHEMBL1949925";"";"None";"504.01";"2";"6.57";"26";"CN(C(=O)c1cc2c(s1)-c1ccc(-c3cccc(CC(=O)O)c3)cc1OCC2)c1ccccc1Cl";"Ki";"'='";"2900.0";"nM";"5.54";"";"";"UO_0000065";"10.99";"0.22";"-1.03";"8.28";"0";"CHEMBL1954961";"Apparent binding affinity to PI3Kbeta using PIP3 as substrate after 30 mins by fluorescence polarization assay";"B";"BAO_0000357";"single protein format";"None";"None";"None";"None";"None";"";"";"";"CHEMBL3145";"PI3-kinase p110-beta subunit";"Homo sapiens";"SINGLE PROTEIN";"CHEMBL1949622";"1";"Scientific Literature";"J Med Chem";"2011";"None";"";"";""
"CHEMBL1949913";"";"None";"426.55";"0";"1.31";"11";"CN1CCN(Cc2cc3c(N4CCOCC4)nc(-c4cnc(N)nc4)nc3s2)CC1";"Ki";"'='";"7.0";"nM";"8.15";"";"";"UO_0000065";"19.12";"0.37";"6.84";"8.45";"0";"CHEMBL1954961";"Apparent binding affinity to PI3Kbeta using PIP3 as substrate after 30 mins by fluorescence polarization assay";"B";"BAO_0000357";"single protein format";"None";"None";"None";"None";"None";"";"";"";"CHEMBL3145";"PI3-kinase p110-beta subunit";"Homo sapiens";"SINGLE PROTEIN";"CHEMBL1949622";"1";"Scientific Literature";"J Med Chem";"2011";"None";"";"";""
"CHEMBL2165018";"";"None";"514.62";"2";"0.90";"55";"COc1ccc(Nc2ncc(CN3CCN(S(=O)(=O)N(C)C)CC3)cc2-c2nc(C)nc(N)n2)cn1";"Ki";"'='";"7.0";"nM";"8.15";"";"";"UO_0000065";"15.85";"0.31";"7.25";"5.24";"0";"CHEMBL2166656";"Inhibition of human N-terminal poly-His tagged-PI3Kbeta expressed in Sf9 baculovirus system co-expressing p85alpha after 20 mins by AlphaScreen assay";"B";"BAO_0000219";"cell-based format";"Homo sapiens";"None";"None";"Sf9";"None";"";"";"";"CHEMBL3145";"PI3-kinase p110-beta subunit";"Homo sapiens";"SINGLE PROTEIN";"CHEMBL2163268";"1";"Scientific Literature";"J Med Chem";"2012";"CHEMBL3308860";"";"";""
"CHEMBL2071331";"";"None";"335.41";"0";"2.35";"7e";"CC(=O)Nc1nc(C)c(-c2ccc(S(C)(=O)=O)c(C#N)c2)s1";"Ki";"'='";"760.0";"nM";"6.12";"";"";"UO_0000065";"18.24";"0.38";"3.77";"6.12";"0";"CHEMBL2072999";"Inhibition of recombinant GST-tagged PI3K p110beta using [32P]ATP after 60 mins by scintillation proximity assay";"B";"BAO_0000357";"single protein format";"Homo sapiens";"None";"None";"None";"None";"";"";"";"CHEMBL3145";"PI3-kinase p110-beta subunit";"Homo sapiens";"SINGLE PROTEIN";"CHEMBL2069199";"1";"Scientific Literature";"Bioorg Med Chem Lett";"2012";"None";"";"";""
"CHEMBL2071335";"";"None";"408.51";"0";"2.00";"18";"Cc1nc(NC(=O)N2CCC[C@H]2C(N)=O)sc1-c1ccc(S(C)(=O)=O)cc1";"Ki";"'>'";"10000.0";"nM";"";"";"";"UO_0000065";"";"";"";"";"0";"CHEMBL2072999";"Inhibition of recombinant GST-tagged PI3K p110beta using [32P]ATP after 60 mins by scintillation proximity assay";"B";"BAO_0000357";"single protein format";"Homo sapiens";"None";"None";"None";"None";"";"";"";"CHEMBL3145";"PI3-kinase p110-beta subunit";"Homo sapiens";"SINGLE PROTEIN";"CHEMBL2069199";"1";"Scientific Literature";"Bioorg Med Chem Lett";"2012";"None";"";"";""
"CHEMBL1986603";"";"None";"451.51";"0";"3.75";"24, NVS-P13-3";"Cc1cc(NC(=O)CCNC(=O)Nc2nc(C)c(-c3ccc(-n4cccn4)cc3)s2)no1";"Ki";"'='";"340.0";"nM";"6.47";"";"";"UO_0000065";"14.33";"0.28";"2.72";"5.09";"0";"CHEMBL2072999";"Inhibition of recombinant GST-tagged PI3K p110beta using [32P]ATP after 60 mins by scintillation proximity assay";"B";"BAO_0000357";"single protein format";"Homo sapiens";"None";"None";"None";"None";"";"";"";"CHEMBL3145";"PI3-kinase p110-beta subunit";"Homo sapiens";"SINGLE PROTEIN";"CHEMBL2069199";"1";"Scientific Literature";"Bioorg Med Chem Lett";"2012";"None";"";"";""
"CHEMBL2071326";"";"None";"311.39";"0";"1.72";"1";"CC(=O)Nc1nc(C)c(-c2ccc(S(N)(=O)=O)cc2)s1";"Ki";"'='";"1430.0";"nM";"5.84";"";"";"UO_0000065";"18.77";"0.40";"4.12";"5.72";"0";"CHEMBL2072999";"Inhibition of recombinant GST-tagged PI3K p110beta using [32P]ATP after 60 mins by scintillation proximity assay";"B";"BAO_0000357";"single protein format";"Homo sapiens";"None";"None";"None";"None";"";"";"";"CHEMBL3145";"PI3-kinase p110-beta subunit";"Homo sapiens";"SINGLE PROTEIN";"CHEMBL2069199";"1";"Scientific Literature";"Bioorg Med Chem Lett";"2012";"None";"";"";""
"CHEMBL2071328";"";"None";"344.85";"0";"3.13";"7b";"CC(=O)Nc1nc(C)c(-c2ccc(S(C)(=O)=O)c(Cl)c2)s1";"Ki";"'='";"1300.0";"nM";"5.89";"";"";"UO_0000065";"17.07";"0.38";"2.76";"7.73";"0";"CHEMBL2072999";"Inhibition of recombinant GST-tagged PI3K p110beta using [32P]ATP after 60 mins by scintillation proximity assay";"B";"BAO_0000357";"single protein format";"Homo sapiens";"None";"None";"None";"None";"";"";"";"CHEMBL3145";"PI3-kinase p110-beta subunit";"Homo sapiens";"SINGLE PROTEIN";"CHEMBL2069199";"1";"Scientific Literature";"Bioorg Med Chem Lett";"2012";"None";"";"";""
"CHEMBL1949912";"";"None";"314.37";"0";"1.57";"10";"Nc1ncc(-c2nc(N3CCOCC3)c3ccsc3n2)cn1";"Ki";"'='";"41.0";"nM";"7.39";"";"";"UO_0000065";"23.50";"0.46";"5.82";"8.20";"0";"CHEMBL1954961";"Apparent binding affinity to PI3Kbeta using PIP3 as substrate after 30 mins by fluorescence polarization assay";"B";"BAO_0000357";"single protein format";"None";"None";"None";"None";"None";"";"";"";"CHEMBL3145";"PI3-kinase p110-beta subunit";"Homo sapiens";"SINGLE PROTEIN";"CHEMBL1949622";"1";"Scientific Literature";"J Med Chem";"2011";"None";"";"";""
"CHEMBL1950036";"";"None";"394.88";"1";"5.15";"30";"CN(C(=O)c1cc2c(s1)-c1cc(C#N)ccc1OCC2)c1ccccc1Cl";"Ki";"'='";"144.0";"nM";"6.84";"";"";"UO_0000065";"17.33";"0.35";"1.69";"12.83";"0";"CHEMBL1954961";"Apparent binding affinity to PI3Kbeta using PIP3 as substrate after 30 mins by fluorescence polarization assay";"B";"BAO_0000357";"single protein format";"None";"None";"None";"None";"None";"";"";"";"CHEMBL3145";"PI3-kinase p110-beta subunit";"Homo sapiens";"SINGLE PROTEIN";"CHEMBL1949622";"1";"Scientific Literature";"J Med Chem";"2011";"None";"";"";""
"CHEMBL1796761";"";"None";"498.00";"0";"4.34";"31";"CNC(=O)c1ccc2c(c1)OCCc1cc(C(=O)N(C)c3ccc(C(=O)N(C)C)cc3Cl)sc1-2";"Ki";"'='";"19.0";"nM";"7.72";"";"";"UO_0000065";"15.50";"0.31";"3.38";"9.78";"0";"CHEMBL1954961";"Apparent binding affinity to PI3Kbeta using PIP3 as substrate after 30 mins by fluorescence polarization assay";"B";"BAO_0000357";"single protein format";"None";"None";"None";"None";"None";"";"";"";"CHEMBL3145";"PI3-kinase p110-beta subunit";"Homo sapiens";"SINGLE PROTEIN";"CHEMBL1949622";"1";"Scientific Literature";"J Med Chem";"2011";"None";"";"";""
"CHEMBL2165033";"";"None";"389.42";"0";"2.37";"43";"COc1ccc(Nc2ncc(-c3cnn(C)c3)cc2-c2nc(C)nc(N)n2)cn1";"Ki";"'='";"6.0";"nM";"8.22";"";"";"UO_0000065";"21.11";"0.39";"5.85";"6.35";"0";"CHEMBL2166656";"Inhibition of human N-terminal poly-His tagged-PI3Kbeta expressed in Sf9 baculovirus system co-expressing p85alpha after 20 mins by AlphaScreen assay";"B";"BAO_0000219";"cell-based format";"Homo sapiens";"None";"None";"Sf9";"None";"";"";"";"CHEMBL3145";"PI3-kinase p110-beta subunit";"Homo sapiens";"SINGLE PROTEIN";"CHEMBL2163268";"1";"Scientific Literature";"J Med Chem";"2012";"CHEMBL3308860";"";"";""
"CHEMBL2165005";"";"None";"456.53";"1";"1.20";"60";"COc1ccc(Nc2ncc(CN3CCS(=O)(=O)CC3)cc2-c2nc(C)nc(N)n2)cn1";"Ki";"'='";"13.0";"nM";"7.89";"";"";"UO_0000065";"17.27";"0.34";"6.69";"5.29";"0";"CHEMBL2166656";"Inhibition of human N-terminal poly-His tagged-PI3Kbeta expressed in Sf9 baculovirus system co-expressing p85alpha after 20 mins by AlphaScreen assay";"B";"BAO_0000219";"cell-based format";"Homo sapiens";"None";"None";"Sf9";"None";"";"";"";"CHEMBL3145";"PI3-kinase p110-beta subunit";"Homo sapiens";"SINGLE PROTEIN";"CHEMBL2163268";"1";"Scientific Literature";"J Med Chem";"2012";"CHEMBL3308860";"";"";""
"CHEMBL3401983";"";"None";"434.47";"0";"2.56";"10, mixture of stereoisomers";"NS(=O)(=O)[C@H]1C2CCC(CC2)[C@@H]1Nc1nc(-c2c[nH]c3ncc(F)cc23)ncc1F";"Ki";"'>'";"4000.0";"nM";"";"";"";"UO_0000065";"";"";"";"";"0";"CHEMBL3406127";"Inhibition of PI3Kbeta (unknown origin)";"B";"BAO_0000357";"single protein format";"Homo sapiens";"None";"None";"None";"None";"";"";"";"CHEMBL3145";"PI3-kinase p110-beta subunit";"Homo sapiens";"SINGLE PROTEIN";"CHEMBL3399966";"1";"Scientific Literature";"Bioorg Med Chem Lett";"2015";"None";"";"";""
"CHEMBL1949921";"";"None";"394.88";"1";"5.15";"20";"CN(C(=O)c1cc2c(s1)-c1ccc(C#N)cc1OCC2)c1ccccc1Cl";"Ki";"'='";"582.0";"nM";"6.24";"";"";"UO_0000065";"15.79";"0.32";"1.09";"11.69";"0";"CHEMBL1954961";"Apparent binding affinity to PI3Kbeta using PIP3 as substrate after 30 mins by fluorescence polarization assay";"B";"BAO_0000357";"single protein format";"None";"None";"None";"None";"None";"";"";"";"CHEMBL3145";"PI3-kinase p110-beta subunit";"Homo sapiens";"SINGLE PROTEIN";"CHEMBL1949622";"1";"Scientific Literature";"J Med Chem";"2011";"None";"";"";""
"CHEMBL1949910";"";"None";"490.62";"1";"0.64";"8";"CS(=O)(=O)N1CCN(Cc2cc3c(N4CCOCC4)nc(-c4cnc(N)nc4)nc3s2)CC1";"Ki";"'='";"69.0";"nM";"7.16";"";"";"UO_0000065";"14.60";"0.30";"6.52";"5.48";"0";"CHEMBL1954961";"Apparent binding affinity to PI3Kbeta using PIP3 as substrate after 30 mins by fluorescence polarization assay";"B";"BAO_0000357";"single protein format";"None";"None";"None";"None";"None";"";"";"";"CHEMBL3145";"PI3-kinase p110-beta subunit";"Homo sapiens";"SINGLE PROTEIN";"CHEMBL1949622";"1";"Scientific Literature";"J Med Chem";"2011";"None";"";"";""
"CHEMBL2165020";"";"None";"484.59";"0";"2.19";"57";"COc1ccc(Nc2ncc(CC3CCN(S(C)(=O)=O)CC3)cc2-c2nc(C)nc(N)n2)cn1";"Ki";"'='";"15.0";"nM";"7.82";"";"";"UO_0000065";"16.15";"0.31";"5.63";"5.25";"0";"CHEMBL2166656";"Inhibition of human N-terminal poly-His tagged-PI3Kbeta expressed in Sf9 baculovirus system co-expressing p85alpha after 20 mins by AlphaScreen assay";"B";"BAO_0000219";"cell-based format";"Homo sapiens";"None";"None";"Sf9";"None";"";"";"";"CHEMBL3145";"PI3-kinase p110-beta subunit";"Homo sapiens";"SINGLE PROTEIN";"CHEMBL2163268";"1";"Scientific Literature";"J Med Chem";"2012";"CHEMBL3308860";"";"";""
"CHEMBL2165025";"";"None";"339.36";"0";"1.98";"35";"COc1cnc(Nc2ccc(OC)nc2)c(-c2nc(C)nc(N)n2)c1";"Ki";"'='";"15.0";"nM";"7.82";"";"";"UO_0000065";"23.05";"0.43";"5.84";"6.47";"0";"CHEMBL2166656";"Inhibition of human N-terminal poly-His tagged-PI3Kbeta expressed in Sf9 baculovirus system co-expressing p85alpha after 20 mins by AlphaScreen assay";"B";"BAO_0000219";"cell-based format";"Homo sapiens";"None";"None";"Sf9";"None";"";"";"";"CHEMBL3145";"PI3-kinase p110-beta subunit";"Homo sapiens";"SINGLE PROTEIN";"CHEMBL2163268";"1";"Scientific Literature";"J Med Chem";"2012";"CHEMBL3308860";"";"";""
"CHEMBL2165022";"";"None";"343.78";"0";"2.62";"32";"COc1ccc(Nc2ncc(Cl)cc2-c2nc(C)nc(N)n2)cn1";"Ki";"'='";"38.0";"nM";"7.42";"";"";"UO_0000065";"21.58";"0.42";"4.80";"6.64";"0";"CHEMBL2166656";"Inhibition of human N-terminal poly-His tagged-PI3Kbeta expressed in Sf9 baculovirus system co-expressing p85alpha after 20 mins by AlphaScreen assay";"B";"BAO_0000219";"cell-based format";"Homo sapiens";"None";"None";"Sf9";"None";"";"";"";"CHEMBL3145";"PI3-kinase p110-beta subunit";"Homo sapiens";"SINGLE PROTEIN";"CHEMBL2163268";"1";"Scientific Literature";"J Med Chem";"2012";"CHEMBL3308860";"";"";""
"CHEMBL2165046";"";"None";"308.35";"0";"2.58";"26";"COc1ccc(Nc2ccccc2-c2nc(C)nc(N)n2)cn1";"Ki";"'='";"580.0";"nM";"6.24";"";"";"UO_0000065";"20.23";"0.37";"3.66";"6.31";"0";"CHEMBL2166656";"Inhibition of human N-terminal poly-His tagged-PI3Kbeta expressed in Sf9 baculovirus system co-expressing p85alpha after 20 mins by AlphaScreen assay";"B";"BAO_0000219";"cell-based format";"Homo sapiens";"None";"None";"Sf9";"None";"";"";"";"CHEMBL3145";"PI3-kinase p110-beta subunit";"Homo sapiens";"SINGLE PROTEIN";"CHEMBL2163268";"1";"Scientific Literature";"J Med Chem";"2012";"CHEMBL3308860";"";"";""
"CHEMBL2171927";"";"None";"476.56";"1";"6.21";"44b";"Cc1c(-c2ccccn2)nc2cc(F)ccc2c1N1CC(C)(C)c2ccc(-c3ccnc(N)n3)cc21";"Ki";"'='";"54.0";"nM";"7.27";"";"";"UO_0000065";"15.25";"0.28";"1.06";"8.99";"0";"CHEMBL2174951";"Inhibition of PI3Kbeta using phosphatidylinositol-4,5-bisphosphate by ATP bioluminescence assay";"B";"BAO_0000357";"single protein format";"None";"None";"None";"None";"None";"";"";"";"CHEMBL3145";"PI3-kinase p110-beta subunit";"Homo sapiens";"SINGLE PROTEIN";"CHEMBL2169853";"1";"Scientific Literature";"J Med Chem";"2012";"None";"";"";""
"CHEMBL2206913";"";"None";"406.86";"0";"1.99";"3b";"Cc1nc(N)nc(-c2cccnc2Nc2cnc(Cl)c(NS(C)(=O)=O)c2)n1";"Ki";"'='";"4.4";"nM";"8.36";"";"";"UO_0000065";"20.54";"0.42";"6.37";"5.62";"0";"CHEMBL2214051";"Inhibition of human N-terminal polyHis-tagged PI3K p110beta expressed in baculovirus infected Hi5 cells using Phosphatidylinositol-4,5-bisphosphate as substrate after 20 mins by AlphaScreen assay";"B";"BAO_0000219";"cell-based format";"Homo sapiens";"None";"None";"BTI-TN-5B1-4";"None";"";"";"";"CHEMBL3145";"PI3-kinase p110-beta subunit";"Homo sapiens";"SINGLE PROTEIN";"CHEMBL2203208";"1";"Scientific Literature";"Bioorg Med Chem Lett";"2012";"CHEMBL3833782";"";"";""
"CHEMBL2165016";"";"None";"478.56";"0";"1.77";"53";"COc1ccc(Nc2ncc(CN3CCN(C(=O)N(C)C)CC3)cc2-c2nc(C)nc(N)n2)cn1";"Ki";"'='";"16.0";"nM";"7.80";"";"";"UO_0000065";"16.29";"0.30";"6.03";"5.63";"0";"CHEMBL2166656";"Inhibition of human N-terminal poly-His tagged-PI3Kbeta expressed in Sf9 baculovirus system co-expressing p85alpha after 20 mins by AlphaScreen assay";"B";"BAO_0000219";"cell-based format";"Homo sapiens";"None";"None";"Sf9";"None";"";"";"";"CHEMBL3145";"PI3-kinase p110-beta subunit";"Homo sapiens";"SINGLE PROTEIN";"CHEMBL2163268";"1";"Scientific Literature";"J Med Chem";"2012";"CHEMBL3308860";"";"";""
"CHEMBL2165032";"";"None";"400.45";"0";"3.34";"42";"COc1ccc(Nc2ncc(-c3ccc(C)nc3)cc2-c2nc(C)nc(N)n2)cn1";"Ki";"'='";"89.0";"nM";"7.05";"";"";"UO_0000065";"17.61";"0.32";"3.71";"5.66";"0";"CHEMBL2166656";"Inhibition of human N-terminal poly-His tagged-PI3Kbeta expressed in Sf9 baculovirus system co-expressing p85alpha after 20 mins by AlphaScreen assay";"B";"BAO_0000219";"cell-based format";"Homo sapiens";"None";"None";"Sf9";"None";"";"";"";"CHEMBL3145";"PI3-kinase p110-beta subunit";"Homo sapiens";"SINGLE PROTEIN";"CHEMBL2163268";"1";"Scientific Literature";"J Med Chem";"2012";"CHEMBL3308860";"";"";""
"CHEMBL2165028";"";"None";"396.46";"0";"1.71";"38";"COCCNCc1cnc(Nc2ccc(OC)nc2)c(-c2nc(C)nc(N)n2)c1";"Ki";"'='";"67.0";"nM";"7.17";"";"";"UO_0000065";"18.09";"0.34";"5.46";"5.39";"0";"CHEMBL2166656";"Inhibition of human N-terminal poly-His tagged-PI3Kbeta expressed in Sf9 baculovirus system co-expressing p85alpha after 20 mins by AlphaScreen assay";"B";"BAO_0000219";"cell-based format";"Homo sapiens";"None";"None";"Sf9";"None";"";"";"";"CHEMBL3145";"PI3-kinase p110-beta subunit";"Homo sapiens";"SINGLE PROTEIN";"CHEMBL2163268";"1";"Scientific Literature";"J Med Chem";"2012";"CHEMBL3308860";"";"";""
"CHEMBL2071334";"";"None";"274.35";"0";"3.28";"15";"CC(=O)Nc1nc(C)c(-c2ccc(C(C)=O)cc2)s1";"Ki";"'='";"1940.0";"nM";"5.71";"";"";"UO_0000065";"20.82";"0.41";"2.43";"9.67";"0";"CHEMBL2072999";"Inhibition of recombinant GST-tagged PI3K p110beta using [32P]ATP after 60 mins by scintillation proximity assay";"B";"BAO_0000357";"single protein format";"Homo sapiens";"None";"None";"None";"None";"";"";"";"CHEMBL3145";"PI3-kinase p110-beta subunit";"Homo sapiens";"SINGLE PROTEIN";"CHEMBL2069199";"1";"Scientific Literature";"Bioorg Med Chem Lett";"2012";"None";"";"";""
"CHEMBL1949917";"";"None";"435.54";"0";"0.96";"15";"CN(Cc1cc2c(N3CCOCC3)nc(-c3cnc(N)nc3)nc2s1)S(C)(=O)=O";"Ki";"'='";"39.0";"nM";"7.41";"";"";"UO_0000065";"17.01";"0.35";"6.45";"5.81";"0";"CHEMBL1954961";"Apparent binding affinity to PI3Kbeta using PIP3 as substrate after 30 mins by fluorescence polarization assay";"B";"BAO_0000357";"single protein format";"None";"None";"None";"None";"None";"";"";"";"CHEMBL3145";"PI3-kinase p110-beta subunit";"Homo sapiens";"SINGLE PROTEIN";"CHEMBL1949622";"1";"Scientific Literature";"J Med Chem";"2011";"None";"";"";""
"CHEMBL1949918";"";"None";"483.60";"0";"1.37";"16";"CN(C)C(=O)N1CCN(Cc2cc3c(N4CCOCC4)nc(-c4cnc(N)nc4)nc3s2)CC1";"Ki";"'='";"108.0";"nM";"6.97";"";"";"UO_0000065";"14.41";"0.28";"5.60";"5.96";"0";"CHEMBL1954961";"Apparent binding affinity to PI3Kbeta using PIP3 as substrate after 30 mins by fluorescence polarization assay";"B";"BAO_0000357";"single protein format";"None";"None";"None";"None";"None";"";"";"";"CHEMBL3145";"PI3-kinase p110-beta subunit";"Homo sapiens";"SINGLE PROTEIN";"CHEMBL1949622";"1";"Scientific Literature";"J Med Chem";"2011";"None";"";"";""
"CHEMBL1949919";"";"None";"468.56";"0";"2.64";"17";"CS(=O)(=O)c1cccc(-c2cc3c(N4CCOCC4)nc(-c4cnc(N)nc4)nc3s2)c1";"Ki";"'='";"43.0";"nM";"7.37";"";"";"UO_0000065";"15.72";"0.31";"4.73";"5.93";"0";"CHEMBL1954961";"Apparent binding affinity to PI3Kbeta using PIP3 as substrate after 30 mins by fluorescence polarization assay";"B";"BAO_0000357";"single protein format";"None";"None";"None";"None";"None";"";"";"";"CHEMBL3145";"PI3-kinase p110-beta subunit";"Homo sapiens";"SINGLE PROTEIN";"CHEMBL1949622";"1";"Scientific Literature";"J Med Chem";"2011";"None";"";"";""
"CHEMBL1615182";"";"None";"358.36";"0";"2.60";"5";"N#CCNc1ncnc(-n2c(Nc3cccc(O)c3)nc3ccccc32)n1";"Ki";"'='";"190.0";"nM";"6.72";"";"";"UO_0000065";"18.76";"0.34";"4.12";"5.40";"0";"CHEMBL2166656";"Inhibition of human N-terminal poly-His tagged-PI3Kbeta expressed in Sf9 baculovirus system co-expressing p85alpha after 20 mins by AlphaScreen assay";"B";"BAO_0000219";"cell-based format";"Homo sapiens";"None";"None";"Sf9";"None";"";"";"";"CHEMBL3145";"PI3-kinase p110-beta subunit";"Homo sapiens";"SINGLE PROTEIN";"CHEMBL2163268";"1";"Scientific Literature";"J Med Chem";"2012";"CHEMBL3308860";"";"";""
"CHEMBL3401984";"";"None";"415.44";"0";"2.87";"11";"OCC(O)[C@H]1C2CCC(CC2)[C@@H]1Nc1nc(-c2c[nH]c3ncc(F)cc23)ncc1F";"Ki";"'='";"2500.0";"nM";"5.60";"";"";"UO_0000065";"13.48";"0.26";"2.73";"5.24";"0";"CHEMBL3406127";"Inhibition of PI3Kbeta (unknown origin)";"B";"BAO_0000357";"single protein format";"Homo sapiens";"None";"None";"None";"None";"";"";"";"CHEMBL3145";"PI3-kinase p110-beta subunit";"Homo sapiens";"SINGLE PROTEIN";"CHEMBL3399966";"1";"Scientific Literature";"Bioorg Med Chem Lett";"2015";"None";"";"";""
"CHEMBL3401989";"";"None";"437.45";"0";"4.37";"16";"Cc1nnc([C@H]2C3CCC(CC3)[C@@H]2Nc2nc(-c3c[nH]c4ncc(F)cc34)ncc2F)o1";"Ki";"'>'";"4000.0";"nM";"";"";"";"UO_0000065";"";"";"";"";"0";"CHEMBL3406127";"Inhibition of PI3Kbeta (unknown origin)";"B";"BAO_0000357";"single protein format";"Homo sapiens";"None";"None";"None";"None";"";"";"";"CHEMBL3145";"PI3-kinase p110-beta subunit";"Homo sapiens";"SINGLE PROTEIN";"CHEMBL3399966";"1";"Scientific Literature";"Bioorg Med Chem Lett";"2015";"None";"";"";""
"CHEMBL2387080";"TASELISIB";"3.0";"460.54";"0";"3.17";"EUB0000685a";"Cc1nc(-c2cn3c(n2)-c2ccc(-c4cnn(C(C)(C)C(N)=O)c4)cc2OCC3)n(C(C)C)n1";"Ki";"'='";"9.1";"nM";"8.04";"";"";"UO_0000065";"17.46";"0.32";"4.87";"6.78";"0";"CHEMBL5210385";"Affinity Biochemical interaction (Enzymatic fluorescence polarization assay) EUB0000685a PIK3CB";"B";"BAO_0000357";"single protein format";"Homo sapiens";"None";"None";"None";"None";"Mode of action: Inhibitor | Protein family: Protein Kinase | Recommended concentration = 100.0 nM";"";"";"CHEMBL3145";"PI3-kinase p110-beta subunit";"Homo sapiens";"SINGLE PROTEIN";"CHEMBL5210307";"65";"Literature data from EUbOPEN Chemogenomic Library";"";"2023";"None";"Affinity Biochemical Source Knowledge: https://doi.org/10.1021/jm4003632";"INHIBITOR";""
"CHEMBL1236962";"OMIPALISIB";"2.0";"505.51";"1";"4.84";"EUB0000691a";"COc1ncc(-c2ccc3nccc(-c4ccnnc4)c3c2)cc1NS(=O)(=O)c1ccc(F)cc1F";"Ki";"'='";"0.13";"nM";"9.89";"";"";"UO_0000065";"19.56";"0.38";"5.05";"9.24";"0";"CHEMBL5210395";"Affinity Biochemical interaction (HTRF-based inhibition assay) EUB0000691a PIK3CB";"B";"BAO_0000357";"single protein format";"Homo sapiens";"None";"None";"None";"None";"Mode of action: Inhibitor | Protein family: Protein Kinase | Recommended concentration = 100.0 nM";"";"";"CHEMBL3145";"PI3-kinase p110-beta subunit";"Homo sapiens";"SINGLE PROTEIN";"CHEMBL5210307";"65";"Literature data from EUbOPEN Chemogenomic Library";"";"2023";"None";"Affinity Biochemical Source Knowledge: https://doi.org/10.1021/ml900028r";"INHIBITOR";""
"CHEMBL2071333";"";"None";"298.37";"0";"3.26";"11";"CC(=O)Nc1nc(C)c(-c2ccc(-n3cccn3)cc2)s1";"Ki";"'='";"410.0";"nM";"6.39";"";"";"UO_0000065";"21.41";"0.42";"3.13";"10.68";"0";"CHEMBL2072999";"Inhibition of recombinant GST-tagged PI3K p110beta using [32P]ATP after 60 mins by scintillation proximity assay";"B";"BAO_0000357";"single protein format";"Homo sapiens";"None";"None";"None";"None";"";"";"";"CHEMBL3145";"PI3-kinase p110-beta subunit";"Homo sapiens";"SINGLE PROTEIN";"CHEMBL2069199";"1";"Scientific Literature";"Bioorg Med Chem Lett";"2012";"None";"";"";""
"CHEMBL2071336";"";"None";"426.50";"0";"2.14";"19";"Cc1nc(NC(=O)N2CCC[C@H]2C(N)=O)sc1-c1ccc(S(C)(=O)=O)c(F)c1";"Ki";"'>'";"10000.0";"nM";"";"";"";"UO_0000065";"";"";"";"";"0";"CHEMBL2072999";"Inhibition of recombinant GST-tagged PI3K p110beta using [32P]ATP after 60 mins by scintillation proximity assay";"B";"BAO_0000357";"single protein format";"Homo sapiens";"None";"None";"None";"None";"";"";"";"CHEMBL3145";"PI3-kinase p110-beta subunit";"Homo sapiens";"SINGLE PROTEIN";"CHEMBL2069199";"1";"Scientific Literature";"Bioorg Med Chem Lett";"2012";"None";"";"";""
"CHEMBL2071337";"";"None";"476.50";"0";"3.02";"20";"Cc1nc(NC(=O)N2CCC[C@H]2C(N)=O)sc1-c1ccc(S(C)(=O)=O)c(C(F)(F)F)c1";"Ki";"'>'";"10000.0";"nM";"";"";"";"UO_0000065";"";"";"";"";"0";"CHEMBL2072999";"Inhibition of recombinant GST-tagged PI3K p110beta using [32P]ATP after 60 mins by scintillation proximity assay";"B";"BAO_0000357";"single protein format";"Homo sapiens";"None";"None";"None";"None";"";"";"";"CHEMBL3145";"PI3-kinase p110-beta subunit";"Homo sapiens";"SINGLE PROTEIN";"CHEMBL2069199";"1";"Scientific Literature";"Bioorg Med Chem Lett";"2012";"None";"";"";""
"CHEMBL2165014";"";"None";"421.51";"0";"1.72";"51";"COc1ccc(Nc2ncc(CN3CCN(C)CC3)cc2-c2nc(C)nc(N)n2)cn1";"Ki";"'='";"44.0";"nM";"7.36";"";"";"UO_0000065";"17.45";"0.32";"5.64";"6.22";"0";"CHEMBL2166656";"Inhibition of human N-terminal poly-His tagged-PI3Kbeta expressed in Sf9 baculovirus system co-expressing p85alpha after 20 mins by AlphaScreen assay";"B";"BAO_0000219";"cell-based format";"Homo sapiens";"None";"None";"Sf9";"None";"";"";"";"CHEMBL3145";"PI3-kinase p110-beta subunit";"Homo sapiens";"SINGLE PROTEIN";"CHEMBL2163268";"1";"Scientific Literature";"J Med Chem";"2012";"CHEMBL3308860";"";"";""
"CHEMBL2165012";"";"None";"422.49";"0";"1.79";"49";"COc1ccc(Nc2ncc(CN3CC[C@@H](CO)C3)cc2-c2nc(C)nc(N)n2)cn1";"Ki";"'='";"59.0";"nM";"7.23";"";"";"UO_0000065";"17.11";"0.32";"5.44";"5.35";"0";"CHEMBL2166656";"Inhibition of human N-terminal poly-His tagged-PI3Kbeta expressed in Sf9 baculovirus system co-expressing p85alpha after 20 mins by AlphaScreen assay";"B";"BAO_0000219";"cell-based format";"Homo sapiens";"None";"None";"Sf9";"None";"";"";"";"CHEMBL3145";"PI3-kinase p110-beta subunit";"Homo sapiens";"SINGLE PROTEIN";"CHEMBL2163268";"1";"Scientific Literature";"J Med Chem";"2012";"CHEMBL3308860";"";"";""
"CHEMBL1949924";"";"None";"455.97";"0";"3.97";"25";"CN(C(=O)c1cc2c(s1)-c1ccc(C(=O)NCCN)cc1OCC2)c1ccccc1Cl";"Ki";"'='";"31.0";"nM";"7.51";"";"";"UO_0000065";"16.47";"0.33";"3.54";"8.87";"0";"CHEMBL1954961";"Apparent binding affinity to PI3Kbeta using PIP3 as substrate after 30 mins by fluorescence polarization assay";"B";"BAO_0000357";"single protein format";"None";"None";"None";"None";"None";"";"";"";"CHEMBL3145";"PI3-kinase p110-beta subunit";"Homo sapiens";"SINGLE PROTEIN";"CHEMBL1949622";"1";"Scientific Literature";"J Med Chem";"2011";"None";"";"";""
"CHEMBL1796276";"";"None";"426.93";"0";"4.64";"22";"CNC(=O)c1ccc2c(c1)OCCc1cc(C(=O)N(C)c3ccccc3Cl)sc1-2";"Ki";"'='";"87.0";"nM";"7.06";"";"";"UO_0000065";"16.54";"0.33";"2.42";"12.04";"0";"CHEMBL1954961";"Apparent binding affinity to PI3Kbeta using PIP3 as substrate after 30 mins by fluorescence polarization assay";"B";"BAO_0000357";"single protein format";"None";"None";"None";"None";"None";"";"";"";"CHEMBL3145";"PI3-kinase p110-beta subunit";"Homo sapiens";"SINGLE PROTEIN";"CHEMBL1949622";"1";"Scientific Literature";"J Med Chem";"2011";"None";"";"";""
"CHEMBL1234354";"PF-04691502";"2.0";"425.49";"0";"2.25";"S2743";"COc1ccc(-c2cc3c(C)nc(N)nc3n([C@H]3CC[C@H](OCCO)CC3)c2=O)cn1";"Ki";"'='";"2.1";"nM";"8.68";"";"";"UO_0000065";"20.39";"0.38";"6.43";"6.92";"0";"CHEMBL5127275";"Inhibition of PI3Kbeta (unknown origin) expressed in baculovirus expression system using L-alpha-phosphatidylinositol as substrate by luminescence assay";"B";"BAO_0000019";"assay format";"Homo sapiens";"None";"None";"None";"None";"";"";"";"CHEMBL3145";"PI3-kinase p110-beta subunit";"Homo sapiens";"SINGLE PROTEIN";"CHEMBL5126514";"1";"Scientific Literature";"Eur J Med Chem";"2022";"None";"";"INHIBITOR";""
"CHEMBL3401982";"";"None";"439.43";"0";"3.36";"9";"O=c1nc([C@H]2C3CCC(CC3)[C@@H]2Nc2nc(-c3c[nH]c4ncc(F)cc34)ncc2F)[nH]o1";"Ki";"'>'";"4000.0";"nM";"";"";"";"UO_0000065";"";"";"";"";"0";"CHEMBL3406127";"Inhibition of PI3Kbeta (unknown origin)";"B";"BAO_0000357";"single protein format";"Homo sapiens";"None";"None";"None";"None";"";"";"";"CHEMBL3145";"PI3-kinase p110-beta subunit";"Homo sapiens";"SINGLE PROTEIN";"CHEMBL3399966";"1";"Scientific Literature";"Bioorg Med Chem Lett";"2015";"None";"";"";""
"CHEMBL2171928";"";"None";"490.59";"1";"6.52";"44c";"Cc1cc(-c2ccc3c(c2)N(c2c(C)c(-c4ccccn4)nc4cc(F)ccc24)CC3(C)C)nc(N)n1";"Ki";"'>'";"125000.0";"nM";"";"Outside typical range";"";"UO_0000065";"";"";"";"";"0";"CHEMBL2174951";"Inhibition of PI3Kbeta using phosphatidylinositol-4,5-bisphosphate by ATP bioluminescence assay";"B";"BAO_0000357";"single protein format";"None";"None";"None";"None";"None";"";"";"";"CHEMBL3145";"PI3-kinase p110-beta subunit";"Homo sapiens";"SINGLE PROTEIN";"CHEMBL2169853";"1";"Scientific Literature";"J Med Chem";"2012";"None";"";"";""
"CHEMBL3401986";"";"None";"412.44";"0";"3.26";"13";"CNC(=O)[C@H]1C2CCC(CC2)[C@@H]1Nc1nc(-c2c[nH]c3ncc(F)cc23)ncc1F";"Ki";"'>'";"4000.0";"nM";"";"";"";"UO_0000065";"";"";"";"";"0";"CHEMBL3406127";"Inhibition of PI3Kbeta (unknown origin)";"B";"BAO_0000357";"single protein format";"Homo sapiens";"None";"None";"None";"None";"";"";"";"CHEMBL3145";"PI3-kinase p110-beta subunit";"Homo sapiens";"SINGLE PROTEIN";"CHEMBL3399966";"1";"Scientific Literature";"Bioorg Med Chem Lett";"2015";"None";"";"";""
"CHEMBL4650215";"INAVOLISIB";"3.0";"407.38";"0";"1.82";"32; GDC-0077";"C[C@H](Nc1ccc2c(c1)OCCn1cc(N3C(=O)OC[C@H]3C(F)F)nc1-2)C(N)=O";"Ki";"'='";"99.7";"nM";"7.00";"";"";"UO_0000065";"17.19";"0.33";"5.18";"6.27";"0";"CHEMBL5153872";"Inhibition of PI3Kbeta (unknown origin) using PIP2:3PS as substrate in presence of ATP measured after 120 mins by ADP-Glo assay";"B";"BAO_0000357";"single protein format";"Homo sapiens";"None";"None";"None";"None";"";"";"";"CHEMBL3145";"PI3-kinase p110-beta subunit";"Homo sapiens";"SINGLE PROTEIN";"CHEMBL5150064";"1";"Scientific Literature";"J Med Chem";"2022";"None";"TIME = 2.0 hr";"INHIBITOR";""
"CHEMBL5278357";"";"None";"425.49";"0";"2.25";"60; PF-04691502";"COc1ccc(-c2cc3c(C)nc(N)nc3n(C3CCC(OCCO)CC3)c2=O)cn1";"Ki";"'='";"1.6";"nM";"8.80";"";"";"UO_0000065";"20.67";"0.39";"6.55";"7.02";"0";"CHEMBL5231753";"Inhibition of human PI3Kbeta assessed as inhibition constant";"B";"BAO_0000357";"single protein format";"Homo sapiens";"None";"None";"None";"None";"";"";"";"CHEMBL3145";"PI3-kinase p110-beta subunit";"Homo sapiens";"SINGLE PROTEIN";"CHEMBL5230127";"1";"Scientific Literature";"Eur J Med Chem";"2020";"None";"";"INHIBITOR";""
