"Molecule ChEMBL ID";"Molecule Name";"Molecule Max Phase";"Molecular Weight";"#RO5 Violations";"AlogP";"Compound Key";"Smiles";"Standard Type";"Standard Relation";"Standard Value";"Standard Units";"pChEMBL Value";"Data Validity Comment";"Comment";"Uo Units";"Ligand Efficiency BEI";"Ligand Efficiency LE";"Ligand Efficiency LLE";"Ligand Efficiency SEI";"Potential Duplicate";"Assay ChEMBL ID";"Assay Description";"Assay Type";"BAO Format ID";"BAO Label";"Assay Organism";"Assay Tissue ChEMBL ID";"Assay Tissue Name";"Assay Cell Type";"Assay Subcellular Fraction";"Assay Parameters";"Assay Variant Accession";"Assay Variant Mutation";"Target ChEMBL ID";"Target Name";"Target Organism";"Target Type";"Document ChEMBL ID";"Source ID";"Source Description";"Document Journal";"Document Year";"Cell ChEMBL ID";"Properties";"Action Type";"Standard Text Value"
"CHEMBL304368";"";"None";"500.55";"1";"0.04";"6";"CC[C@H](C)[C@@H](C(=O)N[C@H]1CCc2cccc3c2N(C1=O)[C@H](C(=O)N[C@H](C=O)C(=O)O)C3)N(C)C(C)=O";"Ki";"'='";"350.0";"nM";"6.46";"";"";"UO_0000065";"12.90";"0.24";"6.42";"4.21";"0";"CHEMBL659718";"Compound was tested for its inhibition against Caspase-8";"B";"BAO_0000357";"single protein format";"None";"None";"None";"None";"None";"";"";"";"CHEMBL3776";"Caspase-8";"Homo sapiens";"SINGLE PROTEIN";"CHEMBL1134869";"1";"Scientific Literature";"Bioorg Med Chem Lett";"2002";"None";"";"";""
"CHEMBL147775";"";"None";"608.05";"1";"2.55";"59";"O=C(O)C[C@H](NC(=O)c1ccc(CNS(=O)(=O)c2ccc(O)c(C(=O)O)c2)nc1)C(=O)CSc1ccccc1Cl";"Ki";"'='";"810.0";"nM";"6.09";"";"";"UO_0000065";"10.02";"0.21";"3.54";"3.04";"0";"CHEMBL659701";"Inhibitory activity against Caspase-8";"B";"BAO_0000357";"single protein format";"None";"None";"None";"None";"None";"";"";"";"CHEMBL3776";"Caspase-8";"Homo sapiens";"SINGLE PROTEIN";"CHEMBL1135612";"1";"Scientific Literature";"J Med Chem";"2002";"None";"";"";""
"CHEMBL148162";"";"None";"641.15";"1";"3.67";"69b";"Cc1cc(CNS(=O)(=O)c2ccc(O)c(C(=O)O)c2)sc1C(=O)N[C@@H](CC(=O)O)C(=O)CSCc1ccccc1Cl";"Ki";"'='";"710.0";"nM";"6.15";"";"";"UO_0000065";"9.59";"0.20";"2.48";"3.29";"0";"CHEMBL659701";"Inhibitory activity against Caspase-8";"B";"BAO_0000357";"single protein format";"None";"None";"None";"None";"None";"";"";"";"CHEMBL3776";"Caspase-8";"Homo sapiens";"SINGLE PROTEIN";"CHEMBL1135612";"1";"Scientific Literature";"J Med Chem";"2002";"None";"";"";""
"CHEMBL439753";"";"None";"476.55";"0";"3.65";"34";"O=C1C(=O)N(Cc2ccccc2)c2ccc(S(=O)(=O)N3CCC[C@H]3COc3ccccc3)cc21";"Ki";"'>'";"5000.0";"nM";"";"";"";"UO_0000065";"";"";"";"";"0";"CHEMBL659702";"Inhibitory activity against Caspase-8";"B";"BAO_0000357";"single protein format";"None";"None";"None";"None";"None";"";"";"";"CHEMBL3776";"Caspase-8";"Homo sapiens";"SINGLE PROTEIN";"CHEMBL1134769";"1";"Scientific Literature";"J Med Chem";"2001";"None";"";"";""
"CHEMBL430839";"";"None";"573.52";"1";"2.94";"Example 6";"CC(C)[C@H](NC(=O)C(=O)Nc1cccc2ccccc12)C(=O)N[C@@H](CC(=O)O)C(=O)COc1c(F)cc(F)cc1F";"Ki";"'='";"5.3";"nM";"8.28";"";"";"UO_0000065";"14.43";"0.28";"5.34";"5.48";"0";"CHEMBL3881127";"Inhibition of recombinant MCH5 (unknown origin) pre-incubated for 60 mins with Acetyl-Tyr-Val-Ala-Asp-amino-4-methylcoumarin substrate followed by enzyme addition by fluorescence based assay";"B";"BAO_0000357";"single protein format";"Homo sapiens";"None";"None";"None";"None";"";"";"";"CHEMBL3776";"Caspase-8";"Homo sapiens";"SINGLE PROTEIN";"CHEMBL3880422";"38";"Patent Bioactivity Data";"";"2007";"None";"";"";""
"CHEMBL88795";"";"None";"581.56";"1";"2.70";"Example 10";"CC(C)[C@H](NC(=O)C(=O)Nc1cccc2ccccc12)C(=O)N[C@@H](CC(=O)O)C(=O)COP(C)(=O)c1ccccc1";"Ki";"'='";"5.4";"nM";"8.27";"";"";"UO_0000065";"14.22";"0.28";"5.57";"4.92";"0";"CHEMBL3881127";"Inhibition of recombinant MCH5 (unknown origin) pre-incubated for 60 mins with Acetyl-Tyr-Val-Ala-Asp-amino-4-methylcoumarin substrate followed by enzyme addition by fluorescence based assay";"B";"BAO_0000357";"single protein format";"Homo sapiens";"None";"None";"None";"None";"";"";"";"CHEMBL3776";"Caspase-8";"Homo sapiens";"SINGLE PROTEIN";"CHEMBL3880422";"38";"Patent Bioactivity Data";"";"2007";"None";"";"";""
"CHEMBL91305";"";"None";"589.53";"1";"2.34";"Example 12";"CC(C)[C@H](NC(=O)C(=O)Nc1cccc2ccccc12)C(=O)N[C@@H](CC(=O)O)C(=O)COc1ccnc(C(F)(F)F)n1";"Ki";"'='";"12.0";"nM";"7.92";"";"";"UO_0000065";"13.44";"0.26";"5.58";"4.48";"0";"CHEMBL3881127";"Inhibition of recombinant MCH5 (unknown origin) pre-incubated for 60 mins with Acetyl-Tyr-Val-Ala-Asp-amino-4-methylcoumarin substrate followed by enzyme addition by fluorescence based assay";"B";"BAO_0000357";"single protein format";"Homo sapiens";"None";"None";"None";"None";"";"";"";"CHEMBL3776";"Caspase-8";"Homo sapiens";"SINGLE PROTEIN";"CHEMBL3880422";"38";"Patent Bioactivity Data";"";"2007";"None";"";"";""
"CHEMBL3907290";"";"None";"556.33";"1";"1.96";"Example 39";"C[C@H](NC(=O)C(=O)Nc1ccccc1F)C(=O)N[C@@H](CC(=O)O)C(=O)COC(=O)c1c(Cl)cccc1Cl";"Ki";"'='";"40.0";"nM";"7.40";"";"";"UO_0000065";"13.30";"0.27";"5.44";"4.40";"0";"CHEMBL3881127";"Inhibition of recombinant MCH5 (unknown origin) pre-incubated for 60 mins with Acetyl-Tyr-Val-Ala-Asp-amino-4-methylcoumarin substrate followed by enzyme addition by fluorescence based assay";"B";"BAO_0000357";"single protein format";"Homo sapiens";"None";"None";"None";"None";"";"";"";"CHEMBL3776";"Caspase-8";"Homo sapiens";"SINGLE PROTEIN";"CHEMBL3880422";"38";"Patent Bioactivity Data";"";"2007";"None";"";"";""
"CHEMBL194207";"";"None";"599.96";"1";"2.26";"Ex 41; Ex 57";"C[C@H](NC(=O)C(=O)Nc1ccccc1Cl)C(=O)N[C@@H](CC(=O)O)C(=O)COP(=O)(c1ccccc1)c1ccccc1";"Ki";"'='";"2.1";"nM";"8.68";"";"";"UO_0000065";"14.46";"0.29";"6.42";"5.17";"0";"CHEMBL3881127";"Inhibition of recombinant MCH5 (unknown origin) pre-incubated for 60 mins with Acetyl-Tyr-Val-Ala-Asp-amino-4-methylcoumarin substrate followed by enzyme addition by fluorescence based assay";"B";"BAO_0000357";"single protein format";"Homo sapiens";"None";"None";"None";"None";"";"";"";"CHEMBL3776";"Caspase-8";"Homo sapiens";"SINGLE PROTEIN";"CHEMBL3880422";"38";"Patent Bioactivity Data";"";"2007";"None";"";"";""
"CHEMBL3930460";"";"None";"718.62";"1";"2.46";"Example 45";"C[C@H](NC(=O)C(=O)Nc1cc(C(F)(F)F)ccc1N1CCOCC1)C(=O)N[C@@H](CC(=O)O)C(=O)COP(=O)(c1ccccc1)c1ccccc1";"Ki";"'='";"8.0";"nM";"8.10";"";"";"UO_0000065";"11.27";"0.22";"5.64";"4.49";"0";"CHEMBL3881127";"Inhibition of recombinant MCH5 (unknown origin) pre-incubated for 60 mins with Acetyl-Tyr-Val-Ala-Asp-amino-4-methylcoumarin substrate followed by enzyme addition by fluorescence based assay";"B";"BAO_0000357";"single protein format";"Homo sapiens";"None";"None";"None";"None";"";"";"";"CHEMBL3776";"Caspase-8";"Homo sapiens";"SINGLE PROTEIN";"CHEMBL3880422";"38";"Patent Bioactivity Data";"";"2007";"None";"";"";""
"CHEMBL3909635";"";"None";"619.61";"1";"2.48";"Ex 48; Ex 61";"C[C@H](NC(=O)C(=O)Nc1cccc2c1CCCC2)C(=O)N[C@@H](CC(=O)O)C(=O)COP(=O)(c1ccccc1)c1ccccc1";"Ki";"'='";"4.1";"nM";"8.39";"";"";"UO_0000065";"13.54";"0.26";"5.91";"4.99";"0";"CHEMBL3881127";"Inhibition of recombinant MCH5 (unknown origin) pre-incubated for 60 mins with Acetyl-Tyr-Val-Ala-Asp-amino-4-methylcoumarin substrate followed by enzyme addition by fluorescence based assay";"B";"BAO_0000357";"single protein format";"Homo sapiens";"None";"None";"None";"None";"";"";"";"CHEMBL3776";"Caspase-8";"Homo sapiens";"SINGLE PROTEIN";"CHEMBL3880422";"38";"Patent Bioactivity Data";"";"2007";"None";"";"";""
"CHEMBL3897550";"";"None";"571.52";"1";"1.74";"Example 63";"C[C@H](NC(=O)C(=O)NC12CC3CC(CC(C3)C1)C2)C(=O)N[C@@H](CC(=O)O)C(=O)COc1c(F)c(F)cc(F)c1F";"Ki";"'='";"85.0";"nM";"7.07";"";"";"UO_0000065";"12.37";"0.24";"5.33";"4.69";"0";"CHEMBL3881127";"Inhibition of recombinant MCH5 (unknown origin) pre-incubated for 60 mins with Acetyl-Tyr-Val-Ala-Asp-amino-4-methylcoumarin substrate followed by enzyme addition by fluorescence based assay";"B";"BAO_0000357";"single protein format";"Homo sapiens";"None";"None";"None";"None";"";"";"";"CHEMBL3776";"Caspase-8";"Homo sapiens";"SINGLE PROTEIN";"CHEMBL3880422";"38";"Patent Bioactivity Data";"";"2007";"None";"";"";""
"CHEMBL3954160";"";"None";"581.48";"1";"1.81";"Example 88";"CC(C)[C@H](NC(=O)C(=O)Nc1nc2ccccc2[nH]1)C(=O)N[C@@H](CC(=O)O)C(=O)COc1c(F)c(F)cc(F)c1F";"Ki";"'='";"128.0";"nM";"6.89";"";"";"UO_0000065";"11.85";"0.23";"5.08";"3.84";"0";"CHEMBL3881127";"Inhibition of recombinant MCH5 (unknown origin) pre-incubated for 60 mins with Acetyl-Tyr-Val-Ala-Asp-amino-4-methylcoumarin substrate followed by enzyme addition by fluorescence based assay";"B";"BAO_0000357";"single protein format";"Homo sapiens";"None";"None";"None";"None";"";"";"";"CHEMBL3776";"Caspase-8";"Homo sapiens";"SINGLE PROTEIN";"CHEMBL3880422";"38";"Patent Bioactivity Data";"";"2007";"None";"";"";""
"CHEMBL327683";"";"None";"599.58";"1";"2.38";"Example 89";"CC(C)[C@H](NC(=O)C(=O)NC12CC3CC(CC(C3)C1)C2)C(=O)N[C@@H](CC(=O)O)C(=O)COc1c(F)c(F)cc(F)c1F";"Ki";"'='";"40.0";"nM";"7.40";"";"";"UO_0000065";"12.34";"0.24";"5.02";"4.90";"0";"CHEMBL3881127";"Inhibition of recombinant MCH5 (unknown origin) pre-incubated for 60 mins with Acetyl-Tyr-Val-Ala-Asp-amino-4-methylcoumarin substrate followed by enzyme addition by fluorescence based assay";"B";"BAO_0000357";"single protein format";"Homo sapiens";"None";"None";"None";"None";"";"";"";"CHEMBL3776";"Caspase-8";"Homo sapiens";"SINGLE PROTEIN";"CHEMBL3880422";"38";"Patent Bioactivity Data";"";"2007";"None";"";"";""
"CHEMBL90516";"";"None";"559.44";"1";"2.07";"Example 90";"CC(C)[C@H](NC(=O)C(=O)Nc1ccccc1F)C(=O)N[C@@H](CC(=O)O)C(=O)COc1c(F)c(F)cc(F)c1F";"Ki";"'='";"40.0";"nM";"7.40";"";"";"UO_0000065";"13.22";"0.26";"5.33";"4.90";"0";"CHEMBL3881127";"Inhibition of recombinant MCH5 (unknown origin) pre-incubated for 60 mins with Acetyl-Tyr-Val-Ala-Asp-amino-4-methylcoumarin substrate followed by enzyme addition by fluorescence based assay";"B";"BAO_0000357";"single protein format";"Homo sapiens";"None";"None";"None";"None";"";"";"";"CHEMBL3776";"Caspase-8";"Homo sapiens";"SINGLE PROTEIN";"CHEMBL3880422";"38";"Patent Bioactivity Data";"";"2007";"None";"";"";""
"CHEMBL330534";"";"None";"595.55";"1";"2.49";"Example 104";"CC(C)[C@H](NC(=O)C(=O)NC1CCCc2ccccc21)C(=O)N[C@@H](CC(=O)O)C(=O)COc1c(F)c(F)cc(F)c1F";"Ki";"'='";"5.2";"nM";"8.28";"";"";"UO_0000065";"13.91";"0.27";"5.79";"5.49";"0";"CHEMBL3881127";"Inhibition of recombinant MCH5 (unknown origin) pre-incubated for 60 mins with Acetyl-Tyr-Val-Ala-Asp-amino-4-methylcoumarin substrate followed by enzyme addition by fluorescence based assay";"B";"BAO_0000357";"single protein format";"Homo sapiens";"None";"None";"None";"None";"";"";"";"CHEMBL3776";"Caspase-8";"Homo sapiens";"SINGLE PROTEIN";"CHEMBL3880422";"38";"Patent Bioactivity Data";"";"2007";"None";"";"";""
"CHEMBL327821";"";"None";"620.35";"1";"2.69";"Example 106";"CC(C)[C@H](NC(=O)C(=O)Nc1ccccc1Br)C(=O)N[C@@H](CC(=O)O)C(=O)COc1c(F)c(F)cc(F)c1F";"Ki";"'='";"3.4";"nM";"8.47";"";"";"UO_0000065";"13.65";"0.30";"5.78";"5.61";"0";"CHEMBL3881127";"Inhibition of recombinant MCH5 (unknown origin) pre-incubated for 60 mins with Acetyl-Tyr-Val-Ala-Asp-amino-4-methylcoumarin substrate followed by enzyme addition by fluorescence based assay";"B";"BAO_0000357";"single protein format";"Homo sapiens";"None";"None";"None";"None";"";"";"";"CHEMBL3776";"Caspase-8";"Homo sapiens";"SINGLE PROTEIN";"CHEMBL3880422";"38";"Patent Bioactivity Data";"";"2007";"None";"";"";""
"CHEMBL314096";"";"None";"667.35";"1";"2.53";"Example 107";"CC(C)[C@H](NC(=O)C(=O)Nc1ccccc1I)C(=O)N[C@@H](CC(=O)O)C(=O)COc1c(F)c(F)cc(F)c1F";"Ki";"'='";"4.0";"nM";"8.40";"";"";"UO_0000065";"12.58";"0.29";"5.87";"5.57";"0";"CHEMBL3881127";"Inhibition of recombinant MCH5 (unknown origin) pre-incubated for 60 mins with Acetyl-Tyr-Val-Ala-Asp-amino-4-methylcoumarin substrate followed by enzyme addition by fluorescence based assay";"B";"BAO_0000357";"single protein format";"Homo sapiens";"None";"None";"None";"None";"";"";"";"CHEMBL3776";"Caspase-8";"Homo sapiens";"SINGLE PROTEIN";"CHEMBL3880422";"38";"Patent Bioactivity Data";"";"2007";"None";"";"";""
"CHEMBL195614";"";"None";"363.36";"1";"5.34";"BI-9B12";"FC(F)(F)c1cccc(-c2csc(C3COc4ccccc4O3)n2)c1";"Ki";"'='";"2700.0";"nM";"5.57";"";"";"UO_0000065";"15.33";"0.30";"0.23";"17.76";"0";"CHEMBL828947";"Binding affinity against caspase-8 expressed in Escherichia coli. BL21(DE3) by fluorometric assay";"B";"BAO_0000019";"assay format";"None";"None";"None";"None";"None";"";"";"";"CHEMBL3776";"Caspase-8";"Homo sapiens";"SINGLE PROTEIN";"CHEMBL1145192";"1";"Scientific Literature";"J Med Chem";"2005";"None";"";"";""
"CHEMBL3976524";"";"None";"619.63";"1";"3.58";"Example 16";"C/C=C/OC(=O)Oc1ccc(OCC(=O)[C@H](CC(=O)O)NC(=O)[C@@H](NC(=O)C(=O)Nc2cccc3ccccc23)C(C)C)cc1";"Ki";"'='";"8.1";"nM";"8.09";"";"";"UO_0000065";"13.06";"0.25";"4.51";"4.34";"0";"CHEMBL3881127";"Inhibition of recombinant MCH5 (unknown origin) pre-incubated for 60 mins with Acetyl-Tyr-Val-Ala-Asp-amino-4-methylcoumarin substrate followed by enzyme addition by fluorescence based assay";"B";"BAO_0000357";"single protein format";"Homo sapiens";"None";"None";"None";"None";"";"";"";"CHEMBL3776";"Caspase-8";"Homo sapiens";"SINGLE PROTEIN";"CHEMBL3880422";"38";"Patent Bioactivity Data";"";"2007";"None";"";"";""
"CHEMBL90268";"";"None";"569.61";"1";"3.68";"Example 18";"CC(C)[C@H](NC(=O)C(=O)Nc1cccc2ccccc12)C(=O)N[C@@H](CC(=O)O)C(=O)COc1cccc2ccccc12";"Ki";"'='";"10.0";"nM";"8.00";"";"";"UO_0000065";"14.04";"0.26";"4.32";"5.30";"0";"CHEMBL3881127";"Inhibition of recombinant MCH5 (unknown origin) pre-incubated for 60 mins with Acetyl-Tyr-Val-Ala-Asp-amino-4-methylcoumarin substrate followed by enzyme addition by fluorescence based assay";"B";"BAO_0000357";"single protein format";"Homo sapiens";"None";"None";"None";"None";"";"";"";"CHEMBL3776";"Caspase-8";"Homo sapiens";"SINGLE PROTEIN";"CHEMBL3880422";"38";"Patent Bioactivity Data";"";"2007";"None";"";"";""
"CHEMBL3983217";"";"None";"583.51";"1";"1.74";"Example 43";"C[C@H](NC(=O)C(=O)Nc1ccc(F)cc1)C(=O)N[C@@H](CC(=O)O)C(=O)COP(=O)(c1ccccc1)c1ccccc1";"Ki";"'='";"3.6";"nM";"8.44";"";"";"UO_0000065";"14.47";"0.28";"6.70";"5.03";"0";"CHEMBL3881127";"Inhibition of recombinant MCH5 (unknown origin) pre-incubated for 60 mins with Acetyl-Tyr-Val-Ala-Asp-amino-4-methylcoumarin substrate followed by enzyme addition by fluorescence based assay";"B";"BAO_0000357";"single protein format";"Homo sapiens";"None";"None";"None";"None";"";"";"";"CHEMBL3776";"Caspase-8";"Homo sapiens";"SINGLE PROTEIN";"CHEMBL3880422";"38";"Patent Bioactivity Data";"";"2007";"None";"";"";""
"CHEMBL327207";"";"None";"541.45";"1";"1.93";"Example 82";"CC(C)[C@H](NC(=O)C(=O)Nc1ccccc1)C(=O)N[C@@H](CC(=O)O)C(=O)COc1c(F)c(F)cc(F)c1F";"Ki";"'='";"5.0";"nM";"8.30";"";"";"UO_0000065";"15.33";"0.30";"6.37";"5.50";"0";"CHEMBL3881127";"Inhibition of recombinant MCH5 (unknown origin) pre-incubated for 60 mins with Acetyl-Tyr-Val-Ala-Asp-amino-4-methylcoumarin substrate followed by enzyme addition by fluorescence based assay";"B";"BAO_0000357";"single protein format";"Homo sapiens";"None";"None";"None";"None";"";"";"";"CHEMBL3776";"Caspase-8";"Homo sapiens";"SINGLE PROTEIN";"CHEMBL3880422";"38";"Patent Bioactivity Data";"";"2007";"None";"";"";""
"CHEMBL328066";"";"None";"631.58";"1";"3.52";"Example 84";"CC(C)[C@H](NC(=O)C(=O)Nc1ccccc1Cc1ccccc1)C(=O)N[C@@H](CC(=O)O)C(=O)COc1c(F)c(F)cc(F)c1F";"Ki";"'='";"24.0";"nM";"7.62";"";"";"UO_0000065";"12.06";"0.23";"4.10";"5.05";"0";"CHEMBL3881127";"Inhibition of recombinant MCH5 (unknown origin) pre-incubated for 60 mins with Acetyl-Tyr-Val-Ala-Asp-amino-4-methylcoumarin substrate followed by enzyme addition by fluorescence based assay";"B";"BAO_0000357";"single protein format";"Homo sapiens";"None";"None";"None";"None";"";"";"";"CHEMBL3776";"Caspase-8";"Homo sapiens";"SINGLE PROTEIN";"CHEMBL3880422";"38";"Patent Bioactivity Data";"";"2007";"None";"";"";""
"CHEMBL88540";"";"None";"591.51";"1";"3.08";"Example 7";"CC(C)[C@H](NC(=O)C(=O)Nc1cccc2ccccc12)C(=O)N[C@@H](CC(=O)O)C(=O)COc1c(F)c(F)cc(F)c1F";"Ki";"'='";"3.7";"nM";"8.43";"";"";"UO_0000065";"14.25";"0.27";"5.35";"5.59";"0";"CHEMBL3881127";"Inhibition of recombinant MCH5 (unknown origin) pre-incubated for 60 mins with Acetyl-Tyr-Val-Ala-Asp-amino-4-methylcoumarin substrate followed by enzyme addition by fluorescence based assay";"B";"BAO_0000357";"single protein format";"Homo sapiens";"None";"None";"None";"None";"";"";"";"CHEMBL3776";"Caspase-8";"Homo sapiens";"SINGLE PROTEIN";"CHEMBL3880422";"38";"Patent Bioactivity Data";"";"2007";"None";"";"";""
"CHEMBL3906503";"";"None";"535.55";"1";"2.23";"Example 15";"CC(C)[C@H](NC(=O)C(=O)Nc1cccc2ccccc12)C(=O)N[C@@H](CC(=O)O)C(=O)COc1ccc(O)cc1";"Ki";"'='";"5.7";"nM";"8.24";"";"";"UO_0000065";"15.39";"0.29";"6.01";"4.82";"0";"CHEMBL3881127";"Inhibition of recombinant MCH5 (unknown origin) pre-incubated for 60 mins with Acetyl-Tyr-Val-Ala-Asp-amino-4-methylcoumarin substrate followed by enzyme addition by fluorescence based assay";"B";"BAO_0000357";"single protein format";"Homo sapiens";"None";"None";"None";"None";"";"";"";"CHEMBL3776";"Caspase-8";"Homo sapiens";"SINGLE PROTEIN";"CHEMBL3880422";"38";"Patent Bioactivity Data";"";"2007";"None";"";"";""
"CHEMBL3913186";"";"None";"535.53";"1";"2.54";"Example 28";"C[C@H](NC(=O)C(=O)Nc1ccccc1-c1ccccc1)C(=O)N[C@@H](CC(=O)O)C(=O)COc1ccccc1F";"Ki";"'='";"5.8";"nM";"8.24";"";"";"UO_0000065";"15.38";"0.29";"5.70";"5.46";"0";"CHEMBL3881127";"Inhibition of recombinant MCH5 (unknown origin) pre-incubated for 60 mins with Acetyl-Tyr-Val-Ala-Asp-amino-4-methylcoumarin substrate followed by enzyme addition by fluorescence based assay";"B";"BAO_0000357";"single protein format";"Homo sapiens";"None";"None";"None";"None";"";"";"";"CHEMBL3776";"Caspase-8";"Homo sapiens";"SINGLE PROTEIN";"CHEMBL3880422";"38";"Patent Bioactivity Data";"";"2007";"None";"";"";""
"CHEMBL3926784";"";"None";"629.61";"1";"2.44";"Example 35";"C[C@H](NC(=O)C(=O)NCc1cccc2ccccc12)C(=O)N[C@@H](CC(=O)O)C(=O)COP(=O)(c1ccccc1)c1ccccc1";"Ki";"'='";"23.0";"nM";"7.64";"";"";"UO_0000065";"12.13";"0.23";"5.20";"4.55";"0";"CHEMBL3881127";"Inhibition of recombinant MCH5 (unknown origin) pre-incubated for 60 mins with Acetyl-Tyr-Val-Ala-Asp-amino-4-methylcoumarin substrate followed by enzyme addition by fluorescence based assay";"B";"BAO_0000357";"single protein format";"Homo sapiens";"None";"None";"None";"None";"";"";"";"CHEMBL3776";"Caspase-8";"Homo sapiens";"SINGLE PROTEIN";"CHEMBL3880422";"38";"Patent Bioactivity Data";"";"2007";"None";"";"";""
"CHEMBL3927125";"";"None";"623.64";"1";"2.05";"Ex 53; EX 64";"C[C@H](NC(=O)C(=O)NC12CC3CC(CC(C3)C1)C2)C(=O)N[C@@H](CC(=O)O)C(=O)COP(=O)(c1ccccc1)c1ccccc1";"Ki";"'='";"5.5";"nM";"8.26";"";"";"UO_0000065";"13.24";"0.26";"6.21";"4.92";"0";"CHEMBL3881127";"Inhibition of recombinant MCH5 (unknown origin) pre-incubated for 60 mins with Acetyl-Tyr-Val-Ala-Asp-amino-4-methylcoumarin substrate followed by enzyme addition by fluorescence based assay";"B";"BAO_0000357";"single protein format";"Homo sapiens";"None";"None";"None";"None";"";"";"";"CHEMBL3776";"Caspase-8";"Homo sapiens";"SINGLE PROTEIN";"CHEMBL3880422";"38";"Patent Bioactivity Data";"";"2007";"None";"";"";""
"CHEMBL197579";"";"None";"603.53";"1";"2.88";"Example 77";"C[C@H](NC(=O)C(=O)Nc1ccccc1Cc1ccccc1)C(=O)N[C@@H](CC(=O)O)C(=O)COc1c(F)c(F)cc(F)c1F";"Ki";"'='";"13.0";"nM";"7.89";"";"";"UO_0000065";"13.07";"0.25";"5.01";"5.23";"0";"CHEMBL3881127";"Inhibition of recombinant MCH5 (unknown origin) pre-incubated for 60 mins with Acetyl-Tyr-Val-Ala-Asp-amino-4-methylcoumarin substrate followed by enzyme addition by fluorescence based assay";"B";"BAO_0000357";"single protein format";"Homo sapiens";"None";"None";"None";"None";"";"";"";"CHEMBL3776";"Caspase-8";"Homo sapiens";"SINGLE PROTEIN";"CHEMBL3880422";"38";"Patent Bioactivity Data";"";"2007";"None";"";"";""
"CHEMBL221870";"";"None";"1010.18";"None";"None";"12c";"Cc1cccc(C)c1C(=O)OCC(=O)[C@H](CC(=O)O)NC(=O)[C@H](CCCCNC(=O)CCCCCNC(=O)CCCCC1SC[C@@H]2NC(=O)N[C@H]12)NC(=O)[C@H](CCC(=O)O)NC(=O)OCc1ccccc1";"Ki";"'='";"540.0";"nM";"6.27";"";"";"UO_0000065";"6.20";"None";"None";"None";"0";"CHEMBL913578";"Inhibition of human caspase 8";"B";"BAO_0000357";"single protein format";"Homo sapiens";"None";"None";"None";"None";"";"";"";"CHEMBL3776";"Caspase-8";"Homo sapiens";"SINGLE PROTEIN";"CHEMBL1138864";"1";"Scientific Literature";"J Med Chem";"2006";"None";"";"";""
"CHEMBL147642";"";"None";"456.45";"0";"0.40";"66a";"O=C[C@H](CC(=O)O)NC(=O)c1ccc(CNS(=O)(=O)c2ccc(O)c(C(=O)O)c2)s1";"Ki";"'='";"50.0";"nM";"7.30";"";"";"UO_0000065";"16.00";"0.33";"6.90";"3.90";"0";"CHEMBL659701";"Inhibitory activity against Caspase-8";"B";"BAO_0000357";"single protein format";"None";"None";"None";"None";"None";"";"";"";"CHEMBL3776";"Caspase-8";"Homo sapiens";"SINGLE PROTEIN";"CHEMBL1135612";"1";"Scientific Literature";"J Med Chem";"2002";"None";"";"";""
"CHEMBL358725";"";"None";"451.41";"0";"-0.26";"4";"O=C[C@H](CC(=O)O)NC(=O)c1ccc(CNS(=O)(=O)c2ccc(O)c(C(=O)O)c2)nc1";"Ki";"'='";"880.0";"nM";"6.06";"";"";"UO_0000065";"13.41";"0.27";"6.32";"3.03";"0";"CHEMBL659701";"Inhibitory activity against Caspase-8";"B";"BAO_0000357";"single protein format";"None";"None";"None";"None";"None";"";"";"";"CHEMBL3776";"Caspase-8";"Homo sapiens";"SINGLE PROTEIN";"CHEMBL1135612";"1";"Scientific Literature";"J Med Chem";"2002";"None";"";"";""
"CHEMBL60190";"";"None";"324.36";"0";"0.62";"16";"COC[C@@H]1CCCN1S(=O)(=O)c1ccc2c(c1)C(=O)C(=O)N2";"Ki";"'>'";"25000.0";"nM";"";"";"";"UO_0000065";"";"";"";"";"0";"CHEMBL659702";"Inhibitory activity against Caspase-8";"B";"BAO_0000357";"single protein format";"None";"None";"None";"None";"None";"";"";"";"CHEMBL3776";"Caspase-8";"Homo sapiens";"SINGLE PROTEIN";"CHEMBL1134769";"1";"Scientific Literature";"J Med Chem";"2001";"None";"";"";""
"CHEMBL357191";"";"None";"591.11";"1";"4.51";"47c";"CN(Cc1ccc(O)c(C(=O)O)c1)Cc1ccc(C(=O)N[C@@H](CC(=O)O)C(=O)CSCc2ccccc2Cl)s1";"Ki";"'='";"4000.0";"nM";"5.40";"";"";"UO_0000065";"9.13";"0.19";"0.89";"3.74";"0";"CHEMBL659701";"Inhibitory activity against Caspase-8";"B";"BAO_0000357";"single protein format";"None";"None";"None";"None";"None";"";"";"";"CHEMBL3776";"Caspase-8";"Homo sapiens";"SINGLE PROTEIN";"CHEMBL1135612";"1";"Scientific Literature";"J Med Chem";"2002";"None";"";"";""
"CHEMBL91423";"";"None";"616.45";"1";"3.61";"Example 4";"CC(C)[C@H](NC(=O)C(=O)Nc1cccc2ccccc12)C(=O)N[C@@H](CC(=O)O)C(=O)COC(=O)c1c(Cl)cccc1Cl";"Ki";"'='";"4.0";"nM";"8.40";"";"";"UO_0000065";"13.62";"0.27";"4.79";"5.00";"0";"CHEMBL3881127";"Inhibition of recombinant MCH5 (unknown origin) pre-incubated for 60 mins with Acetyl-Tyr-Val-Ala-Asp-amino-4-methylcoumarin substrate followed by enzyme addition by fluorescence based assay";"B";"BAO_0000357";"single protein format";"Homo sapiens";"None";"None";"None";"None";"";"";"";"CHEMBL3776";"Caspase-8";"Homo sapiens";"SINGLE PROTEIN";"CHEMBL3880422";"38";"Patent Bioactivity Data";"";"2007";"None";"";"";""
"CHEMBL91236";"";"None";"568.54";"1";"1.30";"Example 13";"COC(=O)c1cc(OCC(=O)[C@H](CC(=O)O)NC(=O)[C@@H](NC(=O)C(=O)Nc2cccc3ccccc23)C(C)C)no1";"Ki";"'='";"23.0";"nM";"7.64";"";"";"UO_0000065";"13.43";"0.25";"6.34";"3.76";"0";"CHEMBL3881127";"Inhibition of recombinant MCH5 (unknown origin) pre-incubated for 60 mins with Acetyl-Tyr-Val-Ala-Asp-amino-4-methylcoumarin substrate followed by enzyme addition by fluorescence based assay";"B";"BAO_0000357";"single protein format";"Homo sapiens";"None";"None";"None";"None";"";"";"";"CHEMBL3776";"Caspase-8";"Homo sapiens";"SINGLE PROTEIN";"CHEMBL3880422";"38";"Patent Bioactivity Data";"";"2007";"None";"";"";""
"CHEMBL3922955";"";"None";"577.63";"1";"3.32";"Example 19";"CCCOc1ccc(OCC(=O)[C@H](CC(=O)O)NC(=O)[C@@H](NC(=O)C(=O)Nc2cccc3ccccc23)C(C)C)cc1";"Ki";"'='";"12.0";"nM";"7.92";"";"";"UO_0000065";"13.71";"0.26";"4.60";"4.95";"0";"CHEMBL3881127";"Inhibition of recombinant MCH5 (unknown origin) pre-incubated for 60 mins with Acetyl-Tyr-Val-Ala-Asp-amino-4-methylcoumarin substrate followed by enzyme addition by fluorescence based assay";"B";"BAO_0000357";"single protein format";"Homo sapiens";"None";"None";"None";"None";"";"";"";"CHEMBL3776";"Caspase-8";"Homo sapiens";"SINGLE PROTEIN";"CHEMBL3880422";"38";"Patent Bioactivity Data";"";"2007";"None";"";"";""
"CHEMBL196266";"";"None";"641.62";"1";"3.27";"Example 30";"C[C@H](NC(=O)C(=O)Nc1ccccc1-c1ccccc1)C(=O)N[C@@H](CC(=O)O)C(=O)COP(=O)(c1ccccc1)c1ccccc1";"Ki";"'='";"24.0";"nM";"7.62";"";"";"UO_0000065";"11.88";"0.23";"4.35";"4.54";"0";"CHEMBL3881127";"Inhibition of recombinant MCH5 (unknown origin) pre-incubated for 60 mins with Acetyl-Tyr-Val-Ala-Asp-amino-4-methylcoumarin substrate followed by enzyme addition by fluorescence based assay";"B";"BAO_0000357";"single protein format";"Homo sapiens";"None";"None";"None";"None";"";"";"";"CHEMBL3776";"Caspase-8";"Homo sapiens";"SINGLE PROTEIN";"CHEMBL3880422";"38";"Patent Bioactivity Data";"";"2007";"None";"";"";""
"CHEMBL314733";"";"None";"559.44";"1";"2.07";"Example 91";"CC(C)[C@H](NC(=O)C(=O)Nc1ccc(F)cc1)C(=O)N[C@@H](CC(=O)O)C(=O)COc1c(F)c(F)cc(F)c1F";"Ki";"'='";"15.0";"nM";"7.82";"";"";"UO_0000065";"13.99";"0.27";"5.75";"5.18";"0";"CHEMBL3881127";"Inhibition of recombinant MCH5 (unknown origin) pre-incubated for 60 mins with Acetyl-Tyr-Val-Ala-Asp-amino-4-methylcoumarin substrate followed by enzyme addition by fluorescence based assay";"B";"BAO_0000357";"single protein format";"Homo sapiens";"None";"None";"None";"None";"";"";"";"CHEMBL3776";"Caspase-8";"Homo sapiens";"SINGLE PROTEIN";"CHEMBL3880422";"38";"Patent Bioactivity Data";"";"2007";"None";"";"";""
"CHEMBL3966591";"";"None";"577.49";"1";"2.12";"Example 33";"C[C@H](NC(=O)C(=O)NCc1cccc2ccccc12)C(=O)N[C@@H](CC(=O)O)C(=O)COc1c(F)c(F)cc(F)c1F";"Ki";"'='";"9.7";"nM";"8.01";"";"";"UO_0000065";"13.88";"0.27";"5.89";"5.31";"0";"CHEMBL3881127";"Inhibition of recombinant MCH5 (unknown origin) pre-incubated for 60 mins with Acetyl-Tyr-Val-Ala-Asp-amino-4-methylcoumarin substrate followed by enzyme addition by fluorescence based assay";"B";"BAO_0000357";"single protein format";"Homo sapiens";"None";"None";"None";"None";"";"";"";"CHEMBL3776";"Caspase-8";"Homo sapiens";"SINGLE PROTEIN";"CHEMBL3880422";"38";"Patent Bioactivity Data";"";"2007";"None";"";"";""
"CHEMBL197674";"";"None";"594.45";"1";"3.12";"Ex 37; Ex 76";"C[C@H](NC(=O)C(=O)Nc1ccccc1C(C)(C)C)C(=O)N[C@@H](CC(=O)O)C(=O)COC(=O)c1c(Cl)cccc1Cl";"Ki";"'='";"22.0";"nM";"7.66";"";"";"UO_0000065";"12.88";"0.26";"4.54";"4.56";"0";"CHEMBL3881127";"Inhibition of recombinant MCH5 (unknown origin) pre-incubated for 60 mins with Acetyl-Tyr-Val-Ala-Asp-amino-4-methylcoumarin substrate followed by enzyme addition by fluorescence based assay";"B";"BAO_0000357";"single protein format";"Homo sapiens";"None";"None";"None";"None";"";"";"";"CHEMBL3776";"Caspase-8";"Homo sapiens";"SINGLE PROTEIN";"CHEMBL3880422";"38";"Patent Bioactivity Data";"";"2007";"None";"";"";""
"CHEMBL316450";"";"None";"569.51";"1";"1.65";"Example 80";"CC(C)[C@H](NC(=O)C(=O)NCCc1ccccc1)C(=O)N[C@@H](CC(=O)O)C(=O)COc1c(F)c(F)cc(F)c1F";"Ki";"'='";"162.0";"nM";"6.79";"";"";"UO_0000065";"11.92";"0.23";"5.14";"4.50";"0";"CHEMBL3881127";"Inhibition of recombinant MCH5 (unknown origin) pre-incubated for 60 mins with Acetyl-Tyr-Val-Ala-Asp-amino-4-methylcoumarin substrate followed by enzyme addition by fluorescence based assay";"B";"BAO_0000357";"single protein format";"Homo sapiens";"None";"None";"None";"None";"";"";"";"CHEMBL3776";"Caspase-8";"Homo sapiens";"SINGLE PROTEIN";"CHEMBL3880422";"38";"Patent Bioactivity Data";"";"2007";"None";"";"";""
"CHEMBL93960";"";"None";"597.56";"1";"3.23";"Example 93";"CC(C)[C@H](NC(=O)C(=O)Nc1ccccc1C(C)(C)C)C(=O)N[C@@H](CC(=O)O)C(=O)COc1c(F)c(F)cc(F)c1F";"Ki";"'='";"3.0";"nM";"8.52";"";"";"UO_0000065";"14.26";"0.28";"5.29";"5.65";"0";"CHEMBL3881127";"Inhibition of recombinant MCH5 (unknown origin) pre-incubated for 60 mins with Acetyl-Tyr-Val-Ala-Asp-amino-4-methylcoumarin substrate followed by enzyme addition by fluorescence based assay";"B";"BAO_0000357";"single protein format";"Homo sapiens";"None";"None";"None";"None";"";"";"";"CHEMBL3776";"Caspase-8";"Homo sapiens";"SINGLE PROTEIN";"CHEMBL3880422";"38";"Patent Bioactivity Data";"";"2007";"None";"";"";""
"CHEMBL3947447";"";"None";"567.49";"1";"2.17";"Example 50";"C[C@H](NC(=O)C(=O)Nc1cccc2c1CCCC2)C(=O)N[C@@H](CC(=O)O)C(=O)COc1c(F)c(F)cc(F)c1F";"Ki";"'='";"74.0";"nM";"7.13";"";"";"UO_0000065";"12.57";"0.24";"4.96";"4.73";"0";"CHEMBL3881127";"Inhibition of recombinant MCH5 (unknown origin) pre-incubated for 60 mins with Acetyl-Tyr-Val-Ala-Asp-amino-4-methylcoumarin substrate followed by enzyme addition by fluorescence based assay";"B";"BAO_0000357";"single protein format";"Homo sapiens";"None";"None";"None";"None";"";"";"";"CHEMBL3776";"Caspase-8";"Homo sapiens";"SINGLE PROTEIN";"CHEMBL3880422";"38";"Patent Bioactivity Data";"";"2007";"None";"";"";""
"CHEMBL315954";"";"None";"555.48";"1";"1.61";"Example 79";"CC(C)[C@H](NC(=O)C(=O)NCc1ccccc1)C(=O)N[C@@H](CC(=O)O)C(=O)COc1c(F)c(F)cc(F)c1F";"Ki";"'='";"5.0";"nM";"8.30";"";"";"UO_0000065";"14.94";"0.29";"6.69";"5.50";"0";"CHEMBL3881127";"Inhibition of recombinant MCH5 (unknown origin) pre-incubated for 60 mins with Acetyl-Tyr-Val-Ala-Asp-amino-4-methylcoumarin substrate followed by enzyme addition by fluorescence based assay";"B";"BAO_0000357";"single protein format";"Homo sapiens";"None";"None";"None";"None";"";"";"";"CHEMBL3776";"Caspase-8";"Homo sapiens";"SINGLE PROTEIN";"CHEMBL3880422";"38";"Patent Bioactivity Data";"";"2007";"None";"";"";""
"CHEMBL3917051";"";"None";"648.40";"1";"3.35";"Example 36";"C[C@H](NC(=O)C(=O)Nc1ccccc1C(C)(C)C)C(=O)N[C@@H](CC(=O)O)C(=O)COc1c(F)c(F)c(Br)c(F)c1F";"Ki";"'='";"144.0";"nM";"6.84";"";"";"UO_0000065";"10.55";"0.23";"3.49";"4.53";"0";"CHEMBL3881127";"Inhibition of recombinant MCH5 (unknown origin) pre-incubated for 60 mins with Acetyl-Tyr-Val-Ala-Asp-amino-4-methylcoumarin substrate followed by enzyme addition by fluorescence based assay";"B";"BAO_0000357";"single protein format";"Homo sapiens";"None";"None";"None";"None";"";"";"";"CHEMBL3776";"Caspase-8";"Homo sapiens";"SINGLE PROTEIN";"CHEMBL3880422";"38";"Patent Bioactivity Data";"";"2007";"None";"";"";""
"CHEMBL372185";"";"None";"677.74";"1";"4.20";"Example 59";"C[C@H](NC(=O)C(=O)Nc1cc(C(C)(C)C)ccc1C(C)(C)C)C(=O)N[C@@H](CC(=O)O)C(=O)COP(=O)(c1ccccc1)c1ccccc1";"Ki";"'='";"5.5";"nM";"8.26";"";"";"UO_0000065";"12.19";"0.24";"4.06";"4.92";"0";"CHEMBL3881127";"Inhibition of recombinant MCH5 (unknown origin) pre-incubated for 60 mins with Acetyl-Tyr-Val-Ala-Asp-amino-4-methylcoumarin substrate followed by enzyme addition by fluorescence based assay";"B";"BAO_0000357";"single protein format";"Homo sapiens";"None";"None";"None";"None";"";"";"";"CHEMBL3776";"Caspase-8";"Homo sapiens";"SINGLE PROTEIN";"CHEMBL3880422";"38";"Patent Bioactivity Data";"";"2007";"None";"";"";""
"CHEMBL62993";"";"None";"386.43";"0";"2.05";"29";"O=C1Nc2ccc(S(=O)(=O)N3CCC[C@H]3COc3ccccc3)cc2C1=O";"Ki";"'='";"49000.0";"nM";"4.31";"";"";"UO_0000065";"11.15";"0.22";"2.26";"4.65";"0";"CHEMBL659702";"Inhibitory activity against Caspase-8";"B";"BAO_0000357";"single protein format";"None";"None";"None";"None";"None";"";"";"";"CHEMBL3776";"Caspase-8";"Homo sapiens";"SINGLE PROTEIN";"CHEMBL1134769";"1";"Scientific Literature";"J Med Chem";"2001";"None";"";"";""
"CHEMBL146453";"";"None";"627.12";"1";"3.36";"66b";"O=C(O)C[C@H](NC(=O)c1ccc(CNS(=O)(=O)c2ccc(O)c(C(=O)O)c2)s1)C(=O)CSCc1ccccc1Cl";"Ki";"'='";"330.0";"nM";"6.48";"";"";"UO_0000065";"10.34";"0.22";"3.12";"3.46";"0";"CHEMBL659701";"Inhibitory activity against Caspase-8";"B";"BAO_0000357";"single protein format";"None";"None";"None";"None";"None";"";"";"";"CHEMBL3776";"Caspase-8";"Homo sapiens";"SINGLE PROTEIN";"CHEMBL1135612";"1";"Scientific Literature";"J Med Chem";"2002";"None";"";"";""
"CHEMBL149307";"";"None";"623.07";"1";"2.09";"62b";"O=C(O)C[C@H](NC(=O)c1cnc(CNS(=O)(=O)c2ccc(O)c(C(=O)O)c2)nc1)C(=O)CSCc1ccccc1Cl";"Ki";"'='";"28000.0";"nM";"4.55";"";"";"UO_0000065";"7.31";"0.15";"2.46";"2.14";"0";"CHEMBL659701";"Inhibitory activity against Caspase-8";"B";"BAO_0000357";"single protein format";"None";"None";"None";"None";"None";"";"";"";"CHEMBL3776";"Caspase-8";"Homo sapiens";"SINGLE PROTEIN";"CHEMBL1135612";"1";"Scientific Literature";"J Med Chem";"2002";"None";"";"";""
"CHEMBL90914";"";"None";"555.53";"1";"2.80";"Example 5";"CC(C)[C@H](NC(=O)C(=O)Nc1cccc2ccccc12)C(=O)N[C@@H](CC(=O)O)C(=O)COc1c(F)cccc1F";"Ki";"'='";"5.0";"nM";"8.30";"";"";"UO_0000065";"14.94";"0.28";"5.50";"5.50";"0";"CHEMBL3881127";"Inhibition of recombinant MCH5 (unknown origin) pre-incubated for 60 mins with Acetyl-Tyr-Val-Ala-Asp-amino-4-methylcoumarin substrate followed by enzyme addition by fluorescence based assay";"B";"BAO_0000357";"single protein format";"Homo sapiens";"None";"None";"None";"None";"";"";"";"CHEMBL3776";"Caspase-8";"Homo sapiens";"SINGLE PROTEIN";"CHEMBL3880422";"38";"Patent Bioactivity Data";"";"2007";"None";"";"";""
"CHEMBL199253";"";"None";"625.62";"1";"3.89";"Example 40";"C[C@H](NC(=O)C(=O)Nc1cc(C(C)(C)C)ccc1C(C)(C)C)C(=O)N[C@@H](CC(=O)O)C(=O)COc1c(F)c(F)cc(F)c1F";"Ki";"'='";"10.0";"nM";"8.00";"";"";"UO_0000065";"12.79";"0.25";"4.11";"5.30";"0";"CHEMBL3881127";"Inhibition of recombinant MCH5 (unknown origin) pre-incubated for 60 mins with Acetyl-Tyr-Val-Ala-Asp-amino-4-methylcoumarin substrate followed by enzyme addition by fluorescence based assay";"B";"BAO_0000357";"single protein format";"Homo sapiens";"None";"None";"None";"None";"";"";"";"CHEMBL3776";"Caspase-8";"Homo sapiens";"SINGLE PROTEIN";"CHEMBL3880422";"38";"Patent Bioactivity Data";"";"2007";"None";"";"";""
"CHEMBL205821";"";"None";"453.47";"0";"0.94";"Table 2, Reference";"CC(C)[C@H](NC(=O)OCc1ccccc1)C(=O)N[C@@H](C)C(=O)N[C@@H](CC(=O)O)C(=O)CF";"Ki";"'='";"18.0";"nM";"7.75";"";"";"UO_0000065";"17.08";"0.33";"6.80";"5.13";"0";"CHEMBL3881127";"Inhibition of recombinant MCH5 (unknown origin) pre-incubated for 60 mins with Acetyl-Tyr-Val-Ala-Asp-amino-4-methylcoumarin substrate followed by enzyme addition by fluorescence based assay";"B";"BAO_0000357";"single protein format";"Homo sapiens";"None";"None";"None";"None";"";"";"";"CHEMBL3776";"Caspase-8";"Homo sapiens";"SINGLE PROTEIN";"CHEMBL3880422";"38";"Patent Bioactivity Data";"";"2007";"None";"";"";""
"CHEMBL90185";"";"None";"609.45";"1";"2.95";"Example 92";"CC(C)[C@H](NC(=O)C(=O)Nc1ccccc1C(F)(F)F)C(=O)N[C@@H](CC(=O)O)C(=O)COc1c(F)c(F)cc(F)c1F";"Ki";"'='";"6.0";"nM";"8.22";"";"";"UO_0000065";"13.49";"0.27";"5.27";"5.45";"0";"CHEMBL3881127";"Inhibition of recombinant MCH5 (unknown origin) pre-incubated for 60 mins with Acetyl-Tyr-Val-Ala-Asp-amino-4-methylcoumarin substrate followed by enzyme addition by fluorescence based assay";"B";"BAO_0000357";"single protein format";"Homo sapiens";"None";"None";"None";"None";"";"";"";"CHEMBL3776";"Caspase-8";"Homo sapiens";"SINGLE PROTEIN";"CHEMBL3880422";"38";"Patent Bioactivity Data";"";"2007";"None";"";"";""
"CHEMBL1907830";"";"None";"385.45";"0";"2.09";"26";"O=C1Nc2ccc(S(=O)(=O)N3CCC[C@H]3CNc3ccccc3)cc2C1=O";"Ki";"'='";"80000.0";"nM";"4.10";"";"";"UO_0000065";"10.63";"0.21";"2.01";"4.29";"0";"CHEMBL659702";"Inhibitory activity against Caspase-8";"B";"BAO_0000357";"single protein format";"None";"None";"None";"None";"None";"";"";"";"CHEMBL3776";"Caspase-8";"Homo sapiens";"SINGLE PROTEIN";"CHEMBL1134769";"1";"Scientific Literature";"J Med Chem";"2001";"None";"";"";""
"CHEMBL3968852";"";"None";"596.46";"1";"2.27";"Ex 54; EX 65";"C[C@H](NC(=O)C(=O)NC12CC3CC(CC(C3)C1)C2)C(=O)N[C@@H](CC(=O)O)C(=O)COC(=O)c1c(Cl)cccc1Cl";"Ki";"'='";"80.0";"nM";"7.10";"";"";"UO_0000065";"11.90";"0.24";"4.83";"4.23";"0";"CHEMBL3881127";"Inhibition of recombinant MCH5 (unknown origin) pre-incubated for 60 mins with Acetyl-Tyr-Val-Ala-Asp-amino-4-methylcoumarin substrate followed by enzyme addition by fluorescence based assay";"B";"BAO_0000357";"single protein format";"Homo sapiens";"None";"None";"None";"None";"";"";"";"CHEMBL3776";"Caspase-8";"Homo sapiens";"SINGLE PROTEIN";"CHEMBL3880422";"38";"Patent Bioactivity Data";"";"2007";"None";"";"";""
"CHEMBL3981787";"";"None";"583.53";"1";"2.28";"Ex 110A; EX 110B";"CC(C)[C@H](NC(=O)C(=O)NC1=CC2CCCC2C=C1)C(=O)N[C@@H](CC(=O)O)C(=O)COc1c(F)c(F)cc(F)c1F";"Ki";"'='";"7.4";"nM";"8.13";"";"";"UO_0000065";"13.93";"0.27";"5.85";"5.39";"0";"CHEMBL3881127";"Inhibition of recombinant MCH5 (unknown origin) pre-incubated for 60 mins with Acetyl-Tyr-Val-Ala-Asp-amino-4-methylcoumarin substrate followed by enzyme addition by fluorescence based assay";"B";"BAO_0000357";"single protein format";"Homo sapiens";"None";"None";"None";"None";"";"";"";"CHEMBL3776";"Caspase-8";"Homo sapiens";"SINGLE PROTEIN";"CHEMBL3880422";"38";"Patent Bioactivity Data";"";"2007";"None";"";"";""
"CHEMBL3928643";"";"None";"552.37";"1";"1.50";"Example 52";"C[C@H](NC(=O)C(=O)NCc1ccccc1)C(=O)N[C@@H](CC(=O)O)C(=O)COC(=O)c1c(Cl)cccc1Cl";"Ki";"'='";"62.0";"nM";"7.21";"";"";"UO_0000065";"13.05";"0.27";"5.71";"4.29";"0";"CHEMBL3881127";"Inhibition of recombinant MCH5 (unknown origin) pre-incubated for 60 mins with Acetyl-Tyr-Val-Ala-Asp-amino-4-methylcoumarin substrate followed by enzyme addition by fluorescence based assay";"B";"BAO_0000357";"single protein format";"Homo sapiens";"None";"None";"None";"None";"";"";"";"CHEMBL3776";"Caspase-8";"Homo sapiens";"SINGLE PROTEIN";"CHEMBL3880422";"38";"Patent Bioactivity Data";"";"2007";"None";"";"";""
"CHEMBL3910815";"";"None";"663.68";"1";"4.30";"Example 9";"CC(C)[C@H](NC(=O)C(=O)Nc1cccc2ccccc12)C(=O)N[C@@H](CC(=O)O)C(=O)COc1c(-c2ccccc2)oc2ccccc2c1=O";"Ki";"'='";"453.0";"nM";"6.34";"";"";"UO_0000065";"9.56";"0.18";"2.04";"3.50";"0";"CHEMBL3881127";"Inhibition of recombinant MCH5 (unknown origin) pre-incubated for 60 mins with Acetyl-Tyr-Val-Ala-Asp-amino-4-methylcoumarin substrate followed by enzyme addition by fluorescence based assay";"B";"BAO_0000357";"single protein format";"Homo sapiens";"None";"None";"None";"None";"";"";"";"CHEMBL3776";"Caspase-8";"Homo sapiens";"SINGLE PROTEIN";"CHEMBL3880422";"38";"Patent Bioactivity Data";"";"2007";"None";"";"";""
"CHEMBL3945053";"";"None";"515.54";"1";"2.17";"Example 31";"C[C@H](NC(=O)C(=O)Nc1ccccc1C(C)(C)C)C(=O)N[C@@H](CC(=O)O)C(=O)COc1ccccc1F";"Ki";"'='";"45.0";"nM";"7.35";"";"";"UO_0000065";"14.25";"0.27";"5.18";"4.87";"0";"CHEMBL3881127";"Inhibition of recombinant MCH5 (unknown origin) pre-incubated for 60 mins with Acetyl-Tyr-Val-Ala-Asp-amino-4-methylcoumarin substrate followed by enzyme addition by fluorescence based assay";"B";"BAO_0000357";"single protein format";"Homo sapiens";"None";"None";"None";"None";"";"";"";"CHEMBL3776";"Caspase-8";"Homo sapiens";"SINGLE PROTEIN";"CHEMBL3880422";"38";"Patent Bioactivity Data";"";"2007";"None";"";"";""
"CHEMBL293622";"";"None";"206.16";"0";"0.75";"1";"CN1C(=O)C(=O)c2cc([N+](=O)[O-])ccc21";"Ki";"'>'";"50000.0";"nM";"";"";"";"UO_0000065";"";"";"";"";"0";"CHEMBL659702";"Inhibitory activity against Caspase-8";"B";"BAO_0000357";"single protein format";"None";"None";"None";"None";"None";"";"";"";"CHEMBL3776";"Caspase-8";"Homo sapiens";"SINGLE PROTEIN";"CHEMBL1134769";"1";"Scientific Literature";"J Med Chem";"2001";"None";"";"";""
"CHEMBL371926";"";"None";"614.44";"1";"3.49";"Example 29";"C[C@H](NC(=O)C(=O)Nc1ccccc1-c1ccccc1)C(=O)N[C@@H](CC(=O)O)C(=O)COC(=O)c1c(Cl)cccc1Cl";"Ki";"'='";"17.0";"nM";"7.77";"";"";"UO_0000065";"12.64";"0.25";"4.28";"4.63";"0";"CHEMBL3881127";"Inhibition of recombinant MCH5 (unknown origin) pre-incubated for 60 mins with Acetyl-Tyr-Val-Ala-Asp-amino-4-methylcoumarin substrate followed by enzyme addition by fluorescence based assay";"B";"BAO_0000357";"single protein format";"Homo sapiens";"None";"None";"None";"None";"";"";"";"CHEMBL3776";"Caspase-8";"Homo sapiens";"SINGLE PROTEIN";"CHEMBL3880422";"38";"Patent Bioactivity Data";"";"2007";"None";"";"";""
"CHEMBL262735";"";"None";"621.63";"1";"2.90";"Ex 32; Ex 47";"C[C@H](NC(=O)C(=O)Nc1ccccc1C(C)(C)C)C(=O)N[C@@H](CC(=O)O)C(=O)COP(=O)(c1ccccc1)c1ccccc1";"Ki";"'='";"8.7";"nM";"8.06";"";"";"UO_0000065";"12.97";"0.25";"5.16";"4.80";"0";"CHEMBL3881127";"Inhibition of recombinant MCH5 (unknown origin) pre-incubated for 60 mins with Acetyl-Tyr-Val-Ala-Asp-amino-4-methylcoumarin substrate followed by enzyme addition by fluorescence based assay";"B";"BAO_0000357";"single protein format";"Homo sapiens";"None";"None";"None";"None";"";"";"";"CHEMBL3776";"Caspase-8";"Homo sapiens";"SINGLE PROTEIN";"CHEMBL3880422";"38";"Patent Bioactivity Data";"";"2007";"None";"";"";""
"CHEMBL382967";"";"None";"572.79";"1";"2.48";"Ex 42; Ex 58";"C[C@H](NC(=O)C(=O)Nc1ccccc1Cl)C(=O)N[C@@H](CC(=O)O)C(=O)COC(=O)c1c(Cl)cccc1Cl";"Ki";"'='";"4.6";"nM";"8.34";"";"";"UO_0000065";"14.56";"0.31";"5.86";"4.96";"0";"CHEMBL3881127";"Inhibition of recombinant MCH5 (unknown origin) pre-incubated for 60 mins with Acetyl-Tyr-Val-Ala-Asp-amino-4-methylcoumarin substrate followed by enzyme addition by fluorescence based assay";"B";"BAO_0000357";"single protein format";"Homo sapiens";"None";"None";"None";"None";"";"";"";"CHEMBL3776";"Caspase-8";"Homo sapiens";"SINGLE PROTEIN";"CHEMBL3880422";"38";"Patent Bioactivity Data";"";"2007";"None";"";"";""
"CHEMBL3944828";"";"None";"592.43";"1";"2.70";"Ex 49; EX 62";"C[C@H](NC(=O)C(=O)Nc1cccc2c1CCCC2)C(=O)N[C@@H](CC(=O)O)C(=O)COC(=O)c1c(Cl)cccc1Cl";"Ki";"'='";"4.0";"nM";"8.40";"";"";"UO_0000065";"14.18";"0.29";"5.70";"5.00";"0";"CHEMBL3881127";"Inhibition of recombinant MCH5 (unknown origin) pre-incubated for 60 mins with Acetyl-Tyr-Val-Ala-Asp-amino-4-methylcoumarin substrate followed by enzyme addition by fluorescence based assay";"B";"BAO_0000357";"single protein format";"Homo sapiens";"None";"None";"None";"None";"";"";"";"CHEMBL3776";"Caspase-8";"Homo sapiens";"SINGLE PROTEIN";"CHEMBL3880422";"38";"Patent Bioactivity Data";"";"2007";"None";"";"";""
"CHEMBL3983710";"";"None";"691.41";"1";"2.21";"Example 74";"C[C@H](NC(=O)C(=O)Nc1ccccc1I)C(=O)N[C@@H](CC(=O)O)C(=O)COP(=O)(c1ccccc1)c1ccccc1";"Ki";"'='";"70.0";"nM";"7.16";"";"";"UO_0000065";"10.35";"0.24";"4.94";"4.26";"0";"CHEMBL3881127";"Inhibition of recombinant MCH5 (unknown origin) pre-incubated for 60 mins with Acetyl-Tyr-Val-Ala-Asp-amino-4-methylcoumarin substrate followed by enzyme addition by fluorescence based assay";"B";"BAO_0000357";"single protein format";"Homo sapiens";"None";"None";"None";"None";"";"";"";"CHEMBL3776";"Caspase-8";"Homo sapiens";"SINGLE PROTEIN";"CHEMBL3880422";"38";"Patent Bioactivity Data";"";"2007";"None";"";"";""
"CHEMBL91442";"";"None";"617.55";"1";"3.60";"Example 83";"CC(C)[C@H](NC(=O)C(=O)Nc1ccccc1-c1ccccc1)C(=O)N[C@@H](CC(=O)O)C(=O)COc1c(F)c(F)cc(F)c1F";"Ki";"'='";"30.0";"nM";"7.52";"";"";"UO_0000065";"12.18";"0.23";"3.92";"4.99";"0";"CHEMBL3881127";"Inhibition of recombinant MCH5 (unknown origin) pre-incubated for 60 mins with Acetyl-Tyr-Val-Ala-Asp-amino-4-methylcoumarin substrate followed by enzyme addition by fluorescence based assay";"B";"BAO_0000357";"single protein format";"Homo sapiens";"None";"None";"None";"None";"";"";"";"CHEMBL3776";"Caspase-8";"Homo sapiens";"SINGLE PROTEIN";"CHEMBL3880422";"38";"Patent Bioactivity Data";"";"2007";"None";"";"";""
"CHEMBL316101";"";"None";"639.64";"1";"4.44";"Example 94";"CCCCCCCc1ccc(NC(=O)C(=O)N[C@H](C(=O)N[C@@H](CC(=O)O)C(=O)COc2c(F)c(F)cc(F)c2F)C(C)C)cc1";"Ki";"'='";"12.0";"nM";"7.92";"";"";"UO_0000065";"12.38";"0.24";"3.48";"5.25";"0";"CHEMBL3881127";"Inhibition of recombinant MCH5 (unknown origin) pre-incubated for 60 mins with Acetyl-Tyr-Val-Ala-Asp-amino-4-methylcoumarin substrate followed by enzyme addition by fluorescence based assay";"B";"BAO_0000357";"single protein format";"Homo sapiens";"None";"None";"None";"None";"";"";"";"CHEMBL3776";"Caspase-8";"Homo sapiens";"SINGLE PROTEIN";"CHEMBL3880422";"38";"Patent Bioactivity Data";"";"2007";"None";"";"";""
"CHEMBL90589";"";"None";"571.48";"1";"1.94";"Example 95";"COc1ccccc1NC(=O)C(=O)N[C@H](C(=O)N[C@@H](CC(=O)O)C(=O)COc1c(F)c(F)cc(F)c1F)C(C)C";"Ki";"'='";"3.0";"nM";"8.52";"";"";"UO_0000065";"14.91";"0.29";"6.58";"5.32";"0";"CHEMBL3881127";"Inhibition of recombinant MCH5 (unknown origin) pre-incubated for 60 mins with Acetyl-Tyr-Val-Ala-Asp-amino-4-methylcoumarin substrate followed by enzyme addition by fluorescence based assay";"B";"BAO_0000357";"single protein format";"Homo sapiens";"None";"None";"None";"None";"";"";"";"CHEMBL3776";"Caspase-8";"Homo sapiens";"SINGLE PROTEIN";"CHEMBL3880422";"38";"Patent Bioactivity Data";"";"2007";"None";"";"";""
"CHEMBL315868";"";"None";"577.43";"1";"2.21";"Example 108";"CC(C)[C@H](NC(=O)C(=O)Nc1c(F)cccc1F)C(=O)N[C@@H](CC(=O)O)C(=O)COc1c(F)c(F)cc(F)c1F";"Ki";"'='";"1.9";"nM";"8.72";"";"";"UO_0000065";"15.10";"0.30";"6.51";"5.78";"0";"CHEMBL3881127";"Inhibition of recombinant MCH5 (unknown origin) pre-incubated for 60 mins with Acetyl-Tyr-Val-Ala-Asp-amino-4-methylcoumarin substrate followed by enzyme addition by fluorescence based assay";"B";"BAO_0000357";"single protein format";"Homo sapiens";"None";"None";"None";"None";"";"";"";"CHEMBL3776";"Caspase-8";"Homo sapiens";"SINGLE PROTEIN";"CHEMBL3880422";"38";"Patent Bioactivity Data";"";"2007";"None";"";"";""
"CHEMBL92355";"";"None";"631.58";"1";"3.20";"Example 81";"CC(C)[C@H](NC(=O)C(=O)NC(c1ccccc1)c1ccccc1)C(=O)N[C@@H](CC(=O)O)C(=O)COc1c(F)c(F)cc(F)c1F";"Ki";"'='";"36.0";"nM";"7.44";"";"";"UO_0000065";"11.79";"0.23";"4.24";"4.93";"0";"CHEMBL3881127";"Inhibition of recombinant MCH5 (unknown origin) pre-incubated for 60 mins with Acetyl-Tyr-Val-Ala-Asp-amino-4-methylcoumarin substrate followed by enzyme addition by fluorescence based assay";"B";"BAO_0000357";"single protein format";"Homo sapiens";"None";"None";"None";"None";"";"";"";"CHEMBL3776";"Caspase-8";"Homo sapiens";"SINGLE PROTEIN";"CHEMBL3880422";"38";"Patent Bioactivity Data";"";"2007";"None";"";"";""
"CHEMBL91281";"";"None";"643.63";"1";"3.39";"Example 11";"CC(C)[C@H](NC(=O)C(=O)Nc1cccc2ccccc12)C(=O)N[C@@H](CC(=O)O)C(=O)COP(=O)(c1ccccc1)c1ccccc1";"Ki";"'='";"1.3";"nM";"8.89";"";"";"UO_0000065";"13.81";"0.26";"5.50";"5.29";"0";"CHEMBL3881127";"Inhibition of recombinant MCH5 (unknown origin) pre-incubated for 60 mins with Acetyl-Tyr-Val-Ala-Asp-amino-4-methylcoumarin substrate followed by enzyme addition by fluorescence based assay";"B";"BAO_0000357";"single protein format";"Homo sapiens";"None";"None";"None";"None";"";"";"";"CHEMBL3776";"Caspase-8";"Homo sapiens";"SINGLE PROTEIN";"CHEMBL3880422";"38";"Patent Bioactivity Data";"";"2007";"None";"";"";""
"CHEMBL316102";"";"None";"653.67";"1";"4.52";"Example 109";"CC(C)[C@H](NC(=O)C(=O)Nc1cc(C(C)(C)C)ccc1C(C)(C)C)C(=O)N[C@@H](CC(=O)O)C(=O)COc1c(F)c(F)cc(F)c1F";"Ki";"'='";"34.0";"nM";"7.47";"";"";"UO_0000065";"11.43";"0.22";"2.95";"4.95";"0";"CHEMBL3881127";"Inhibition of recombinant MCH5 (unknown origin) pre-incubated for 60 mins with Acetyl-Tyr-Val-Ala-Asp-amino-4-methylcoumarin substrate followed by enzyme addition by fluorescence based assay";"B";"BAO_0000357";"single protein format";"Homo sapiens";"None";"None";"None";"None";"";"";"";"CHEMBL3776";"Caspase-8";"Homo sapiens";"SINGLE PROTEIN";"CHEMBL3880422";"38";"Patent Bioactivity Data";"";"2007";"None";"";"";""
"CHEMBL60306";"";"None";"282.25";"0";"2.32";"2";"O=C1C(=O)N(Cc2ccccc2)c2ccc([N+](=O)[O-])cc21";"Ki";"'='";"31000.0";"nM";"4.51";"";"";"UO_0000065";"15.97";"0.29";"2.19";"5.60";"0";"CHEMBL659702";"Inhibitory activity against Caspase-8";"B";"BAO_0000357";"single protein format";"None";"None";"None";"None";"None";"";"";"";"CHEMBL3776";"Caspase-8";"Homo sapiens";"SINGLE PROTEIN";"CHEMBL1134769";"1";"Scientific Literature";"J Med Chem";"2001";"None";"";"";""
"CHEMBL62187";"";"None";"399.47";"0";"2.11";"27";"CN(CC1CCCN1S(=O)(=O)c1ccc2c(c1)C(=O)C(=O)N2)c1ccccc1";"Ki";"'>'";"50000.0";"nM";"";"";"";"UO_0000065";"";"";"";"";"0";"CHEMBL659702";"Inhibitory activity against Caspase-8";"B";"BAO_0000357";"single protein format";"None";"None";"None";"None";"None";"";"";"";"CHEMBL3776";"Caspase-8";"Homo sapiens";"SINGLE PROTEIN";"CHEMBL1134769";"1";"Scientific Literature";"J Med Chem";"2001";"None";"";"";""
"CHEMBL3895160";"";"None";"556.33";"1";"1.96";"Example 44";"C[C@H](NC(=O)C(=O)Nc1ccc(F)cc1)C(=O)N[C@@H](CC(=O)O)C(=O)COC(=O)c1c(Cl)cccc1Cl";"Ki";"'='";"462.0";"nM";"6.33";"";"";"UO_0000065";"11.39";"0.23";"4.38";"3.77";"0";"CHEMBL3881127";"Inhibition of recombinant MCH5 (unknown origin) pre-incubated for 60 mins with Acetyl-Tyr-Val-Ala-Asp-amino-4-methylcoumarin substrate followed by enzyme addition by fluorescence based assay";"B";"BAO_0000357";"single protein format";"Homo sapiens";"None";"None";"None";"None";"";"";"";"CHEMBL3776";"Caspase-8";"Homo sapiens";"SINGLE PROTEIN";"CHEMBL3880422";"38";"Patent Bioactivity Data";"";"2007";"None";"";"";""
"CHEMBL3960740";"";"None";"702.62";"1";"3.22";"Example 46";"C[C@H](NC(=O)C(=O)Nc1cc(C(F)(F)F)ccc1N1CCCC1)C(=O)N[C@@H](CC(=O)O)C(=O)COP(=O)(c1ccccc1)c1ccccc1";"Ki";"'='";"4.4";"nM";"8.36";"";"";"UO_0000065";"11.89";"0.23";"5.14";"4.88";"0";"CHEMBL3881127";"Inhibition of recombinant MCH5 (unknown origin) pre-incubated for 60 mins with Acetyl-Tyr-Val-Ala-Asp-amino-4-methylcoumarin substrate followed by enzyme addition by fluorescence based assay";"B";"BAO_0000357";"single protein format";"Homo sapiens";"None";"None";"None";"None";"";"";"";"CHEMBL3776";"Caspase-8";"Homo sapiens";"SINGLE PROTEIN";"CHEMBL3880422";"38";"Patent Bioactivity Data";"";"2007";"None";"";"";""
"CHEMBL3917557";"";"None";"544.39";"1";"1.63";"Example 55";"C[C@H](NC(=O)C(=O)NC1CCCCC1)C(=O)N[C@@H](CC(=O)O)C(=O)COC(=O)c1c(Cl)cccc1Cl";"Ki";"'='";"2.6";"nM";"8.59";"";"";"UO_0000065";"15.77";"0.33";"6.96";"5.11";"0";"CHEMBL3881127";"Inhibition of recombinant MCH5 (unknown origin) pre-incubated for 60 mins with Acetyl-Tyr-Val-Ala-Asp-amino-4-methylcoumarin substrate followed by enzyme addition by fluorescence based assay";"B";"BAO_0000357";"single protein format";"Homo sapiens";"None";"None";"None";"None";"";"";"";"CHEMBL3776";"Caspase-8";"Homo sapiens";"SINGLE PROTEIN";"CHEMBL3880422";"38";"Patent Bioactivity Data";"";"2007";"None";"";"";""
"CHEMBL422849";"";"None";"450.43";"0";"0.34";"3";"O=C[C@H](CC(=O)O)NC(=O)c1ccc(CNS(=O)(=O)c2ccc(O)c(C(=O)O)c2)cc1";"Ki";"'='";"150.0";"nM";"6.82";"";"";"UO_0000065";"15.15";"0.30";"6.48";"3.65";"0";"CHEMBL659701";"Inhibitory activity against Caspase-8";"B";"BAO_0000357";"single protein format";"None";"None";"None";"None";"None";"";"";"";"CHEMBL3776";"Caspase-8";"Homo sapiens";"SINGLE PROTEIN";"CHEMBL1135612";"1";"Scientific Literature";"J Med Chem";"2002";"None";"";"";""
"CHEMBL195150";"";"None";"291.33";"0";"2.83";"BI-7E7";"CCOC(=O)c1csc(C2COc3ccccc3O2)n1";"Ki";"'='";"30000.0";"nM";"4.52";"";"";"UO_0000065";"15.52";"0.31";"1.69";"7.85";"0";"CHEMBL828947";"Binding affinity against caspase-8 expressed in Escherichia coli. BL21(DE3) by fluorometric assay";"B";"BAO_0000019";"assay format";"None";"None";"None";"None";"None";"";"";"";"CHEMBL3776";"Caspase-8";"Homo sapiens";"SINGLE PROTEIN";"CHEMBL1145192";"1";"Scientific Literature";"J Med Chem";"2005";"None";"";"";""
"CHEMBL305545";"";"None";"280.31";"0";"0.61";"20";"O=C1Nc2ccc(S(=O)(=O)N3CCCC3)cc2C1=O";"Ki";"'>'";"50000.0";"nM";"";"";"";"UO_0000065";"";"";"";"";"0";"CHEMBL659702";"Inhibitory activity against Caspase-8";"B";"BAO_0000357";"single protein format";"None";"None";"None";"None";"None";"";"";"";"CHEMBL3776";"Caspase-8";"Homo sapiens";"SINGLE PROTEIN";"CHEMBL1134769";"1";"Scientific Literature";"J Med Chem";"2001";"None";"";"";""
"CHEMBL435284";"";"None";"628.11";"1";"2.75";"64b";"O=C(O)C[C@H](NC(=O)c1cnc(CNS(=O)(=O)c2ccc(O)c(C(=O)O)c2)s1)C(=O)CSCc1ccccc1Cl";"Ki";"'='";"19000.0";"nM";"4.72";"";"";"UO_0000065";"7.52";"0.16";"1.97";"2.36";"0";"CHEMBL659701";"Inhibitory activity against Caspase-8";"B";"BAO_0000357";"single protein format";"None";"None";"None";"None";"None";"";"";"";"CHEMBL3776";"Caspase-8";"Homo sapiens";"SINGLE PROTEIN";"CHEMBL1135612";"1";"Scientific Literature";"J Med Chem";"2002";"None";"";"";""
"CHEMBL3934331";"";"None";"445.45";"0";"1.42";"Example 3";"CC(C)[C@H](NC(=O)C(=O)Nc1cccc2ccccc12)C(=O)NC(CC(=O)O)C(=O)CF";"Ki";"'='";"1.3";"nM";"8.89";"";"";"UO_0000065";"19.95";"0.38";"7.47";"6.27";"0";"CHEMBL3881127";"Inhibition of recombinant MCH5 (unknown origin) pre-incubated for 60 mins with Acetyl-Tyr-Val-Ala-Asp-amino-4-methylcoumarin substrate followed by enzyme addition by fluorescence based assay";"B";"BAO_0000357";"single protein format";"Homo sapiens";"None";"None";"None";"None";"";"";"";"CHEMBL3776";"Caspase-8";"Homo sapiens";"SINGLE PROTEIN";"CHEMBL3880422";"38";"Patent Bioactivity Data";"";"2007";"None";"";"";""
"CHEMBL3961549";"";"None";"602.43";"1";"2.65";"Example 34";"C[C@H](NC(=O)C(=O)NCc1cccc2ccccc12)C(=O)N[C@@H](CC(=O)O)C(=O)COC(=O)c1c(Cl)cccc1Cl";"Ki";"'='";"4.2";"nM";"8.38";"";"";"UO_0000065";"13.90";"0.28";"5.73";"4.99";"0";"CHEMBL3881127";"Inhibition of recombinant MCH5 (unknown origin) pre-incubated for 60 mins with Acetyl-Tyr-Val-Ala-Asp-amino-4-methylcoumarin substrate followed by enzyme addition by fluorescence based assay";"B";"BAO_0000357";"single protein format";"Homo sapiens";"None";"None";"None";"None";"";"";"";"CHEMBL3776";"Caspase-8";"Homo sapiens";"SINGLE PROTEIN";"CHEMBL3880422";"38";"Patent Bioactivity Data";"";"2007";"None";"";"";""
"CHEMBL3910303";"";"None";"593.57";"1";"1.32";"Example 72";"C[C@H](NC(=O)C(=O)NCCc1ccccc1)C(=O)N[C@@H](CC(=O)O)C(=O)COP(=O)(c1ccccc1)c1ccccc1";"Ki";"'='";"8.1";"nM";"8.09";"";"";"UO_0000065";"13.63";"0.26";"6.77";"4.82";"0";"CHEMBL3881127";"Inhibition of recombinant MCH5 (unknown origin) pre-incubated for 60 mins with Acetyl-Tyr-Val-Ala-Asp-amino-4-methylcoumarin substrate followed by enzyme addition by fluorescence based assay";"B";"BAO_0000357";"single protein format";"Homo sapiens";"None";"None";"None";"None";"";"";"";"CHEMBL3776";"Caspase-8";"Homo sapiens";"SINGLE PROTEIN";"CHEMBL3880422";"38";"Patent Bioactivity Data";"";"2007";"None";"";"";""
"CHEMBL3950285";"";"None";"614.40";"1";"1.88";"Example 102";"CC(C)[C@H](NC(=O)C(=O)Nc1c(F)c(F)nc(F)c1F)C(=O)N[C@@H](CC(=O)O)C(=O)COc1c(F)c(F)cc(F)c1F";"Ki";"'='";"10.0";"nM";"8.00";"";"";"UO_0000065";"13.02";"0.26";"6.12";"4.88";"0";"CHEMBL3881127";"Inhibition of recombinant MCH5 (unknown origin) pre-incubated for 60 mins with Acetyl-Tyr-Val-Ala-Asp-amino-4-methylcoumarin substrate followed by enzyme addition by fluorescence based assay";"B";"BAO_0000357";"single protein format";"Homo sapiens";"None";"None";"None";"None";"";"";"";"CHEMBL3776";"Caspase-8";"Homo sapiens";"SINGLE PROTEIN";"CHEMBL3880422";"38";"Patent Bioactivity Data";"";"2007";"None";"";"";""
"CHEMBL92848";"";"None";"575.90";"1";"2.58";"Example 105";"CC(C)[C@H](NC(=O)C(=O)Nc1ccccc1Cl)C(=O)N[C@@H](CC(=O)O)C(=O)COc1c(F)c(F)cc(F)c1F";"Ki";"'='";"52.0";"nM";"7.28";"";"";"UO_0000065";"12.65";"0.26";"4.70";"4.83";"0";"CHEMBL3881127";"Inhibition of recombinant MCH5 (unknown origin) pre-incubated for 60 mins with Acetyl-Tyr-Val-Ala-Asp-amino-4-methylcoumarin substrate followed by enzyme addition by fluorescence based assay";"B";"BAO_0000357";"single protein format";"Homo sapiens";"None";"None";"None";"None";"";"";"";"CHEMBL3776";"Caspase-8";"Homo sapiens";"SINGLE PROTEIN";"CHEMBL3880422";"38";"Patent Bioactivity Data";"";"2007";"None";"";"";""
"CHEMBL1199895";"";"None";"542.44";"1";"1.32";"Example 101";"CC(C)[C@H](NC(=O)C(=O)Nc1ccncc1)C(=O)N[C@@H](CC(=O)O)C(=O)COc1c(F)c(F)cc(F)c1F";"Ki";"'='";"1550.0";"nM";"5.81";"";"";"UO_0000065";"10.71";"0.21";"4.49";"3.55";"0";"CHEMBL3881127";"Inhibition of recombinant MCH5 (unknown origin) pre-incubated for 60 mins with Acetyl-Tyr-Val-Ala-Asp-amino-4-methylcoumarin substrate followed by enzyme addition by fluorescence based assay";"B";"BAO_0000357";"single protein format";"Homo sapiens";"None";"None";"None";"None";"";"";"";"CHEMBL3776";"Caspase-8";"Homo sapiens";"SINGLE PROTEIN";"CHEMBL3880422";"38";"Patent Bioactivity Data";"";"2007";"None";"";"";""
"CHEMBL1199648";"";"None";"542.44";"1";"1.32";"Example 100";"CC(C)[C@H](NC(=O)C(=O)Nc1ccccn1)C(=O)N[C@@H](CC(=O)O)C(=O)COc1c(F)c(F)cc(F)c1F";"Ki";"'='";"157.0";"nM";"6.80";"";"";"UO_0000065";"12.54";"0.24";"5.48";"4.15";"0";"CHEMBL3881127";"Inhibition of recombinant MCH5 (unknown origin) pre-incubated for 60 mins with Acetyl-Tyr-Val-Ala-Asp-amino-4-methylcoumarin substrate followed by enzyme addition by fluorescence based assay";"B";"BAO_0000357";"single protein format";"Homo sapiens";"None";"None";"None";"None";"";"";"";"CHEMBL3776";"Caspase-8";"Homo sapiens";"SINGLE PROTEIN";"CHEMBL3880422";"38";"Patent Bioactivity Data";"";"2007";"None";"";"";""
"CHEMBL440211";"";"None";"531.39";"1";"1.43";"Example 66";"C[C@H](NC(=O)C(=O)Nc1ccccc1F)C(=O)N[C@@H](CC(=O)O)C(=O)COc1c(F)c(F)cc(F)c1F";"Ki";"'='";"13.0";"nM";"7.89";"";"";"UO_0000065";"14.84";"0.29";"6.46";"5.23";"0";"CHEMBL3881127";"Inhibition of recombinant MCH5 (unknown origin) pre-incubated for 60 mins with Acetyl-Tyr-Val-Ala-Asp-amino-4-methylcoumarin substrate followed by enzyme addition by fluorescence based assay";"B";"BAO_0000357";"single protein format";"Homo sapiens";"None";"None";"None";"None";"";"";"";"CHEMBL3776";"Caspase-8";"Homo sapiens";"SINGLE PROTEIN";"CHEMBL3880422";"38";"Patent Bioactivity Data";"";"2007";"None";"";"";""
"CHEMBL330110";"";"None";"605.54";"1";"2.76";"Example 78";"CC(C)[C@H](NC(=O)C(=O)NCc1cccc2ccccc12)C(=O)N[C@@H](CC(=O)O)C(=O)COc1c(F)c(F)cc(F)c1F";"Ki";"'='";"4.0";"nM";"8.40";"";"";"UO_0000065";"13.87";"0.27";"5.64";"5.57";"0";"CHEMBL3881127";"Inhibition of recombinant MCH5 (unknown origin) pre-incubated for 60 mins with Acetyl-Tyr-Val-Ala-Asp-amino-4-methylcoumarin substrate followed by enzyme addition by fluorescence based assay";"B";"BAO_0000357";"single protein format";"Homo sapiens";"None";"None";"None";"None";"";"";"";"CHEMBL3776";"Caspase-8";"Homo sapiens";"SINGLE PROTEIN";"CHEMBL3880422";"38";"Patent Bioactivity Data";"";"2007";"None";"";"";""
"CHEMBL3951248";"";"None";"551.55";"1";"1.79";"Example 8";"Cc1cc(OCC(=O)[C@H](CC(=O)O)NC(=O)[C@@H](NC(=O)C(=O)Nc2cccc3ccccc23)C(C)C)cc(=O)o1";"Ki";"'='";"29.0";"nM";"7.54";"";"";"UO_0000065";"13.67";"0.26";"5.75";"4.16";"0";"CHEMBL3881127";"Inhibition of recombinant MCH5 (unknown origin) pre-incubated for 60 mins with Acetyl-Tyr-Val-Ala-Asp-amino-4-methylcoumarin substrate followed by enzyme addition by fluorescence based assay";"B";"BAO_0000357";"single protein format";"Homo sapiens";"None";"None";"None";"None";"";"";"";"CHEMBL3776";"Caspase-8";"Homo sapiens";"SINGLE PROTEIN";"CHEMBL3880422";"38";"Patent Bioactivity Data";"";"2007";"None";"";"";""
"CHEMBL194235";"";"None";"650.56";"1";"4.42";"Example 60";"C[C@H](NC(=O)C(=O)Nc1cc(C(C)(C)C)ccc1C(C)(C)C)C(=O)N[C@@H](CC(=O)O)C(=O)COC(=O)c1c(Cl)cccc1Cl";"Ki";"'='";"14.0";"nM";"7.85";"";"";"UO_0000065";"12.07";"0.24";"3.43";"4.68";"0";"CHEMBL3881127";"Inhibition of recombinant MCH5 (unknown origin) pre-incubated for 60 mins with Acetyl-Tyr-Val-Ala-Asp-amino-4-methylcoumarin substrate followed by enzyme addition by fluorescence based assay";"B";"BAO_0000357";"single protein format";"Homo sapiens";"None";"None";"None";"None";"";"";"";"CHEMBL3776";"Caspase-8";"Homo sapiens";"SINGLE PROTEIN";"CHEMBL3880422";"38";"Patent Bioactivity Data";"";"2007";"None";"";"";""
"CHEMBL1199647";"";"None";"543.43";"1";"0.72";"Example 103";"CC(C)[C@H](NC(=O)C(=O)Nc1cnccn1)C(=O)N[C@@H](CC(=O)O)C(=O)COc1c(F)c(F)cc(F)c1F";"Ki";"'='";"4.7";"nM";"8.33";"";"";"UO_0000065";"15.32";"0.30";"7.61";"4.71";"0";"CHEMBL3881127";"Inhibition of recombinant MCH5 (unknown origin) pre-incubated for 60 mins with Acetyl-Tyr-Val-Ala-Asp-amino-4-methylcoumarin substrate followed by enzyme addition by fluorescence based assay";"B";"BAO_0000357";"single protein format";"Homo sapiens";"None";"None";"None";"None";"";"";"";"CHEMBL3776";"Caspase-8";"Homo sapiens";"SINGLE PROTEIN";"CHEMBL3880422";"38";"Patent Bioactivity Data";"";"2007";"None";"";"";""
"CHEMBL3977587";"";"None";"664.24";"1";"2.43";"Ex 38; Ex 75";"C[C@H](NC(=O)C(=O)Nc1ccccc1I)C(=O)N[C@@H](CC(=O)O)C(=O)COC(=O)c1c(Cl)cccc1Cl";"Ki";"'='";"4.0";"nM";"8.40";"";"";"UO_0000065";"12.64";"0.31";"5.97";"5.00";"0";"CHEMBL3881127";"Inhibition of recombinant MCH5 (unknown origin) pre-incubated for 60 mins with Acetyl-Tyr-Val-Ala-Asp-amino-4-methylcoumarin substrate followed by enzyme addition by fluorescence based assay";"B";"BAO_0000357";"single protein format";"Homo sapiens";"None";"None";"None";"None";"";"";"";"CHEMBL3776";"Caspase-8";"Homo sapiens";"SINGLE PROTEIN";"CHEMBL3880422";"38";"Patent Bioactivity Data";"";"2007";"None";"";"";""
"CHEMBL3914770";"";"None";"571.57";"1";"1.41";"Example 56";"C[C@H](NC(=O)C(=O)NC1CCCCC1)C(=O)N[C@@H](CC(=O)O)C(=O)COP(=O)(c1ccccc1)c1ccccc1";"Ki";"'='";"2.5";"nM";"8.60";"";"";"UO_0000065";"15.05";"0.29";"7.19";"5.12";"0";"CHEMBL3881127";"Inhibition of recombinant MCH5 (unknown origin) pre-incubated for 60 mins with Acetyl-Tyr-Val-Ala-Asp-amino-4-methylcoumarin substrate followed by enzyme addition by fluorescence based assay";"B";"BAO_0000357";"single protein format";"Homo sapiens";"None";"None";"None";"None";"";"";"";"CHEMBL3776";"Caspase-8";"Homo sapiens";"SINGLE PROTEIN";"CHEMBL3880422";"38";"Patent Bioactivity Data";"";"2007";"None";"";"";""
"CHEMBL197242";"";"None";"527.43";"1";"0.97";"Example 51";"C[C@H](NC(=O)C(=O)NCc1ccccc1)C(=O)N[C@@H](CC(=O)O)C(=O)COc1c(F)c(F)cc(F)c1F";"Ki";"'='";"83.0";"nM";"7.08";"";"";"UO_0000065";"13.43";"0.26";"6.11";"4.69";"0";"CHEMBL3881127";"Inhibition of recombinant MCH5 (unknown origin) pre-incubated for 60 mins with Acetyl-Tyr-Val-Ala-Asp-amino-4-methylcoumarin substrate followed by enzyme addition by fluorescence based assay";"B";"BAO_0000357";"single protein format";"Homo sapiens";"None";"None";"None";"None";"";"";"";"CHEMBL3776";"Caspase-8";"Homo sapiens";"SINGLE PROTEIN";"CHEMBL3880422";"38";"Patent Bioactivity Data";"";"2007";"None";"";"";""
