"Molecule ChEMBL ID";"Molecule Name";"Molecule Max Phase";"Molecular Weight";"#RO5 Violations";"AlogP";"Compound Key";"Smiles";"Standard Type";"Standard Relation";"Standard Value";"Standard Units";"pChEMBL Value";"Data Validity Comment";"Comment";"Uo Units";"Ligand Efficiency BEI";"Ligand Efficiency LE";"Ligand Efficiency LLE";"Ligand Efficiency SEI";"Potential Duplicate";"Assay ChEMBL ID";"Assay Description";"Assay Type";"BAO Format ID";"BAO Label";"Assay Organism";"Assay Tissue ChEMBL ID";"Assay Tissue Name";"Assay Cell Type";"Assay Subcellular Fraction";"Assay Parameters";"Assay Variant Accession";"Assay Variant Mutation";"Target ChEMBL ID";"Target Name";"Target Organism";"Target Type";"Document ChEMBL ID";"Source ID";"Source Description";"Document Journal";"Document Year";"Cell ChEMBL ID";"Properties";"Action Type";"Standard Text Value"
"CHEMBL3417291";"";"None";"1515.79";"None";"None";"1";"CCCC[C@H](NC(=O)[C@@H]1CCCN1C(=O)CNC(=O)[C@H](CCCCN)NC(=O)[C@H](Cc1cnc[nH]1)NC(=O)[C@H](CO)NC(=O)[C@H](CC(C)C)NC(=O)[C@H](CCCNC(=N)N)NC(=O)[C@@H]1CCCN1C(=O)[C@H](CCCNC(=N)N)NC(=O)[C@@H]1CCC(=O)N1)C(=O)N1CCC[C@H]1C(=O)N[C@@H](Cc1ccccc1)C(=O)O";"IC50";"'='";"2.6";"nM";"8.59";"";"";"UO_0000065";"5.66";"None";"None";"None";"0";"CHEMBL3421344";"Displacement of [125I]apelin-13[Glp65,Nle75,Tyr77] from YFP epitope-tagged human APJ receptor expressed in HEK293 cell membranes incubated for 1 hr by gamma counting method";"B";"BAO_0000219";"cell-based format";"Homo sapiens";"None";"None";"HEK293";"None";"";"";"";"CHEMBL1628481";"Apelin receptor";"Homo sapiens";"SINGLE PROTEIN";"CHEMBL3414462";"1";"Scientific Literature";"J Med Chem";"2015";"CHEMBL3307715";"";"";""
"CHEMBL3417394";"";"None";"578.71";"1";"2.80";"23";"CCCC[C@H](NC(=O)[C@@H]1CCCN1)C(=O)N1CCC[C@H]1C(=O)N[C@@H](Cc1ccc(OCc2ccccc2)cc1)C(=O)O";"IC50";"'>'";"10000.0";"nM";"";"";"";"UO_0000065";"";"";"";"";"0";"CHEMBL3421344";"Displacement of [125I]apelin-13[Glp65,Nle75,Tyr77] from YFP epitope-tagged human APJ receptor expressed in HEK293 cell membranes incubated for 1 hr by gamma counting method";"B";"BAO_0000219";"cell-based format";"Homo sapiens";"None";"None";"HEK293";"None";"";"";"";"CHEMBL1628481";"Apelin receptor";"Homo sapiens";"SINGLE PROTEIN";"CHEMBL3414462";"1";"Scientific Literature";"J Med Chem";"2015";"CHEMBL3307715";"";"";""
"CHEMBL1599381";"";"None";"487.56";"0";"3.03";"39";"Cc1ccnc(SCc2cc(=O)c(OC(=O)c3ccc(S(=O)(=O)N4CCCC4)cc3)co2)n1";"IC50";"'='";"39900.0";"nM";"4.40";"";"";"UO_0000065";"";"";"";"";"0";"CHEMBL2161530";"Antagonist activity at APJ receptor expressed in CHOK1 cells assessed as inhibition of apelin13-induced beta-arrestin recruitment after 90 mins by luminescence assay";"F";"BAO_0000219";"cell-based format";"None";"None";"None";"CHO-K1";"None";"";"";"";"CHEMBL1628481";"Apelin receptor";"Homo sapiens";"SINGLE PROTEIN";"CHEMBL2157975";"1";"Scientific Literature";"Bioorg Med Chem Lett";"2012";"CHEMBL3307512";"";"";""
"CHEMBL1346478";"";"None";"433.83";"0";"3.81";"29, MLS-0224164";"Cc1ccnc(SCc2cc(=O)c(OC(=O)c3ccc(Cl)c([N+](=O)[O-])c3)co2)n1";"IC50";"'='";"1750.0";"nM";"5.76";"";"";"UO_0000065";"";"";"";"";"0";"CHEMBL2161530";"Antagonist activity at APJ receptor expressed in CHOK1 cells assessed as inhibition of apelin13-induced beta-arrestin recruitment after 90 mins by luminescence assay";"F";"BAO_0000219";"cell-based format";"None";"None";"None";"CHO-K1";"None";"";"";"";"CHEMBL1628481";"Apelin receptor";"Homo sapiens";"SINGLE PROTEIN";"CHEMBL2157975";"1";"Scientific Literature";"Bioorg Med Chem Lett";"2012";"CHEMBL3307512";"";"";""
"CHEMBL2158268";"";"None";"475.55";"0";"2.97";"24";"CCN(CC)S(=O)(=O)c1ccc(C(=O)Oc2coc(CSc3ncccn3)cc2=O)cc1";"IC50";"'>'";"79000.0";"nM";"";"";"";"UO_0000065";"";"";"";"";"0";"CHEMBL2161530";"Antagonist activity at APJ receptor expressed in CHOK1 cells assessed as inhibition of apelin13-induced beta-arrestin recruitment after 90 mins by luminescence assay";"F";"BAO_0000219";"cell-based format";"None";"None";"None";"CHO-K1";"None";"";"";"";"CHEMBL1628481";"Apelin receptor";"Homo sapiens";"SINGLE PROTEIN";"CHEMBL2157975";"1";"Scientific Literature";"Bioorg Med Chem Lett";"2012";"CHEMBL3307512";"";"";""
"CHEMBL2158262";"";"None";"358.35";"0";"3.08";"16";"O=C(Oc1coc(CSc2ncccn2)cc1=O)c1ccc(F)cc1";"IC50";"'>'";"79000.0";"nM";"";"";"";"UO_0000065";"";"";"";"";"0";"CHEMBL2161530";"Antagonist activity at APJ receptor expressed in CHOK1 cells assessed as inhibition of apelin13-induced beta-arrestin recruitment after 90 mins by luminescence assay";"F";"BAO_0000219";"cell-based format";"None";"None";"None";"CHO-K1";"None";"";"";"";"CHEMBL1628481";"Apelin receptor";"Homo sapiens";"SINGLE PROTEIN";"CHEMBL2157975";"1";"Scientific Literature";"Bioorg Med Chem Lett";"2012";"CHEMBL3307512";"";"";""
"CHEMBL2158277";"";"None";"422.38";"0";"4.27";"35";"Cc1ccnc(SCc2cc(=O)c(OC(=O)c3ccc(C(F)(F)F)cc3)co2)n1";"IC50";"'='";"20600.0";"nM";"4.69";"";"";"UO_0000065";"";"";"";"";"0";"CHEMBL2161530";"Antagonist activity at APJ receptor expressed in CHOK1 cells assessed as inhibition of apelin13-induced beta-arrestin recruitment after 90 mins by luminescence assay";"F";"BAO_0000219";"cell-based format";"None";"None";"None";"CHO-K1";"None";"";"";"";"CHEMBL1628481";"Apelin receptor";"Homo sapiens";"SINGLE PROTEIN";"CHEMBL2157975";"1";"Scientific Literature";"Bioorg Med Chem Lett";"2012";"CHEMBL3307512";"";"";""
"CHEMBL2158275";"";"None";"399.38";"0";"3.16";"33";"Cc1ccnc(SCc2cc(=O)c(OC(=O)c3ccc([N+](=O)[O-])cc3)co2)n1";"IC50";"'='";"3110.0";"nM";"5.51";"";"";"UO_0000065";"";"";"";"";"0";"CHEMBL2161530";"Antagonist activity at APJ receptor expressed in CHOK1 cells assessed as inhibition of apelin13-induced beta-arrestin recruitment after 90 mins by luminescence assay";"F";"BAO_0000219";"cell-based format";"None";"None";"None";"CHO-K1";"None";"";"";"";"CHEMBL1628481";"Apelin receptor";"Homo sapiens";"SINGLE PROTEIN";"CHEMBL2157975";"1";"Scientific Literature";"Bioorg Med Chem Lett";"2012";"CHEMBL3307512";"";"";""
"CHEMBL1875956";"";"None";"1131.27";"None";"None";"SID124384879";"C/C=C(\C)C(=O)OC1[C@H](OC(C)=O)C2(CO)C(CC1(C)C)C1=CCC3C4(C)CCC(O[C@@H]5O[C@H](C(=O)O)[C@@H](O[C@@H]6O[C@H](CO)[C@@H](O)[C@H](O)[C@H]6O)[C@H](O)[C@H]5O[C@H]5O[C@H](CO)[C@@H](O)[C@H](O)[C@H]5O)[C@](C)(CO)C4CCC3(C)[C@]1(C)C[C@H]2O";"IC50";"'='";"9070.0";"nM";"5.04";"";"active";"UO_0000065";"";"";"";"";"0";"CHEMBL1794368";"PUBCHEM_BIOASSAY: SAR analysis counterscreen of small molecule antagonists of the CCR6 receptor using an APJ receptor luminescent beta-arrestin assay. (Class of assay: confirmatory) [Related pubchem assays (depositor defined):AID493098, AID493121, AID493159]";"F";"BAO_0000019";"assay format";"None";"None";"None";"None";"None";"";"";"";"CHEMBL1628481";"Apelin receptor";"Homo sapiens";"SINGLE PROTEIN";"CHEMBL1201862";"7";"PubChem BioAssays";"";"";"None";"";"";""
"CHEMBL1470485";"";"None";"347.37";"0";"2.16";"SID124384869";"O=C1C2C3C=CC(CO)(O3)C2C(=O)N1c1ccccc1-c1ccccc1";"IC50";"'>'";"66600.0";"nM";"";"";"inactive";"UO_0000065";"";"";"";"";"0";"CHEMBL1794368";"PUBCHEM_BIOASSAY: SAR analysis counterscreen of small molecule antagonists of the CCR6 receptor using an APJ receptor luminescent beta-arrestin assay. (Class of assay: confirmatory) [Related pubchem assays (depositor defined):AID493098, AID493121, AID493159]";"F";"BAO_0000019";"assay format";"None";"None";"None";"None";"None";"";"";"";"CHEMBL1628481";"Apelin receptor";"Homo sapiens";"SINGLE PROTEIN";"CHEMBL1201862";"7";"PubChem BioAssays";"";"";"None";"";"";""
"CHEMBL1904956";"";"None";"339.40";"0";"2.67";"SID124384884";"CC(C)(C)c1ccc2c(c1)OC(C(=O)N/N=C\c1ccccn1)CO2";"IC50";"'='";"28800.0";"nM";"4.54";"";"inactive";"UO_0000065";"";"";"";"";"0";"CHEMBL1794368";"PUBCHEM_BIOASSAY: SAR analysis counterscreen of small molecule antagonists of the CCR6 receptor using an APJ receptor luminescent beta-arrestin assay. (Class of assay: confirmatory) [Related pubchem assays (depositor defined):AID493098, AID493121, AID493159]";"F";"BAO_0000019";"assay format";"None";"None";"None";"None";"None";"";"";"";"CHEMBL1628481";"Apelin receptor";"Homo sapiens";"SINGLE PROTEIN";"CHEMBL1201862";"7";"PubChem BioAssays";"";"";"None";"";"";""
"CHEMBL67166";"SPHINGOSINE";"None";"299.50";"0";"3.92";"SID124384872";"CCCCCCCCCCCCC/C=C/[C@@H](O)[C@@H](N)CO";"IC50";"'>'";"66600.0";"nM";"";"";"inactive";"UO_0000065";"";"";"";"";"0";"CHEMBL1794368";"PUBCHEM_BIOASSAY: SAR analysis counterscreen of small molecule antagonists of the CCR6 receptor using an APJ receptor luminescent beta-arrestin assay. (Class of assay: confirmatory) [Related pubchem assays (depositor defined):AID493098, AID493121, AID493159]";"F";"BAO_0000019";"assay format";"None";"None";"None";"None";"None";"";"";"";"CHEMBL1628481";"Apelin receptor";"Homo sapiens";"SINGLE PROTEIN";"CHEMBL1201862";"7";"PubChem BioAssays";"";"";"None";"";"";""
"CHEMBL2158280";"";"None";"372.38";"0";"3.39";"38";"Cc1ccnc(SCc2cc(=O)c(OC(=O)c3ccc(F)cc3)co2)n1";"IC50";"'>'";"79000.0";"nM";"";"";"";"UO_0000065";"";"";"";"";"0";"CHEMBL2161530";"Antagonist activity at APJ receptor expressed in CHOK1 cells assessed as inhibition of apelin13-induced beta-arrestin recruitment after 90 mins by luminescence assay";"F";"BAO_0000219";"cell-based format";"None";"None";"None";"CHO-K1";"None";"";"";"";"CHEMBL1628481";"Apelin receptor";"Homo sapiens";"SINGLE PROTEIN";"CHEMBL2157975";"1";"Scientific Literature";"Bioorg Med Chem Lett";"2012";"CHEMBL3307512";"";"";""
"CHEMBL2158355";"";"None";"412.47";"0";"4.12";"14";"CCCCOc1ccc(C(=O)Oc2coc(CSc3ncccn3)cc2=O)cc1";"IC50";"'>'";"79000.0";"nM";"";"";"";"UO_0000065";"";"";"";"";"0";"CHEMBL2161530";"Antagonist activity at APJ receptor expressed in CHOK1 cells assessed as inhibition of apelin13-induced beta-arrestin recruitment after 90 mins by luminescence assay";"F";"BAO_0000219";"cell-based format";"None";"None";"None";"CHO-K1";"None";"";"";"";"CHEMBL1628481";"Apelin receptor";"Homo sapiens";"SINGLE PROTEIN";"CHEMBL2157975";"1";"Scientific Literature";"Bioorg Med Chem Lett";"2012";"CHEMBL3307512";"";"";""
"CHEMBL2158351";"";"None";"354.39";"0";"3.25";"10";"Cc1ccc(C(=O)Oc2coc(CSc3ncccn3)cc2=O)cc1";"IC50";"'>'";"79000.0";"nM";"";"";"";"UO_0000065";"";"";"";"";"0";"CHEMBL2161530";"Antagonist activity at APJ receptor expressed in CHOK1 cells assessed as inhibition of apelin13-induced beta-arrestin recruitment after 90 mins by luminescence assay";"F";"BAO_0000219";"cell-based format";"None";"None";"None";"CHO-K1";"None";"";"";"";"CHEMBL1628481";"Apelin receptor";"Homo sapiens";"SINGLE PROTEIN";"CHEMBL2157975";"1";"Scientific Literature";"Bioorg Med Chem Lett";"2012";"CHEMBL3307512";"";"";""
"CHEMBL1557707";"";"None";"385.36";"0";"2.85";"4";"O=C(Oc1coc(CSc2ncccn2)cc1=O)c1cccc([N+](=O)[O-])c1";"IC50";"'='";"75700.0";"nM";"4.12";"";"";"UO_0000065";"";"";"";"";"0";"CHEMBL2161530";"Antagonist activity at APJ receptor expressed in CHOK1 cells assessed as inhibition of apelin13-induced beta-arrestin recruitment after 90 mins by luminescence assay";"F";"BAO_0000219";"cell-based format";"None";"None";"None";"CHO-K1";"None";"";"";"";"CHEMBL1628481";"Apelin receptor";"Homo sapiens";"SINGLE PROTEIN";"CHEMBL2157975";"1";"Scientific Literature";"Bioorg Med Chem Lett";"2012";"CHEMBL3307512";"";"";""
"CHEMBL2158281";"";"None";"433.83";"0";"3.81";"40";"Cc1ccnc(SCc2cc(=O)c(OC(=O)c3cc(Cl)ccc3[N+](=O)[O-])co2)n1";"IC50";"'='";"58800.0";"nM";"4.23";"";"";"UO_0000065";"";"";"";"";"0";"CHEMBL2161530";"Antagonist activity at APJ receptor expressed in CHOK1 cells assessed as inhibition of apelin13-induced beta-arrestin recruitment after 90 mins by luminescence assay";"F";"BAO_0000219";"cell-based format";"None";"None";"None";"CHO-K1";"None";"";"";"";"CHEMBL1628481";"Apelin receptor";"Homo sapiens";"SINGLE PROTEIN";"CHEMBL2157975";"1";"Scientific Literature";"Bioorg Med Chem Lett";"2012";"CHEMBL3307512";"";"";""
"CHEMBL2158267";"";"None";"416.46";"0";"4.61";"23";"O=C(Oc1coc(CSc2ncccn2)cc1=O)c1ccc(-c2ccccc2)cc1";"IC50";"'>'";"79000.0";"nM";"";"";"";"UO_0000065";"";"";"";"";"0";"CHEMBL2161530";"Antagonist activity at APJ receptor expressed in CHOK1 cells assessed as inhibition of apelin13-induced beta-arrestin recruitment after 90 mins by luminescence assay";"F";"BAO_0000219";"cell-based format";"None";"None";"None";"CHO-K1";"None";"";"";"";"CHEMBL1628481";"Apelin receptor";"Homo sapiens";"SINGLE PROTEIN";"CHEMBL2157975";"1";"Scientific Literature";"Bioorg Med Chem Lett";"2012";"CHEMBL3307512";"";"";""
"CHEMBL1382003";"";"None";"439.58";"1";"5.22";"SID124384871";"Cc1sc2nc(SCCN(C)C)n(-c3ccccc3)c(=O)c2c1-c1ccc(F)cc1";"IC50";"'='";"30900.0";"nM";"4.51";"";"inactive";"UO_0000065";"";"";"";"";"0";"CHEMBL1794368";"PUBCHEM_BIOASSAY: SAR analysis counterscreen of small molecule antagonists of the CCR6 receptor using an APJ receptor luminescent beta-arrestin assay. (Class of assay: confirmatory) [Related pubchem assays (depositor defined):AID493098, AID493121, AID493159]";"F";"BAO_0000019";"assay format";"None";"None";"None";"None";"None";"";"";"";"CHEMBL1628481";"Apelin receptor";"Homo sapiens";"SINGLE PROTEIN";"CHEMBL1201862";"7";"PubChem BioAssays";"";"";"None";"";"";""
"CHEMBL1308730";"";"None";"447.49";"0";"2.19";"17";"CN(C)S(=O)(=O)c1ccc(C(=O)Oc2coc(CSc3ncccn3)cc2=O)cc1";"IC50";"'>'";"79000.0";"nM";"";"";"";"UO_0000065";"";"";"";"";"0";"CHEMBL2161530";"Antagonist activity at APJ receptor expressed in CHOK1 cells assessed as inhibition of apelin13-induced beta-arrestin recruitment after 90 mins by luminescence assay";"F";"BAO_0000219";"cell-based format";"None";"None";"None";"CHO-K1";"None";"";"";"";"CHEMBL1628481";"Apelin receptor";"Homo sapiens";"SINGLE PROTEIN";"CHEMBL2157975";"1";"Scientific Literature";"Bioorg Med Chem Lett";"2012";"CHEMBL3307512";"";"";""
"CHEMBL2158349";"";"None";"408.36";"0";"3.96";"8";"O=C(Oc1coc(CSc2ncccn2)cc1=O)c1ccc(C(F)(F)F)cc1";"IC50";"'='";"29000.0";"nM";"4.54";"";"";"UO_0000065";"";"";"";"";"0";"CHEMBL2161530";"Antagonist activity at APJ receptor expressed in CHOK1 cells assessed as inhibition of apelin13-induced beta-arrestin recruitment after 90 mins by luminescence assay";"F";"BAO_0000219";"cell-based format";"None";"None";"None";"CHO-K1";"None";"";"";"";"CHEMBL1628481";"Apelin receptor";"Homo sapiens";"SINGLE PROTEIN";"CHEMBL2157975";"1";"Scientific Literature";"Bioorg Med Chem Lett";"2012";"CHEMBL3307512";"";"";""
"CHEMBL2158335";"";"None";"404.47";"0";"3.11";"64";"Cc1cc(C)nc(SCc2cc(=O)c(OS(=O)(=O)c3ccccc3)co2)n1";"IC50";"'>'";"79000.0";"nM";"";"";"";"UO_0000065";"";"";"";"";"0";"CHEMBL2161530";"Antagonist activity at APJ receptor expressed in CHOK1 cells assessed as inhibition of apelin13-induced beta-arrestin recruitment after 90 mins by luminescence assay";"F";"BAO_0000219";"cell-based format";"None";"None";"None";"CHO-K1";"None";"";"";"";"CHEMBL1628481";"Apelin receptor";"Homo sapiens";"SINGLE PROTEIN";"CHEMBL2157975";"1";"Scientific Literature";"Bioorg Med Chem Lett";"2012";"CHEMBL3307512";"";"";""
"CHEMBL2158272";"";"None";"413.41";"0";"3.47";"30";"Cc1ccnc(SCc2cc(=O)c(OC(=O)c3ccc(C)c([N+](=O)[O-])c3)co2)n1";"IC50";"'='";"4700.0";"nM";"5.33";"";"";"UO_0000065";"";"";"";"";"0";"CHEMBL2161530";"Antagonist activity at APJ receptor expressed in CHOK1 cells assessed as inhibition of apelin13-induced beta-arrestin recruitment after 90 mins by luminescence assay";"F";"BAO_0000219";"cell-based format";"None";"None";"None";"CHO-K1";"None";"";"";"";"CHEMBL1628481";"Apelin receptor";"Homo sapiens";"SINGLE PROTEIN";"CHEMBL2157975";"1";"Scientific Literature";"Bioorg Med Chem Lett";"2012";"CHEMBL3307512";"";"";""
"CHEMBL2158271";"";"None";"445.41";"1";"2.87";"27";"COc1cc(C(=O)Oc2coc(CSc3ncccn3)cc2=O)c([N+](=O)[O-])cc1OC";"IC50";"'>'";"79000.0";"nM";"";"";"";"UO_0000065";"";"";"";"";"0";"CHEMBL2161530";"Antagonist activity at APJ receptor expressed in CHOK1 cells assessed as inhibition of apelin13-induced beta-arrestin recruitment after 90 mins by luminescence assay";"F";"BAO_0000219";"cell-based format";"None";"None";"None";"CHO-K1";"None";"";"";"";"CHEMBL1628481";"Apelin receptor";"Homo sapiens";"SINGLE PROTEIN";"CHEMBL2157975";"1";"Scientific Literature";"Bioorg Med Chem Lett";"2012";"CHEMBL3307512";"";"";""
"CHEMBL2158265";"";"None";"419.80";"0";"3.50";"20";"O=C(Oc1coc(CSc2ncccn2)cc1=O)c1cc(Cl)ccc1[N+](=O)[O-]";"IC50";"'>'";"79000.0";"nM";"";"";"";"UO_0000065";"";"";"";"";"0";"CHEMBL2161530";"Antagonist activity at APJ receptor expressed in CHOK1 cells assessed as inhibition of apelin13-induced beta-arrestin recruitment after 90 mins by luminescence assay";"F";"BAO_0000219";"cell-based format";"None";"None";"None";"CHO-K1";"None";"";"";"";"CHEMBL1628481";"Apelin receptor";"Homo sapiens";"SINGLE PROTEIN";"CHEMBL2157975";"1";"Scientific Literature";"Bioorg Med Chem Lett";"2012";"CHEMBL3307512";"";"";""
"CHEMBL2158348";"";"None";"365.37";"0";"2.81";"7";"N#Cc1ccc(C(=O)Oc2coc(CSc3ncccn3)cc2=O)cc1";"IC50";"'='";"6590.0";"nM";"5.18";"";"";"UO_0000065";"";"";"";"";"0";"CHEMBL2161530";"Antagonist activity at APJ receptor expressed in CHOK1 cells assessed as inhibition of apelin13-induced beta-arrestin recruitment after 90 mins by luminescence assay";"F";"BAO_0000219";"cell-based format";"None";"None";"None";"CHO-K1";"None";"";"";"";"CHEMBL1628481";"Apelin receptor";"Homo sapiens";"SINGLE PROTEIN";"CHEMBL2157975";"1";"Scientific Literature";"Bioorg Med Chem Lett";"2012";"CHEMBL3307512";"";"";""
"CHEMBL2158345";"";"None";"399.38";"0";"3.16";"3";"Cc1ccc(C(=O)Oc2coc(CSc3ncccn3)cc2=O)cc1[N+](=O)[O-]";"IC50";"'='";"7250.0";"nM";"5.14";"";"";"UO_0000065";"";"";"";"";"0";"CHEMBL2161530";"Antagonist activity at APJ receptor expressed in CHOK1 cells assessed as inhibition of apelin13-induced beta-arrestin recruitment after 90 mins by luminescence assay";"F";"BAO_0000219";"cell-based format";"None";"None";"None";"CHO-K1";"None";"";"";"";"CHEMBL1628481";"Apelin receptor";"Homo sapiens";"SINGLE PROTEIN";"CHEMBL2157975";"1";"Scientific Literature";"Bioorg Med Chem Lett";"2012";"CHEMBL3307512";"";"";""
"CHEMBL1470363";"";"None";"433.83";"0";"3.81";"41";"Cc1ccnc(SCc2cc(=O)c(OC(=O)c3cc([N+](=O)[O-])ccc3Cl)co2)n1";"IC50";"'='";"74100.0";"nM";"4.13";"";"";"UO_0000065";"";"";"";"";"0";"CHEMBL2161530";"Antagonist activity at APJ receptor expressed in CHOK1 cells assessed as inhibition of apelin13-induced beta-arrestin recruitment after 90 mins by luminescence assay";"F";"BAO_0000219";"cell-based format";"None";"None";"None";"CHO-K1";"None";"";"";"";"CHEMBL1628481";"Apelin receptor";"Homo sapiens";"SINGLE PROTEIN";"CHEMBL2157975";"1";"Scientific Literature";"Bioorg Med Chem Lett";"2012";"CHEMBL3307512";"";"";""
"CHEMBL2158354";"";"None";"398.44";"0";"3.73";"13";"CC(C)Oc1ccc(C(=O)Oc2coc(CSc3ncccn3)cc2=O)cc1";"IC50";"'>'";"79000.0";"nM";"";"";"";"UO_0000065";"";"";"";"";"0";"CHEMBL2161530";"Antagonist activity at APJ receptor expressed in CHOK1 cells assessed as inhibition of apelin13-induced beta-arrestin recruitment after 90 mins by luminescence assay";"F";"BAO_0000219";"cell-based format";"None";"None";"None";"CHO-K1";"None";"";"";"";"CHEMBL1628481";"Apelin receptor";"Homo sapiens";"SINGLE PROTEIN";"CHEMBL2157975";"1";"Scientific Literature";"Bioorg Med Chem Lett";"2012";"CHEMBL3307512";"";"";""
"CHEMBL1524932";"";"None";"386.46";"0";"3.76";"SID124384873";"COCCCn1c(N)c(-c2nc3ccccc3n2C)c2nc3ccccc3nc21";"IC50";"'='";"19300.0";"nM";"4.71";"";"active";"UO_0000065";"";"";"";"";"0";"CHEMBL1794368";"PUBCHEM_BIOASSAY: SAR analysis counterscreen of small molecule antagonists of the CCR6 receptor using an APJ receptor luminescent beta-arrestin assay. (Class of assay: confirmatory) [Related pubchem assays (depositor defined):AID493098, AID493121, AID493159]";"F";"BAO_0000019";"assay format";"None";"None";"None";"None";"None";"";"";"";"CHEMBL1628481";"Apelin receptor";"Homo sapiens";"SINGLE PROTEIN";"CHEMBL1201862";"7";"PubChem BioAssays";"";"";"None";"";"";""
"CHEMBL1309871";"";"None";"382.42";"0";"3.61";"SID124384876";"O=C(NNC(=O)c1cc(-c2ccccc2)nn1-c1ccccc1)c1ccccc1";"IC50";"'='";"14800.0";"nM";"4.83";"";"active";"UO_0000065";"";"";"";"";"0";"CHEMBL1794368";"PUBCHEM_BIOASSAY: SAR analysis counterscreen of small molecule antagonists of the CCR6 receptor using an APJ receptor luminescent beta-arrestin assay. (Class of assay: confirmatory) [Related pubchem assays (depositor defined):AID493098, AID493121, AID493159]";"F";"BAO_0000019";"assay format";"None";"None";"None";"None";"None";"";"";"";"CHEMBL1628481";"Apelin receptor";"Homo sapiens";"SINGLE PROTEIN";"CHEMBL1201862";"7";"PubChem BioAssays";"";"";"None";"";"";""
"CHEMBL3417380";"";"None";"1516.78";"None";"None";"8";"CCCC[C@H](NC(=O)[C@@H]1CCCN1C(=O)CNC(=O)[C@H](CCCCN)NC(=O)[C@H](Cc1cnc[nH]1)NC(=O)[C@H](CO)NC(=O)[C@H](CC(C)C)NC(=O)[C@H](CCCNC(=N)N)NC(=O)[C@@H]1CCCN1C(=O)[C@H](CCCNC(=N)N)NC(=O)[C@@H]1CCC(=O)N1)C(=O)N1CCC[C@H]1C(=O)N[C@@H](Cc1cccnc1)C(=O)O";"IC50";"'='";"1.6";"nM";"8.80";"";"";"UO_0000065";"5.80";"None";"None";"None";"0";"CHEMBL3421344";"Displacement of [125I]apelin-13[Glp65,Nle75,Tyr77] from YFP epitope-tagged human APJ receptor expressed in HEK293 cell membranes incubated for 1 hr by gamma counting method";"B";"BAO_0000219";"cell-based format";"Homo sapiens";"None";"None";"HEK293";"None";"";"";"";"CHEMBL1628481";"Apelin receptor";"Homo sapiens";"SINGLE PROTEIN";"CHEMBL3414462";"1";"Scientific Literature";"J Med Chem";"2015";"CHEMBL3307715";"";"";""
"CHEMBL1437683";"";"None";"332.26";"0";"2.84";"SID124384885";"O=[N+]([O-])c1ccc(S(=O)(=O)c2cccc(C(F)(F)F)c2)nc1";"IC50";"'='";"18800.0";"nM";"4.73";"";"active";"UO_0000065";"";"";"";"";"0";"CHEMBL1794368";"PUBCHEM_BIOASSAY: SAR analysis counterscreen of small molecule antagonists of the CCR6 receptor using an APJ receptor luminescent beta-arrestin assay. (Class of assay: confirmatory) [Related pubchem assays (depositor defined):AID493098, AID493121, AID493159]";"F";"BAO_0000019";"assay format";"None";"None";"None";"None";"None";"";"";"";"CHEMBL1628481";"Apelin receptor";"Homo sapiens";"SINGLE PROTEIN";"CHEMBL1201862";"7";"PubChem BioAssays";"";"";"None";"";"";""
"CHEMBL1892026";"";"None";"277.33";"0";"3.78";"SID124384881";"C/C(=N\Nc1ccc2ccccc2n1)c1ccccc1O";"IC50";"'='";"4120.0";"nM";"5.38";"";"active";"UO_0000065";"";"";"";"";"0";"CHEMBL1794368";"PUBCHEM_BIOASSAY: SAR analysis counterscreen of small molecule antagonists of the CCR6 receptor using an APJ receptor luminescent beta-arrestin assay. (Class of assay: confirmatory) [Related pubchem assays (depositor defined):AID493098, AID493121, AID493159]";"F";"BAO_0000019";"assay format";"None";"None";"None";"None";"None";"";"";"";"CHEMBL1628481";"Apelin receptor";"Homo sapiens";"SINGLE PROTEIN";"CHEMBL1201862";"7";"PubChem BioAssays";"";"";"None";"";"";""
"CHEMBL3417390";"";"None";"1529.82";"None";"None";"18";"CCCC[C@H](NC(=O)[C@@H]1CCCN1C(=O)CNC(=O)[C@H](CCCCN)NC(=O)[C@H](Cc1cnc[nH]1)NC(=O)[C@H](CO)NC(=O)[C@H](CC(C)C)NC(=O)[C@H](CCCNC(=N)N)NC(=O)[C@@H]1CCCN1C(=O)[C@H](CCCNC(=N)N)NC(=O)[C@@H]1CCC(=O)N1)C(=O)N1CCC[C@H]1C(=O)N[C@](C)(Cc1ccccc1)C(=O)O";"IC50";"'='";"0.86";"nM";"9.07";"";"";"UO_0000065";"5.93";"None";"None";"None";"0";"CHEMBL3421344";"Displacement of [125I]apelin-13[Glp65,Nle75,Tyr77] from YFP epitope-tagged human APJ receptor expressed in HEK293 cell membranes incubated for 1 hr by gamma counting method";"B";"BAO_0000219";"cell-based format";"Homo sapiens";"None";"None";"HEK293";"None";"";"";"";"CHEMBL1628481";"Apelin receptor";"Homo sapiens";"SINGLE PROTEIN";"CHEMBL3414462";"1";"Scientific Literature";"J Med Chem";"2015";"CHEMBL3307715";"";"";""
"CHEMBL1477528";"";"None";"419.87";"0";"3.80";"SID124384878";"Cc1ccccc1CS(=O)(=O)c1ncc(Cl)c(C(=O)Nc2ccc(F)cc2)n1";"IC50";"'='";"19700.0";"nM";"4.71";"";"active";"UO_0000065";"";"";"";"";"0";"CHEMBL1794368";"PUBCHEM_BIOASSAY: SAR analysis counterscreen of small molecule antagonists of the CCR6 receptor using an APJ receptor luminescent beta-arrestin assay. (Class of assay: confirmatory) [Related pubchem assays (depositor defined):AID493098, AID493121, AID493159]";"F";"BAO_0000019";"assay format";"None";"None";"None";"None";"None";"";"";"";"CHEMBL1628481";"Apelin receptor";"Homo sapiens";"SINGLE PROTEIN";"CHEMBL1201862";"7";"PubChem BioAssays";"";"";"None";"";"";""
"CHEMBL1443778";"";"None";"334.76";"0";"1.18";"SID124384883";"CN1C(=O)C(=C2CC(c3ccc(Cl)cc3)NN2)C(=O)N(C)C1=O";"IC50";"'='";"7220.0";"nM";"5.14";"";"active";"UO_0000065";"";"";"";"";"0";"CHEMBL1794368";"PUBCHEM_BIOASSAY: SAR analysis counterscreen of small molecule antagonists of the CCR6 receptor using an APJ receptor luminescent beta-arrestin assay. (Class of assay: confirmatory) [Related pubchem assays (depositor defined):AID493098, AID493121, AID493159]";"F";"BAO_0000019";"assay format";"None";"None";"None";"None";"None";"";"";"";"CHEMBL1628481";"Apelin receptor";"Homo sapiens";"SINGLE PROTEIN";"CHEMBL1201862";"7";"PubChem BioAssays";"";"";"None";"";"";""
"CHEMBL1406895";"";"None";"437.68";"0";"3.32";"SID124384867";"COC(=O)C1=NN(C(=O)c2cccc(Br)c2)C(O)(c2ccc(Cl)cc2)C1";"IC50";"'='";"12100.0";"nM";"4.92";"";"active";"UO_0000065";"";"";"";"";"0";"CHEMBL1794368";"PUBCHEM_BIOASSAY: SAR analysis counterscreen of small molecule antagonists of the CCR6 receptor using an APJ receptor luminescent beta-arrestin assay. (Class of assay: confirmatory) [Related pubchem assays (depositor defined):AID493098, AID493121, AID493159]";"F";"BAO_0000019";"assay format";"None";"None";"None";"None";"None";"";"";"";"CHEMBL1628481";"Apelin receptor";"Homo sapiens";"SINGLE PROTEIN";"CHEMBL1201862";"7";"PubChem BioAssays";"";"";"None";"";"";""
"CHEMBL1700182";"";"None";"387.48";"0";"2.15";"SID124384877";"CCOC(=O)N1CCN(C(=O)C2CCN(C(=O)c3ccccc3C)CC2)CC1";"IC50";"'>'";"66600.0";"nM";"";"";"inactive";"UO_0000065";"";"";"";"";"0";"CHEMBL1794368";"PUBCHEM_BIOASSAY: SAR analysis counterscreen of small molecule antagonists of the CCR6 receptor using an APJ receptor luminescent beta-arrestin assay. (Class of assay: confirmatory) [Related pubchem assays (depositor defined):AID493098, AID493121, AID493159]";"F";"BAO_0000019";"assay format";"None";"None";"None";"None";"None";"";"";"";"CHEMBL1628481";"Apelin receptor";"Homo sapiens";"SINGLE PROTEIN";"CHEMBL1201862";"7";"PubChem BioAssays";"";"";"None";"";"";""
"CHEMBL2158338";"";"None";"398.40";"0";"3.19";"67";"Cc1ccnc(SCc2cc(=O)c(NC(=O)c3ccc([N+](=O)[O-])cc3)co2)n1";"IC50";"'>'";"79000.0";"nM";"";"";"";"UO_0000065";"";"";"";"";"0";"CHEMBL2161530";"Antagonist activity at APJ receptor expressed in CHOK1 cells assessed as inhibition of apelin13-induced beta-arrestin recruitment after 90 mins by luminescence assay";"F";"BAO_0000219";"cell-based format";"None";"None";"None";"CHO-K1";"None";"";"";"";"CHEMBL1628481";"Apelin receptor";"Homo sapiens";"SINGLE PROTEIN";"CHEMBL2157975";"1";"Scientific Literature";"Bioorg Med Chem Lett";"2012";"CHEMBL3307512";"";"";""
"CHEMBL2158323";"";"None";"250.28";"0";"1.74";"52";"Cc1ccnc(SCc2cc(=O)c(O)co2)n1";"IC50";"'>'";"79000.0";"nM";"";"";"";"UO_0000065";"";"";"";"";"0";"CHEMBL2161530";"Antagonist activity at APJ receptor expressed in CHOK1 cells assessed as inhibition of apelin13-induced beta-arrestin recruitment after 90 mins by luminescence assay";"F";"BAO_0000219";"cell-based format";"None";"None";"None";"CHO-K1";"None";"";"";"";"CHEMBL1628481";"Apelin receptor";"Homo sapiens";"SINGLE PROTEIN";"CHEMBL2157975";"1";"Scientific Literature";"Bioorg Med Chem Lett";"2012";"CHEMBL3307512";"";"";""
"CHEMBL2158319";"";"None";"379.40";"0";"3.12";"48";"Cc1ccnc(SCc2cc(=O)c(OC(=O)c3cccc(C#N)c3)co2)n1";"IC50";"'>'";"79000.0";"nM";"";"";"";"UO_0000065";"";"";"";"";"0";"CHEMBL2161530";"Antagonist activity at APJ receptor expressed in CHOK1 cells assessed as inhibition of apelin13-induced beta-arrestin recruitment after 90 mins by luminescence assay";"F";"BAO_0000219";"cell-based format";"None";"None";"None";"CHO-K1";"None";"";"";"";"CHEMBL1628481";"Apelin receptor";"Homo sapiens";"SINGLE PROTEIN";"CHEMBL2157975";"1";"Scientific Literature";"Bioorg Med Chem Lett";"2012";"CHEMBL3307512";"";"";""
"CHEMBL1431608";"";"None";"278.29";"0";"2.13";"SID124384882";"Cc1ccc(S(=O)(=O)c2ccc([N+](=O)[O-])cn2)cc1";"IC50";"'='";"23400.0";"nM";"4.63";"";"inactive";"UO_0000065";"";"";"";"";"0";"CHEMBL1794368";"PUBCHEM_BIOASSAY: SAR analysis counterscreen of small molecule antagonists of the CCR6 receptor using an APJ receptor luminescent beta-arrestin assay. (Class of assay: confirmatory) [Related pubchem assays (depositor defined):AID493098, AID493121, AID493159]";"F";"BAO_0000019";"assay format";"None";"None";"None";"None";"None";"";"";"";"CHEMBL1628481";"Apelin receptor";"Homo sapiens";"SINGLE PROTEIN";"CHEMBL1201862";"7";"PubChem BioAssays";"";"";"None";"";"";""
"CHEMBL2158347";"";"None";"385.36";"0";"2.85";"6 , ML221";"O=C(Oc1coc(CSc2ncccn2)cc1=O)c1ccc([N+](=O)[O-])cc1";"IC50";"'='";"1750.0";"nM";"5.76";"";"";"UO_0000065";"";"";"";"";"0";"CHEMBL2161530";"Antagonist activity at APJ receptor expressed in CHOK1 cells assessed as inhibition of apelin13-induced beta-arrestin recruitment after 90 mins by luminescence assay";"F";"BAO_0000219";"cell-based format";"None";"None";"None";"CHO-K1";"None";"";"";"";"CHEMBL1628481";"Apelin receptor";"Homo sapiens";"SINGLE PROTEIN";"CHEMBL2157975";"1";"Scientific Literature";"Bioorg Med Chem Lett";"2012";"CHEMBL3307512";"";"";""
"CHEMBL2158341";"";"None";"345.34";"0";"2.24";"71";"Cc1ccnc(SCc2cc(=O)c(OC(=O)c3cnco3)co2)n1";"IC50";"'>'";"79000.0";"nM";"";"";"";"UO_0000065";"";"";"";"";"0";"CHEMBL2161530";"Antagonist activity at APJ receptor expressed in CHOK1 cells assessed as inhibition of apelin13-induced beta-arrestin recruitment after 90 mins by luminescence assay";"F";"BAO_0000219";"cell-based format";"None";"None";"None";"CHO-K1";"None";"";"";"";"CHEMBL1628481";"Apelin receptor";"Homo sapiens";"SINGLE PROTEIN";"CHEMBL2157975";"1";"Scientific Literature";"Bioorg Med Chem Lett";"2012";"CHEMBL3307512";"";"";""
"CHEMBL2158337";"";"None";"353.40";"0";"3.28";"66";"Cc1ccnc(SCc2cc(=O)c(NC(=O)c3ccccc3)co2)n1";"IC50";"'>'";"79000.0";"nM";"";"";"";"UO_0000065";"";"";"";"";"0";"CHEMBL2161530";"Antagonist activity at APJ receptor expressed in CHOK1 cells assessed as inhibition of apelin13-induced beta-arrestin recruitment after 90 mins by luminescence assay";"F";"BAO_0000219";"cell-based format";"None";"None";"None";"CHO-K1";"None";"";"";"";"CHEMBL1628481";"Apelin receptor";"Homo sapiens";"SINGLE PROTEIN";"CHEMBL2157975";"1";"Scientific Literature";"Bioorg Med Chem Lett";"2012";"CHEMBL3307512";"";"";""
"CHEMBL1557648";"";"None";"299.72";"0";"3.64";"SID124384874";"O=C(Nc1nnc(-c2ccccc2)o1)c1ccc(Cl)cc1";"IC50";"'='";"13900.0";"nM";"4.86";"";"active";"UO_0000065";"";"";"";"";"0";"CHEMBL1794368";"PUBCHEM_BIOASSAY: SAR analysis counterscreen of small molecule antagonists of the CCR6 receptor using an APJ receptor luminescent beta-arrestin assay. (Class of assay: confirmatory) [Related pubchem assays (depositor defined):AID493098, AID493121, AID493159]";"F";"BAO_0000019";"assay format";"None";"None";"None";"None";"None";"";"";"";"CHEMBL1628481";"Apelin receptor";"Homo sapiens";"SINGLE PROTEIN";"CHEMBL1201862";"7";"PubChem BioAssays";"";"";"None";"";"";""
"CHEMBL1441406";"";"None";"344.35";"0";"2.84";"68";"Cc1ccnc(SCc2cc(=O)c(OC(=O)c3ccco3)co2)n1";"IC50";"'>'";"79000.0";"nM";"";"";"";"UO_0000065";"";"";"";"";"0";"CHEMBL2161530";"Antagonist activity at APJ receptor expressed in CHOK1 cells assessed as inhibition of apelin13-induced beta-arrestin recruitment after 90 mins by luminescence assay";"F";"BAO_0000219";"cell-based format";"None";"None";"None";"CHO-K1";"None";"";"";"";"CHEMBL1628481";"Apelin receptor";"Homo sapiens";"SINGLE PROTEIN";"CHEMBL2157975";"1";"Scientific Literature";"Bioorg Med Chem Lett";"2012";"CHEMBL3307512";"";"";""
"CHEMBL2158331";"";"None";"419.85";"0";"4.17";"60";"Cc1ccnc(SCc2cc(=O)c(OCc3ccc(Cl)c([N+](=O)[O-])c3)co2)n1";"IC50";"'>'";"79000.0";"nM";"";"";"";"UO_0000065";"";"";"";"";"0";"CHEMBL2161530";"Antagonist activity at APJ receptor expressed in CHOK1 cells assessed as inhibition of apelin13-induced beta-arrestin recruitment after 90 mins by luminescence assay";"F";"BAO_0000219";"cell-based format";"None";"None";"None";"CHO-K1";"None";"";"";"";"CHEMBL1628481";"Apelin receptor";"Homo sapiens";"SINGLE PROTEIN";"CHEMBL2157975";"1";"Scientific Literature";"Bioorg Med Chem Lett";"2012";"CHEMBL3307512";"";"";""
"CHEMBL2158285";"";"None";"388.83";"0";"3.90";"45";"Cc1ccnc(SCc2cc(=O)c(OC(=O)c3cccc(Cl)c3)co2)n1";"IC50";"'>'";"79000.0";"nM";"";"";"";"UO_0000065";"";"";"";"";"0";"CHEMBL2161530";"Antagonist activity at APJ receptor expressed in CHOK1 cells assessed as inhibition of apelin13-induced beta-arrestin recruitment after 90 mins by luminescence assay";"F";"BAO_0000219";"cell-based format";"None";"None";"None";"CHO-K1";"None";"";"";"";"CHEMBL1628481";"Apelin receptor";"Homo sapiens";"SINGLE PROTEIN";"CHEMBL2157975";"1";"Scientific Literature";"Bioorg Med Chem Lett";"2012";"CHEMBL3307512";"";"";""
"CHEMBL2158333";"";"None";"320.37";"0";"2.59";"62";"Cc1ccnc(SCc2cc(=O)c(OC(=O)C(C)C)co2)n1";"IC50";"'>'";"79000.0";"nM";"";"";"";"UO_0000065";"";"";"";"";"0";"CHEMBL2161530";"Antagonist activity at APJ receptor expressed in CHOK1 cells assessed as inhibition of apelin13-induced beta-arrestin recruitment after 90 mins by luminescence assay";"F";"BAO_0000219";"cell-based format";"None";"None";"None";"CHO-K1";"None";"";"";"";"CHEMBL1628481";"Apelin receptor";"Homo sapiens";"SINGLE PROTEIN";"CHEMBL2157975";"1";"Scientific Literature";"Bioorg Med Chem Lett";"2012";"CHEMBL3307512";"";"";""
"CHEMBL1359342";"";"None";"411.98";"1";"5.62";"SID124384880";"CN1CCc2nc(SCc3ccc(Cl)cc3)c(C#N)c(-c3cccs3)c2C1";"IC50";"'>'";"66600.0";"nM";"";"";"inactive";"UO_0000065";"";"";"";"";"0";"CHEMBL1794368";"PUBCHEM_BIOASSAY: SAR analysis counterscreen of small molecule antagonists of the CCR6 receptor using an APJ receptor luminescent beta-arrestin assay. (Class of assay: confirmatory) [Related pubchem assays (depositor defined):AID493098, AID493121, AID493159]";"F";"BAO_0000019";"assay format";"None";"None";"None";"None";"None";"";"";"";"CHEMBL1628481";"Apelin receptor";"Homo sapiens";"SINGLE PROTEIN";"CHEMBL1201862";"7";"PubChem BioAssays";"";"";"None";"";"";""
"CHEMBL2158352";"";"None";"370.39";"0";"2.95";"11";"COc1ccc(C(=O)Oc2coc(CSc3ncccn3)cc2=O)cc1";"IC50";"'>'";"79000.0";"nM";"";"";"";"UO_0000065";"";"";"";"";"0";"CHEMBL2161530";"Antagonist activity at APJ receptor expressed in CHOK1 cells assessed as inhibition of apelin13-induced beta-arrestin recruitment after 90 mins by luminescence assay";"F";"BAO_0000219";"cell-based format";"None";"None";"None";"CHO-K1";"None";"";"";"";"CHEMBL1628481";"Apelin receptor";"Homo sapiens";"SINGLE PROTEIN";"CHEMBL2157975";"1";"Scientific Literature";"Bioorg Med Chem Lett";"2012";"CHEMBL3307512";"";"";""
"CHEMBL2158350";"";"None";"419.26";"0";"3.70";"9";"O=C(Oc1coc(CSc2ncccn2)cc1=O)c1ccc(Br)cc1";"IC50";"'='";"18200.0";"nM";"4.74";"";"";"UO_0000065";"";"";"";"";"0";"CHEMBL2161530";"Antagonist activity at APJ receptor expressed in CHOK1 cells assessed as inhibition of apelin13-induced beta-arrestin recruitment after 90 mins by luminescence assay";"F";"BAO_0000219";"cell-based format";"None";"None";"None";"CHO-K1";"None";"";"";"";"CHEMBL1628481";"Apelin receptor";"Homo sapiens";"SINGLE PROTEIN";"CHEMBL2157975";"1";"Scientific Literature";"Bioorg Med Chem Lett";"2012";"CHEMBL3307512";"";"";""
"CHEMBL2158269";"";"None";"487.56";"0";"3.12";"25";"O=C(Oc1coc(CSc2ncccn2)cc1=O)c1ccc(S(=O)(=O)N2CCCCC2)cc1";"IC50";"'>'";"79000.0";"nM";"";"";"";"UO_0000065";"";"";"";"";"0";"CHEMBL2161530";"Antagonist activity at APJ receptor expressed in CHOK1 cells assessed as inhibition of apelin13-induced beta-arrestin recruitment after 90 mins by luminescence assay";"F";"BAO_0000219";"cell-based format";"None";"None";"None";"CHO-K1";"None";"";"";"";"CHEMBL1628481";"Apelin receptor";"Homo sapiens";"SINGLE PROTEIN";"CHEMBL2157975";"1";"Scientific Literature";"Bioorg Med Chem Lett";"2012";"CHEMBL3307512";"";"";""
"CHEMBL2158261";"";"None";"396.47";"0";"4.24";"15";"CC(C)(C)c1ccc(C(=O)Oc2coc(CSc3ncccn3)cc2=O)cc1";"IC50";"'>'";"79000.0";"nM";"";"";"";"UO_0000065";"";"";"";"";"0";"CHEMBL2161530";"Antagonist activity at APJ receptor expressed in CHOK1 cells assessed as inhibition of apelin13-induced beta-arrestin recruitment after 90 mins by luminescence assay";"F";"BAO_0000219";"cell-based format";"None";"None";"None";"CHO-K1";"None";"";"";"";"CHEMBL1628481";"Apelin receptor";"Homo sapiens";"SINGLE PROTEIN";"CHEMBL2157975";"1";"Scientific Literature";"Bioorg Med Chem Lett";"2012";"CHEMBL3307512";"";"";""
"CHEMBL1382320";"";"None";"443.55";"0";"2.99";"SID124384870";"O=C(CSc1cccc2cccnc12)Nc1ccc(S(=O)(=O)N2CCOCC2)cc1";"IC50";"'='";"11000.0";"nM";"4.96";"";"active";"UO_0000065";"";"";"";"";"0";"CHEMBL1794368";"PUBCHEM_BIOASSAY: SAR analysis counterscreen of small molecule antagonists of the CCR6 receptor using an APJ receptor luminescent beta-arrestin assay. (Class of assay: confirmatory) [Related pubchem assays (depositor defined):AID493098, AID493121, AID493159]";"F";"BAO_0000019";"assay format";"None";"None";"None";"None";"None";"";"";"";"CHEMBL1628481";"Apelin receptor";"Homo sapiens";"SINGLE PROTEIN";"CHEMBL1201862";"7";"PubChem BioAssays";"";"";"None";"";"";""
"CHEMBL2158340";"";"None";"389.35";"0";"2.75";"70";"Cc1ccnc(SCc2cc(=O)c(OC(=O)c3ccc([N+](=O)[O-])o3)co2)n1";"IC50";"'>'";"79000.0";"nM";"";"";"";"UO_0000065";"";"";"";"";"0";"CHEMBL2161530";"Antagonist activity at APJ receptor expressed in CHOK1 cells assessed as inhibition of apelin13-induced beta-arrestin recruitment after 90 mins by luminescence assay";"F";"BAO_0000219";"cell-based format";"None";"None";"None";"CHO-K1";"None";"";"";"";"CHEMBL1628481";"Apelin receptor";"Homo sapiens";"SINGLE PROTEIN";"CHEMBL2157975";"1";"Scientific Literature";"Bioorg Med Chem Lett";"2012";"CHEMBL3307512";"";"";""
"CHEMBL2158325";"";"None";"447.85";"0";"4.72";"54";"COc1ccc(SCc2cc(=O)c(OC(=O)c3ccc(Cl)c([N+](=O)[O-])c3)co2)cc1";"IC50";"'='";"8270.0";"nM";"5.08";"";"";"UO_0000065";"";"";"";"";"0";"CHEMBL2161530";"Antagonist activity at APJ receptor expressed in CHOK1 cells assessed as inhibition of apelin13-induced beta-arrestin recruitment after 90 mins by luminescence assay";"F";"BAO_0000219";"cell-based format";"None";"None";"None";"CHO-K1";"None";"";"";"";"CHEMBL1628481";"Apelin receptor";"Homo sapiens";"SINGLE PROTEIN";"CHEMBL2157975";"1";"Scientific Literature";"Bioorg Med Chem Lett";"2012";"CHEMBL3307512";"";"";""
"CHEMBL2158322";"";"None";"236.25";"0";"1.43";"51";"O=c1cc(CSc2ncccn2)occ1O";"IC50";"'>'";"79000.0";"nM";"";"";"";"UO_0000065";"";"";"";"";"0";"CHEMBL2161530";"Antagonist activity at APJ receptor expressed in CHOK1 cells assessed as inhibition of apelin13-induced beta-arrestin recruitment after 90 mins by luminescence assay";"F";"BAO_0000219";"cell-based format";"None";"None";"None";"CHO-K1";"None";"";"";"";"CHEMBL1628481";"Apelin receptor";"Homo sapiens";"SINGLE PROTEIN";"CHEMBL2157975";"1";"Scientific Literature";"Bioorg Med Chem Lett";"2012";"CHEMBL3307512";"";"";""
"CHEMBL3417377";"";"None";"1545.81";"None";"None";"5";"CCCC[C@H](NC(=O)[C@@H]1CCCN1C(=O)CNC(=O)[C@H](CCCCN)NC(=O)[C@H](Cc1cnc[nH]1)NC(=O)[C@H](CO)NC(=O)[C@H](CC(C)C)NC(=O)[C@H](CCCNC(=N)N)NC(=O)[C@@H]1CCCN1C(=O)[C@H](CCCNC(=N)N)NC(=O)[C@@H]1CCC(=O)N1)C(=O)N1CCC[C@H]1C(=O)N[C@@H](Cc1ccc(OC)cc1)C(=O)O";"IC50";"'='";"0.6";"nM";"9.22";"";"";"UO_0000065";"5.97";"None";"None";"None";"0";"CHEMBL3421344";"Displacement of [125I]apelin-13[Glp65,Nle75,Tyr77] from YFP epitope-tagged human APJ receptor expressed in HEK293 cell membranes incubated for 1 hr by gamma counting method";"B";"BAO_0000219";"cell-based format";"Homo sapiens";"None";"None";"HEK293";"None";"";"";"";"CHEMBL1628481";"Apelin receptor";"Homo sapiens";"SINGLE PROTEIN";"CHEMBL3414462";"1";"Scientific Literature";"J Med Chem";"2015";"CHEMBL3307715";"";"";""
"CHEMBL2158270";"";"None";"489.53";"0";"1.96";"26";"O=C(Oc1coc(CSc2ncccn2)cc1=O)c1ccc(S(=O)(=O)N2CCOCC2)cc1";"IC50";"'>'";"79000.0";"nM";"";"";"";"UO_0000065";"";"";"";"";"0";"CHEMBL2161530";"Antagonist activity at APJ receptor expressed in CHOK1 cells assessed as inhibition of apelin13-induced beta-arrestin recruitment after 90 mins by luminescence assay";"F";"BAO_0000219";"cell-based format";"None";"None";"None";"CHO-K1";"None";"";"";"";"CHEMBL1628481";"Apelin receptor";"Homo sapiens";"SINGLE PROTEIN";"CHEMBL2157975";"1";"Scientific Literature";"Bioorg Med Chem Lett";"2012";"CHEMBL3307512";"";"";""
"CHEMBL3417385";"";"None";"1619.90";"None";"None";"13";"CCCC[C@H](NC(=O)[C@@H]1CCCN1C(=O)CNC(=O)[C@H](CCCCN)NC(=O)[C@H](Cc1cnc[nH]1)NC(=O)[C@H](CO)NC(=O)[C@H](CC(C)C)NC(=O)[C@H](CCCNC(=N)N)NC(=O)[C@@H]1CCCN1C(=O)[C@H](CCCNC(=N)N)NC(=O)[C@@H]1CCC(=O)N1)C(=O)N1CCC[C@H]1C(=O)N[C@@H](Cc1ccc(C(=O)c2ccccc2)cc1)C(=O)O";"IC50";"'='";"0.48";"nM";"9.32";"";"";"UO_0000065";"5.75";"None";"None";"None";"0";"CHEMBL3421344";"Displacement of [125I]apelin-13[Glp65,Nle75,Tyr77] from YFP epitope-tagged human APJ receptor expressed in HEK293 cell membranes incubated for 1 hr by gamma counting method";"B";"BAO_0000219";"cell-based format";"Homo sapiens";"None";"None";"HEK293";"None";"";"";"";"CHEMBL1628481";"Apelin receptor";"Homo sapiens";"SINGLE PROTEIN";"CHEMBL3414462";"1";"Scientific Literature";"J Med Chem";"2015";"CHEMBL3307715";"";"";""
"CHEMBL2158334";"";"None";"292.32";"0";"1.96";"63";"CC(=O)Oc1coc(CSc2nccc(C)n2)cc1=O";"IC50";"'>'";"79000.0";"nM";"";"";"";"UO_0000065";"";"";"";"";"0";"CHEMBL2161530";"Antagonist activity at APJ receptor expressed in CHOK1 cells assessed as inhibition of apelin13-induced beta-arrestin recruitment after 90 mins by luminescence assay";"F";"BAO_0000219";"cell-based format";"None";"None";"None";"CHO-K1";"None";"";"";"";"CHEMBL1628481";"Apelin receptor";"Homo sapiens";"SINGLE PROTEIN";"CHEMBL2157975";"1";"Scientific Literature";"Bioorg Med Chem Lett";"2012";"CHEMBL3307512";"";"";""
"CHEMBL2158327";"";"None";"452.27";"1";"5.37";"56";"O=C(Oc1coc(CSc2ccc(Cl)cc2)cc1=O)c1ccc(Cl)c([N+](=O)[O-])c1";"IC50";"'='";"4530.0";"nM";"5.34";"";"";"UO_0000065";"";"";"";"";"0";"CHEMBL2161530";"Antagonist activity at APJ receptor expressed in CHOK1 cells assessed as inhibition of apelin13-induced beta-arrestin recruitment after 90 mins by luminescence assay";"F";"BAO_0000219";"cell-based format";"None";"None";"None";"CHO-K1";"None";"";"";"";"CHEMBL1628481";"Apelin receptor";"Homo sapiens";"SINGLE PROTEIN";"CHEMBL2157975";"1";"Scientific Literature";"Bioorg Med Chem Lett";"2012";"CHEMBL3307512";"";"";""
"CHEMBL2158318";"";"None";"438.38";"0";"4.15";"47";"Cc1ccnc(SCc2cc(=O)c(OC(=O)c3ccc(OC(F)(F)F)cc3)co2)n1";"IC50";"'>'";"79000.0";"nM";"";"";"";"UO_0000065";"";"";"";"";"0";"CHEMBL2161530";"Antagonist activity at APJ receptor expressed in CHOK1 cells assessed as inhibition of apelin13-induced beta-arrestin recruitment after 90 mins by luminescence assay";"F";"BAO_0000219";"cell-based format";"None";"None";"None";"CHO-K1";"None";"";"";"";"CHEMBL1628481";"Apelin receptor";"Homo sapiens";"SINGLE PROTEIN";"CHEMBL2157975";"1";"Scientific Literature";"Bioorg Med Chem Lett";"2012";"CHEMBL3307512";"";"";""
"CHEMBL3417389";"";"None";"1529.82";"None";"None";"17";"CCCC[C@H](NC(=O)[C@@H]1CCCN1C(=O)CNC(=O)[C@H](CCCCN)NC(=O)[C@H](Cc1cnc[nH]1)NC(=O)[C@H](CO)NC(=O)[C@H](CC(C)C)NC(=O)[C@H](CCCNC(=N)N)NC(=O)[C@@H]1CCCN1C(=O)[C@H](CCCNC(=N)N)NC(=O)[C@@H]1CCC(=O)N1)C(=O)N1CCC[C@H]1C(=O)N[C@@](C)(Cc1ccccc1)C(=O)O";"IC50";"'='";"0.43";"nM";"9.37";"";"";"UO_0000065";"6.12";"None";"None";"None";"0";"CHEMBL3421344";"Displacement of [125I]apelin-13[Glp65,Nle75,Tyr77] from YFP epitope-tagged human APJ receptor expressed in HEK293 cell membranes incubated for 1 hr by gamma counting method";"B";"BAO_0000219";"cell-based format";"Homo sapiens";"None";"None";"HEK293";"None";"";"";"";"CHEMBL1628481";"Apelin receptor";"Homo sapiens";"SINGLE PROTEIN";"CHEMBL3414462";"1";"Scientific Literature";"J Med Chem";"2015";"CHEMBL3307715";"";"";""
"CHEMBL3417383";"";"None";"1529.81";"None";"None";"11";"CCCC[C@H](NC(=O)[C@@H]1CCCN1C(=O)CNC(=O)[C@H](CCCCN)NC(=O)[C@H](Cc1cnc[nH]1)NC(=O)[C@H](CO)NC(=O)[C@H](CC(C)C)NC(=O)[C@H](CCCNC(=N)N)NC(=O)[C@@H]1CCCN1C(=O)[C@H](CCCNC(=N)N)NC(=O)[C@@H]1CCC(=O)N1)C(=O)N1CCC[C@H]1C(=O)N[C@@H](CCc1ccccc1)C(=O)O";"IC50";"'='";"6.7";"nM";"8.17";"";"";"UO_0000065";"5.34";"None";"None";"None";"0";"CHEMBL3421344";"Displacement of [125I]apelin-13[Glp65,Nle75,Tyr77] from YFP epitope-tagged human APJ receptor expressed in HEK293 cell membranes incubated for 1 hr by gamma counting method";"B";"BAO_0000219";"cell-based format";"Homo sapiens";"None";"None";"HEK293";"None";"";"";"";"CHEMBL1628481";"Apelin receptor";"Homo sapiens";"SINGLE PROTEIN";"CHEMBL3414462";"1";"Scientific Literature";"J Med Chem";"2015";"CHEMBL3307715";"";"";""
"CHEMBL3417379";"";"None";"1516.78";"None";"None";"7";"CCCC[C@H](NC(=O)[C@@H]1CCCN1C(=O)CNC(=O)[C@H](CCCCN)NC(=O)[C@H](Cc1cnc[nH]1)NC(=O)[C@H](CO)NC(=O)[C@H](CC(C)C)NC(=O)[C@H](CCCNC(=N)N)NC(=O)[C@@H]1CCCN1C(=O)[C@H](CCCNC(=N)N)NC(=O)[C@@H]1CCC(=O)N1)C(=O)N1CCC[C@H]1C(=O)N[C@@H](Cc1ccncc1)C(=O)O";"IC50";"'='";"1.3";"nM";"8.89";"";"";"UO_0000065";"5.86";"None";"None";"None";"0";"CHEMBL3421344";"Displacement of [125I]apelin-13[Glp65,Nle75,Tyr77] from YFP epitope-tagged human APJ receptor expressed in HEK293 cell membranes incubated for 1 hr by gamma counting method";"B";"BAO_0000219";"cell-based format";"Homo sapiens";"None";"None";"HEK293";"None";"";"";"";"CHEMBL1628481";"Apelin receptor";"Homo sapiens";"SINGLE PROTEIN";"CHEMBL3414462";"1";"Scientific Literature";"J Med Chem";"2015";"CHEMBL3307715";"";"";""
"CHEMBL3417378";"";"None";"1529.82";"None";"None";"6";"CCCC[C@H](NC(=O)[C@@H]1CCCN1C(=O)CNC(=O)[C@H](CCCCN)NC(=O)[C@H](Cc1cnc[nH]1)NC(=O)[C@H](CO)NC(=O)[C@H](CC(C)C)NC(=O)[C@H](CCCNC(=N)N)NC(=O)[C@@H]1CCCN1C(=O)[C@H](CCCNC(=N)N)NC(=O)[C@@H]1CCC(=O)N1)C(=O)N1CCC[C@H]1C(=O)N[C@@H](Cc1ccc(C)cc1)C(=O)O";"IC50";"'='";"0.25";"nM";"9.60";"";"";"UO_0000065";"6.28";"None";"None";"None";"0";"CHEMBL3421344";"Displacement of [125I]apelin-13[Glp65,Nle75,Tyr77] from YFP epitope-tagged human APJ receptor expressed in HEK293 cell membranes incubated for 1 hr by gamma counting method";"B";"BAO_0000219";"cell-based format";"Homo sapiens";"None";"None";"HEK293";"None";"";"";"";"CHEMBL1628481";"Apelin receptor";"Homo sapiens";"SINGLE PROTEIN";"CHEMBL3414462";"1";"Scientific Literature";"J Med Chem";"2015";"CHEMBL3307715";"";"";""
"CHEMBL3417391";"";"None";"1257.51";"None";"None";"20";"CCCC[C@H](NC(=O)[C@@H]1CCCN1C(=O)CNC(=O)[C@H](CCCCN)NC(=O)[C@H](Cc1cnc[nH]1)NC(=O)[C@H](CO)NC(=O)[C@H](CC(C)C)NC(=O)[C@@H](N)CCCNC(=N)N)C(=O)N1CCC[C@H]1C(=O)N[C@@H](Cc1ccc(OCc2ccccc2)cc1)C(=O)O";"IC50";"'='";"57.0";"nM";"7.24";"";"";"UO_0000065";"5.76";"None";"None";"None";"0";"CHEMBL3421344";"Displacement of [125I]apelin-13[Glp65,Nle75,Tyr77] from YFP epitope-tagged human APJ receptor expressed in HEK293 cell membranes incubated for 1 hr by gamma counting method";"B";"BAO_0000219";"cell-based format";"Homo sapiens";"None";"None";"HEK293";"None";"";"";"";"CHEMBL1628481";"Apelin receptor";"Homo sapiens";"SINGLE PROTEIN";"CHEMBL3414462";"1";"Scientific Literature";"J Med Chem";"2015";"CHEMBL3307715";"";"";""
"CHEMBL2158343";"";"None";"340.36";"0";"2.94";"1";"O=C(Oc1coc(CSc2ncccn2)cc1=O)c1ccccc1";"IC50";"'>'";"79000.0";"nM";"";"";"";"UO_0000065";"";"";"";"";"0";"CHEMBL2161530";"Antagonist activity at APJ receptor expressed in CHOK1 cells assessed as inhibition of apelin13-induced beta-arrestin recruitment after 90 mins by luminescence assay";"F";"BAO_0000219";"cell-based format";"None";"None";"None";"CHO-K1";"None";"";"";"";"CHEMBL1628481";"Apelin receptor";"Homo sapiens";"SINGLE PROTEIN";"CHEMBL2157975";"1";"Scientific Literature";"Bioorg Med Chem Lett";"2012";"CHEMBL3307512";"";"";""
"CHEMBL2158263";"";"None";"473.53";"0";"2.73";"18";"O=C(Oc1coc(CSc2ncccn2)cc1=O)c1ccc(S(=O)(=O)N2CCCC2)cc1";"IC50";"'>'";"79000.0";"nM";"";"";"";"UO_0000065";"";"";"";"";"0";"CHEMBL2161530";"Antagonist activity at APJ receptor expressed in CHOK1 cells assessed as inhibition of apelin13-induced beta-arrestin recruitment after 90 mins by luminescence assay";"F";"BAO_0000219";"cell-based format";"None";"None";"None";"CHO-K1";"None";"";"";"";"CHEMBL1628481";"Apelin receptor";"Homo sapiens";"SINGLE PROTEIN";"CHEMBL2157975";"1";"Scientific Literature";"Bioorg Med Chem Lett";"2012";"CHEMBL3307512";"";"";""
"CHEMBL2158282";"";"None";"388.83";"0";"3.90";"42";"Cc1ccnc(SCc2cc(=O)c(OC(=O)c3ccccc3Cl)co2)n1";"IC50";"'>'";"59000.0";"nM";"";"";"";"UO_0000065";"";"";"";"";"0";"CHEMBL2161530";"Antagonist activity at APJ receptor expressed in CHOK1 cells assessed as inhibition of apelin13-induced beta-arrestin recruitment after 90 mins by luminescence assay";"F";"BAO_0000219";"cell-based format";"None";"None";"None";"CHO-K1";"None";"";"";"";"CHEMBL1628481";"Apelin receptor";"Homo sapiens";"SINGLE PROTEIN";"CHEMBL2157975";"1";"Scientific Literature";"Bioorg Med Chem Lett";"2012";"CHEMBL3307512";"";"";""
"CHEMBL3414601";"";"None";"1527.80";"None";"None";"19";"CCCC[C@H](NC(=O)[C@@H]1CCCN1C(=O)CNC(=O)[C@H](CCCCN)NC(=O)[C@H](Cc1cnc[nH]1)NC(=O)[C@H](CO)NC(=O)[C@H](CC(C)C)NC(=O)[C@H](CCCNC(=N)N)NC(=O)[C@@H]1CCCN1C(=O)[C@H](CCCNC(=N)N)NC(=O)[C@@H]1CCC(=O)N1)C(=O)N1CCC[C@H]1C(=O)NC1(C(=O)O)CCc2ccccc21";"IC50";"'='";"1.7";"nM";"8.77";"";"";"UO_0000065";"5.74";"None";"None";"None";"0";"CHEMBL3421344";"Displacement of [125I]apelin-13[Glp65,Nle75,Tyr77] from YFP epitope-tagged human APJ receptor expressed in HEK293 cell membranes incubated for 1 hr by gamma counting method";"B";"BAO_0000219";"cell-based format";"Homo sapiens";"None";"None";"HEK293";"None";"";"";"";"CHEMBL1628481";"Apelin receptor";"Homo sapiens";"SINGLE PROTEIN";"CHEMBL3414462";"1";"Scientific Literature";"J Med Chem";"2015";"CHEMBL3307715";"";"";""
"CHEMBL3417375";"";"None";"1481.77";"None";"None";"3";"CCCC[C@H](NC(=O)[C@@H]1CCCN1C(=O)CNC(=O)[C@H](CCCCN)NC(=O)[C@H](Cc1cnc[nH]1)NC(=O)[C@H](CO)NC(=O)[C@H](CC(C)C)NC(=O)[C@H](CCCNC(=N)N)NC(=O)[C@@H]1CCCN1C(=O)[C@H](CCCNC(=N)N)NC(=O)[C@@H]1CCC(=O)N1)C(=O)N1CCC[C@H]1C(=O)N[C@@H](CC(C)C)C(=O)O";"IC50";"'='";"7.9";"nM";"8.10";"";"";"UO_0000065";"5.47";"None";"None";"None";"0";"CHEMBL3421344";"Displacement of [125I]apelin-13[Glp65,Nle75,Tyr77] from YFP epitope-tagged human APJ receptor expressed in HEK293 cell membranes incubated for 1 hr by gamma counting method";"B";"BAO_0000219";"cell-based format";"Homo sapiens";"None";"None";"HEK293";"None";"";"";"";"CHEMBL1628481";"Apelin receptor";"Homo sapiens";"SINGLE PROTEIN";"CHEMBL3414462";"1";"Scientific Literature";"J Med Chem";"2015";"CHEMBL3307715";"";"";""
"CHEMBL2158278";"";"None";"368.41";"0";"3.56";"36";"Cc1ccc(C(=O)Oc2coc(CSc3nccc(C)n3)cc2=O)cc1";"IC50";"'>'";"79000.0";"nM";"";"";"";"UO_0000065";"";"";"";"";"0";"CHEMBL2161530";"Antagonist activity at APJ receptor expressed in CHOK1 cells assessed as inhibition of apelin13-induced beta-arrestin recruitment after 90 mins by luminescence assay";"F";"BAO_0000219";"cell-based format";"None";"None";"None";"CHO-K1";"None";"";"";"";"CHEMBL1628481";"Apelin receptor";"Homo sapiens";"SINGLE PROTEIN";"CHEMBL2157975";"1";"Scientific Literature";"Bioorg Med Chem Lett";"2012";"CHEMBL3307512";"";"";""
"CHEMBL2158264";"";"None";"368.41";"0";"3.56";"19";"Cc1ccc(C(=O)Oc2coc(CSc3ncccn3)cc2=O)cc1C";"IC50";"'>'";"79000.0";"nM";"";"";"";"UO_0000065";"";"";"";"";"0";"CHEMBL2161530";"Antagonist activity at APJ receptor expressed in CHOK1 cells assessed as inhibition of apelin13-induced beta-arrestin recruitment after 90 mins by luminescence assay";"F";"BAO_0000219";"cell-based format";"None";"None";"None";"CHO-K1";"None";"";"";"";"CHEMBL1628481";"Apelin receptor";"Homo sapiens";"SINGLE PROTEIN";"CHEMBL2157975";"1";"Scientific Literature";"Bioorg Med Chem Lett";"2012";"CHEMBL3307512";"";"";""
"CHEMBL2158274";"";"None";"388.83";"0";"3.90";"32";"Cc1ccnc(SCc2cc(=O)c(OC(=O)c3ccc(Cl)cc3)co2)n1";"IC50";"'>'";"79000.0";"nM";"";"";"";"UO_0000065";"";"";"";"";"0";"CHEMBL2161530";"Antagonist activity at APJ receptor expressed in CHOK1 cells assessed as inhibition of apelin13-induced beta-arrestin recruitment after 90 mins by luminescence assay";"F";"BAO_0000219";"cell-based format";"None";"None";"None";"CHO-K1";"None";"";"";"";"CHEMBL1628481";"Apelin receptor";"Homo sapiens";"SINGLE PROTEIN";"CHEMBL2157975";"1";"Scientific Literature";"Bioorg Med Chem Lett";"2012";"CHEMBL3307512";"";"";""
"CHEMBL2158346";"";"None";"374.81";"0";"3.59";"5";"O=C(Oc1coc(CSc2ncccn2)cc1=O)c1ccc(Cl)cc1";"IC50";"'='";"54500.0";"nM";"4.26";"";"";"UO_0000065";"";"";"";"";"0";"CHEMBL2161530";"Antagonist activity at APJ receptor expressed in CHOK1 cells assessed as inhibition of apelin13-induced beta-arrestin recruitment after 90 mins by luminescence assay";"F";"BAO_0000219";"cell-based format";"None";"None";"None";"CHO-K1";"None";"";"";"";"CHEMBL1628481";"Apelin receptor";"Homo sapiens";"SINGLE PROTEIN";"CHEMBL2157975";"1";"Scientific Literature";"Bioorg Med Chem Lett";"2012";"CHEMBL3307512";"";"";""
"CHEMBL2158273";"";"None";"399.38";"0";"3.16";"31";"Cc1ccnc(SCc2cc(=O)c(OC(=O)c3cccc([N+](=O)[O-])c3)co2)n1";"IC50";"'='";"59200.0";"nM";"4.23";"";"";"UO_0000065";"";"";"";"";"0";"CHEMBL2161530";"Antagonist activity at APJ receptor expressed in CHOK1 cells assessed as inhibition of apelin13-induced beta-arrestin recruitment after 90 mins by luminescence assay";"F";"BAO_0000219";"cell-based format";"None";"None";"None";"CHO-K1";"None";"";"";"";"CHEMBL1628481";"Apelin receptor";"Homo sapiens";"SINGLE PROTEIN";"CHEMBL2157975";"1";"Scientific Literature";"Bioorg Med Chem Lett";"2012";"CHEMBL3307512";"";"";""
"CHEMBL1366012";"";"None";"386.86";"0";"4.74";"SID124384868";"Cc1ccc(O)c(NC(=S)NC(=O)c2ccc(-c3ccc(Cl)cc3)o2)c1";"IC50";"'='";"7680.0";"nM";"5.12";"";"active";"UO_0000065";"";"";"";"";"0";"CHEMBL1794368";"PUBCHEM_BIOASSAY: SAR analysis counterscreen of small molecule antagonists of the CCR6 receptor using an APJ receptor luminescent beta-arrestin assay. (Class of assay: confirmatory) [Related pubchem assays (depositor defined):AID493098, AID493121, AID493159]";"F";"BAO_0000019";"assay format";"None";"None";"None";"None";"None";"";"";"";"CHEMBL1628481";"Apelin receptor";"Homo sapiens";"SINGLE PROTEIN";"CHEMBL1201862";"7";"PubChem BioAssays";"";"";"None";"";"";""
"CHEMBL1522544";"";"None";"351.45";"0";"4.29";"SID124384875";"Cc1cccc2c1N(CCCOc1ccc(C(C)(C)C)cc1)C(=O)C2=O";"IC50";"'>'";"66600.0";"nM";"";"";"inactive";"UO_0000065";"";"";"";"";"0";"CHEMBL1794368";"PUBCHEM_BIOASSAY: SAR analysis counterscreen of small molecule antagonists of the CCR6 receptor using an APJ receptor luminescent beta-arrestin assay. (Class of assay: confirmatory) [Related pubchem assays (depositor defined):AID493098, AID493121, AID493159]";"F";"BAO_0000019";"assay format";"None";"None";"None";"None";"None";"";"";"";"CHEMBL1628481";"Apelin receptor";"Homo sapiens";"SINGLE PROTEIN";"CHEMBL1201862";"7";"PubChem BioAssays";"";"";"None";"";"";""
"CHEMBL2158283";"";"None";"384.41";"0";"3.26";"43";"COc1cccc(C(=O)Oc2coc(CSc3nccc(C)n3)cc2=O)c1";"IC50";"'>'";"79000.0";"nM";"";"";"";"UO_0000065";"";"";"";"";"0";"CHEMBL2161530";"Antagonist activity at APJ receptor expressed in CHOK1 cells assessed as inhibition of apelin13-induced beta-arrestin recruitment after 90 mins by luminescence assay";"F";"BAO_0000219";"cell-based format";"None";"None";"None";"CHO-K1";"None";"";"";"";"CHEMBL1628481";"Apelin receptor";"Homo sapiens";"SINGLE PROTEIN";"CHEMBL2157975";"1";"Scientific Literature";"Bioorg Med Chem Lett";"2012";"CHEMBL3307512";"";"";""
"CHEMBL2158339";"";"None";"360.42";"0";"3.31";"69";"Cc1ccnc(SCc2cc(=O)c(OC(=O)c3ccsc3)co2)n1";"IC50";"'>'";"79000.0";"nM";"";"";"";"UO_0000065";"";"";"";"";"0";"CHEMBL2161530";"Antagonist activity at APJ receptor expressed in CHOK1 cells assessed as inhibition of apelin13-induced beta-arrestin recruitment after 90 mins by luminescence assay";"F";"BAO_0000219";"cell-based format";"None";"None";"None";"CHO-K1";"None";"";"";"";"CHEMBL1628481";"Apelin receptor";"Homo sapiens";"SINGLE PROTEIN";"CHEMBL2157975";"1";"Scientific Literature";"Bioorg Med Chem Lett";"2012";"CHEMBL3307512";"";"";""
"CHEMBL2158336";"";"None";"449.47";"0";"3.01";"65";"Cc1cc(C)nc(SCc2cc(=O)c(OS(=O)(=O)c3ccc([N+](=O)[O-])cc3)co2)n1";"IC50";"'>'";"79000.0";"nM";"";"";"";"UO_0000065";"";"";"";"";"0";"CHEMBL2161530";"Antagonist activity at APJ receptor expressed in CHOK1 cells assessed as inhibition of apelin13-induced beta-arrestin recruitment after 90 mins by luminescence assay";"F";"BAO_0000219";"cell-based format";"None";"None";"None";"CHO-K1";"None";"";"";"";"CHEMBL1628481";"Apelin receptor";"Homo sapiens";"SINGLE PROTEIN";"CHEMBL2157975";"1";"Scientific Literature";"Bioorg Med Chem Lett";"2012";"CHEMBL3307512";"";"";""
"CHEMBL2158332";"";"None";"334.40";"0";"2.98";"61";"Cc1ccnc(SCc2cc(=O)c(OC(=O)C(C)(C)C)co2)n1";"IC50";"'>'";"79000.0";"nM";"";"";"";"UO_0000065";"";"";"";"";"0";"CHEMBL2161530";"Antagonist activity at APJ receptor expressed in CHOK1 cells assessed as inhibition of apelin13-induced beta-arrestin recruitment after 90 mins by luminescence assay";"F";"BAO_0000219";"cell-based format";"None";"None";"None";"CHO-K1";"None";"";"";"";"CHEMBL1628481";"Apelin receptor";"Homo sapiens";"SINGLE PROTEIN";"CHEMBL2157975";"1";"Scientific Literature";"Bioorg Med Chem Lett";"2012";"CHEMBL3307512";"";"";""
"CHEMBL2158330";"";"None";"340.40";"0";"3.61";"59";"Cc1ccnc(SCc2cc(=O)c(OCc3ccccc3)co2)n1";"IC50";"'>'";"79000.0";"nM";"";"";"";"UO_0000065";"";"";"";"";"0";"CHEMBL2161530";"Antagonist activity at APJ receptor expressed in CHOK1 cells assessed as inhibition of apelin13-induced beta-arrestin recruitment after 90 mins by luminescence assay";"F";"BAO_0000219";"cell-based format";"None";"None";"None";"CHO-K1";"None";"";"";"";"CHEMBL1628481";"Apelin receptor";"Homo sapiens";"SINGLE PROTEIN";"CHEMBL2157975";"1";"Scientific Literature";"Bioorg Med Chem Lett";"2012";"CHEMBL3307512";"";"";""
"CHEMBL2158324";"";"None";"264.31";"0";"2.04";"53";"Cc1cc(C)nc(SCc2cc(=O)c(O)co2)n1";"IC50";"'>'";"79000.0";"nM";"";"";"";"UO_0000065";"";"";"";"";"0";"CHEMBL2161530";"Antagonist activity at APJ receptor expressed in CHOK1 cells assessed as inhibition of apelin13-induced beta-arrestin recruitment after 90 mins by luminescence assay";"F";"BAO_0000219";"cell-based format";"None";"None";"None";"CHO-K1";"None";"";"";"";"CHEMBL1628481";"Apelin receptor";"Homo sapiens";"SINGLE PROTEIN";"CHEMBL2157975";"1";"Scientific Literature";"Bioorg Med Chem Lett";"2012";"CHEMBL3307512";"";"";""
"CHEMBL2158321";"";"None";"252.27";"0";"2.78";"50";"O=c1cc(CSc2ccc(F)cc2)occ1O";"IC50";"'>'";"79000.0";"nM";"";"";"";"UO_0000065";"";"";"";"";"0";"CHEMBL2161530";"Antagonist activity at APJ receptor expressed in CHOK1 cells assessed as inhibition of apelin13-induced beta-arrestin recruitment after 90 mins by luminescence assay";"F";"BAO_0000219";"cell-based format";"None";"None";"None";"CHO-K1";"None";"";"";"";"CHEMBL1628481";"Apelin receptor";"Homo sapiens";"SINGLE PROTEIN";"CHEMBL2157975";"1";"Scientific Literature";"Bioorg Med Chem Lett";"2012";"CHEMBL3307512";"";"";""
"CHEMBL2158320";"";"None";"234.28";"0";"2.64";"49";"O=c1cc(CSc2ccccc2)occ1O";"IC50";"'>'";"79000.0";"nM";"";"";"";"UO_0000065";"";"";"";"";"0";"CHEMBL2161530";"Antagonist activity at APJ receptor expressed in CHOK1 cells assessed as inhibition of apelin13-induced beta-arrestin recruitment after 90 mins by luminescence assay";"F";"BAO_0000219";"cell-based format";"None";"None";"None";"CHO-K1";"None";"";"";"";"CHEMBL1628481";"Apelin receptor";"Homo sapiens";"SINGLE PROTEIN";"CHEMBL2157975";"1";"Scientific Literature";"Bioorg Med Chem Lett";"2012";"CHEMBL3307512";"";"";""
"CHEMBL2158276";"";"None";"379.40";"0";"3.12";"34";"Cc1ccnc(SCc2cc(=O)c(OC(=O)c3ccc(C#N)cc3)co2)n1";"IC50";"'='";"8510.0";"nM";"5.07";"";"";"UO_0000065";"";"";"";"";"0";"CHEMBL2161530";"Antagonist activity at APJ receptor expressed in CHOK1 cells assessed as inhibition of apelin13-induced beta-arrestin recruitment after 90 mins by luminescence assay";"F";"BAO_0000219";"cell-based format";"None";"None";"None";"CHO-K1";"None";"";"";"";"CHEMBL1628481";"Apelin receptor";"Homo sapiens";"SINGLE PROTEIN";"CHEMBL2157975";"1";"Scientific Literature";"Bioorg Med Chem Lett";"2012";"CHEMBL3307512";"";"";""
"CHEMBL2158347";"";"None";"385.36";"0";"2.85";"6 , ML221";"O=C(Oc1coc(CSc2ncccn2)cc1=O)c1ccc([N+](=O)[O-])cc1";"IC50";"'='";"700.0";"nM";"6.16";"";"";"UO_0000065";"";"";"";"";"0";"CHEMBL2161528";"Antagonist activity at APJ receptor assessed as inhibition of apelin13-induced cAMP accumulation";"F";"BAO_0000019";"assay format";"None";"None";"None";"None";"None";"";"";"";"CHEMBL1628481";"Apelin receptor";"Homo sapiens";"SINGLE PROTEIN";"CHEMBL2157975";"1";"Scientific Literature";"Bioorg Med Chem Lett";"2012";"None";"";"";""
"CHEMBL2158342";"";"None";"465.83";"0";"2.49";"72";"Cc1ccnc(S(=O)(=O)Cc2cc(=O)c(OC(=O)c3ccc(Cl)c([N+](=O)[O-])c3)co2)n1";"IC50";"'='";"3210.0";"nM";"5.49";"";"";"UO_0000065";"";"";"";"";"0";"CHEMBL2161530";"Antagonist activity at APJ receptor expressed in CHOK1 cells assessed as inhibition of apelin13-induced beta-arrestin recruitment after 90 mins by luminescence assay";"F";"BAO_0000219";"cell-based format";"None";"None";"None";"CHO-K1";"None";"";"";"";"CHEMBL1628481";"Apelin receptor";"Homo sapiens";"SINGLE PROTEIN";"CHEMBL2157975";"1";"Scientific Literature";"Bioorg Med Chem Lett";"2012";"CHEMBL3307512";"";"";""
"CHEMBL5079665";"";"None";"1180.42";"None";"None";"20";"CCCC[C@H](NC(=O)[C@@H]1CCCN1C(=O)CNC(=O)[C@H](CCCCN)NC(=O)[C@@H]1C/C=C\C[C@H](N)C(=O)N[C@@H](CCCNC(=N)N)C(=O)N[C@@H](CC(C)C)C(=O)N[C@@H](CO)C(=O)N1)C(=O)N1CCC[C@H]1C(=O)N[C@@H](Cc1ccccc1)C(=O)O";"IC50";"'='";"15.0";"nM";"7.82";"";"";"UO_0000065";"6.63";"None";"None";"None";"0";"CHEMBL5041570";"Inhibition [125I]-[Nle75,Tyr77][Pyr1]-Ape13 binding to YFP-tagged human wildtype APJ expressed in HEK293 cell membranes incubated for 1 hr by scintillation counting method";"B";"BAO_0000219";"cell-based format";"Homo sapiens";"None";"None";"HEK293";"None";"";"";"";"CHEMBL1628481";"Apelin receptor";"Homo sapiens";"SINGLE PROTEIN";"CHEMBL5038644";"1";"Scientific Literature";"J Med Chem";"2022";"None";"TIME = 1.0 hr";"AGONIST";""
"CHEMBL5076304";"";"None";"1165.40";"None";"None";"22";"CCCC[C@H](NC(=O)[C@@H]1CCCN1C(=O)CNC(=O)[C@H](CCCCN)NC(=O)[C@@H]1C/C=C\CCC(=O)N[C@@H](CCCNC(=N)N)C(=O)N[C@@H](CC(C)C)C(=O)N[C@@H](CO)C(=O)N1)C(=O)N1CCC[C@H]1C(=O)N[C@@H](Cc1ccccc1)C(=O)O";"IC50";"'='";"164.0";"nM";"6.79";"";"";"UO_0000065";"5.82";"None";"None";"None";"0";"CHEMBL5041572";"Inhibition [125I]-[Nle75,Tyr77][Pyr1]-Ape13 binding to YFP-tagged human APJ D32A mutant expressed in HEK293 cell membranes incubated for 1 hr by scintillation counting method";"B";"BAO_0000219";"cell-based format";"Homo sapiens";"None";"None";"HEK293";"None";"";"";"";"CHEMBL1628481";"Apelin receptor";"Homo sapiens";"SINGLE PROTEIN";"CHEMBL5038644";"1";"Scientific Literature";"J Med Chem";"2022";"None";"TIME = 1.0 hr";"AGONIST";""
"CHEMBL5091291";"";"None";"1137.39";"None";"None";"24";"CCCC[C@@H]1NC(=O)[C@@H](N)C/C=C\C[C@@H](C(=O)N[C@@H](CCCCN)C(=O)NCC(=O)N2CCC[C@H]2C(=O)N[C@@H](CCCC)C(=O)N2CCC[C@H]2C(=O)N[C@@H](Cc2ccccc2)C(=O)O)NC(=O)[C@H](CO)NC(=O)[C@H](CC(C)C)NC1=O";"IC50";"'='";"1111.0";"nM";"5.95";"";"";"UO_0000065";"5.24";"None";"None";"None";"0";"CHEMBL5041570";"Inhibition [125I]-[Nle75,Tyr77][Pyr1]-Ape13 binding to YFP-tagged human wildtype APJ expressed in HEK293 cell membranes incubated for 1 hr by scintillation counting method";"B";"BAO_0000219";"cell-based format";"Homo sapiens";"None";"None";"HEK293";"None";"";"";"";"CHEMBL1628481";"Apelin receptor";"Homo sapiens";"SINGLE PROTEIN";"CHEMBL5038644";"1";"Scientific Literature";"J Med Chem";"2022";"None";"TIME = 1.0 hr";"AGONIST";""
"CHEMBL2158279";"";"None";"384.41";"0";"3.26";"37";"COc1ccc(C(=O)Oc2coc(CSc3nccc(C)n3)cc2=O)cc1";"IC50";"'>'";"79000.0";"nM";"";"";"";"UO_0000065";"";"";"";"";"0";"CHEMBL2161530";"Antagonist activity at APJ receptor expressed in CHOK1 cells assessed as inhibition of apelin13-induced beta-arrestin recruitment after 90 mins by luminescence assay";"F";"BAO_0000219";"cell-based format";"None";"None";"None";"CHO-K1";"None";"";"";"";"CHEMBL1628481";"Apelin receptor";"Homo sapiens";"SINGLE PROTEIN";"CHEMBL2157975";"1";"Scientific Literature";"Bioorg Med Chem Lett";"2012";"CHEMBL3307512";"";"";""
"CHEMBL1545659";"";"None";"354.39";"0";"3.25";"28";"Cc1ccnc(SCc2cc(=O)c(OC(=O)c3ccccc3)co2)n1";"IC50";"'>'";"79000.0";"nM";"";"";"";"UO_0000065";"";"";"";"";"0";"CHEMBL2161530";"Antagonist activity at APJ receptor expressed in CHOK1 cells assessed as inhibition of apelin13-induced beta-arrestin recruitment after 90 mins by luminescence assay";"F";"BAO_0000219";"cell-based format";"None";"None";"None";"CHO-K1";"None";"";"";"";"CHEMBL1628481";"Apelin receptor";"Homo sapiens";"SINGLE PROTEIN";"CHEMBL2157975";"1";"Scientific Literature";"Bioorg Med Chem Lett";"2012";"CHEMBL3307512";"";"";""
"CHEMBL2158266";"";"None";"399.38";"0";"3.16";"22";"Cc1c(C(=O)Oc2coc(CSc3ncccn3)cc2=O)cccc1[N+](=O)[O-]";"IC50";"'='";"72200.0";"nM";"4.14";"";"";"UO_0000065";"";"";"";"";"0";"CHEMBL2161530";"Antagonist activity at APJ receptor expressed in CHOK1 cells assessed as inhibition of apelin13-induced beta-arrestin recruitment after 90 mins by luminescence assay";"F";"BAO_0000219";"cell-based format";"None";"None";"None";"CHO-K1";"None";"";"";"";"CHEMBL1628481";"Apelin receptor";"Homo sapiens";"SINGLE PROTEIN";"CHEMBL2157975";"1";"Scientific Literature";"Bioorg Med Chem Lett";"2012";"CHEMBL3307512";"";"";""
"CHEMBL2158005";"";"None";"419.80";"0";"3.50";"21";"O=C(Oc1coc(CSc2ncccn2)cc1=O)c1cc([N+](=O)[O-])ccc1Cl";"IC50";"'='";"51000.0";"nM";"4.29";"";"";"UO_0000065";"";"";"";"";"0";"CHEMBL2161530";"Antagonist activity at APJ receptor expressed in CHOK1 cells assessed as inhibition of apelin13-induced beta-arrestin recruitment after 90 mins by luminescence assay";"F";"BAO_0000219";"cell-based format";"None";"None";"None";"CHO-K1";"None";"";"";"";"CHEMBL1628481";"Apelin receptor";"Homo sapiens";"SINGLE PROTEIN";"CHEMBL2157975";"1";"Scientific Literature";"Bioorg Med Chem Lett";"2012";"CHEMBL3307512";"";"";""
"CHEMBL2158344";"";"None";"419.80";"0";"3.50";"2";"O=C(Oc1coc(CSc2ncccn2)cc1=O)c1ccc(Cl)c([N+](=O)[O-])c1";"IC50";"'='";"6200.0";"nM";"5.21";"";"";"UO_0000065";"";"";"";"";"0";"CHEMBL2161530";"Antagonist activity at APJ receptor expressed in CHOK1 cells assessed as inhibition of apelin13-induced beta-arrestin recruitment after 90 mins by luminescence assay";"F";"BAO_0000219";"cell-based format";"None";"None";"None";"CHO-K1";"None";"";"";"";"CHEMBL1628481";"Apelin receptor";"Homo sapiens";"SINGLE PROTEIN";"CHEMBL2157975";"1";"Scientific Literature";"Bioorg Med Chem Lett";"2012";"CHEMBL3307512";"";"";""
"CHEMBL2158328";"";"None";"431.85";"1";"5.02";"57";"Cc1ccc(SCc2cc(=O)c(OC(=O)c3ccc(Cl)c([N+](=O)[O-])c3)co2)cc1";"IC50";"'='";"12800.0";"nM";"4.89";"";"";"UO_0000065";"";"";"";"";"0";"CHEMBL2161530";"Antagonist activity at APJ receptor expressed in CHOK1 cells assessed as inhibition of apelin13-induced beta-arrestin recruitment after 90 mins by luminescence assay";"F";"BAO_0000219";"cell-based format";"None";"None";"None";"CHO-K1";"None";"";"";"";"CHEMBL1628481";"Apelin receptor";"Homo sapiens";"SINGLE PROTEIN";"CHEMBL2157975";"1";"Scientific Literature";"Bioorg Med Chem Lett";"2012";"CHEMBL3307512";"";"";""
"CHEMBL2158326";"";"None";"501.82";"2";"5.61";"55";"O=C(Oc1coc(CSc2ccc(OC(F)(F)F)cc2)cc1=O)c1ccc(Cl)c([N+](=O)[O-])c1";"IC50";"'='";"24000.0";"nM";"4.62";"";"";"UO_0000065";"";"";"";"";"0";"CHEMBL2161530";"Antagonist activity at APJ receptor expressed in CHOK1 cells assessed as inhibition of apelin13-induced beta-arrestin recruitment after 90 mins by luminescence assay";"F";"BAO_0000219";"cell-based format";"None";"None";"None";"CHO-K1";"None";"";"";"";"CHEMBL1628481";"Apelin receptor";"Homo sapiens";"SINGLE PROTEIN";"CHEMBL2157975";"1";"Scientific Literature";"Bioorg Med Chem Lett";"2012";"CHEMBL3307512";"";"";""
"CHEMBL2158286";"";"None";"368.41";"0";"3.56";"46";"Cc1ccnc(SCc2cc(=O)c(OC(=O)c3ccccc3C)co2)n1";"IC50";"'>'";"79000.0";"nM";"";"";"";"UO_0000065";"";"";"";"";"0";"CHEMBL2161530";"Antagonist activity at APJ receptor expressed in CHOK1 cells assessed as inhibition of apelin13-induced beta-arrestin recruitment after 90 mins by luminescence assay";"F";"BAO_0000219";"cell-based format";"None";"None";"None";"CHO-K1";"None";"";"";"";"CHEMBL1628481";"Apelin receptor";"Homo sapiens";"SINGLE PROTEIN";"CHEMBL2157975";"1";"Scientific Literature";"Bioorg Med Chem Lett";"2012";"CHEMBL3307512";"";"";""
"CHEMBL2158284";"";"None";"368.41";"0";"3.56";"44";"Cc1cccc(C(=O)Oc2coc(CSc3nccc(C)n3)cc2=O)c1";"IC50";"'>'";"79000.0";"nM";"";"";"";"UO_0000065";"";"";"";"";"0";"CHEMBL2161530";"Antagonist activity at APJ receptor expressed in CHOK1 cells assessed as inhibition of apelin13-induced beta-arrestin recruitment after 90 mins by luminescence assay";"F";"BAO_0000219";"cell-based format";"None";"None";"None";"CHO-K1";"None";"";"";"";"CHEMBL1628481";"Apelin receptor";"Homo sapiens";"SINGLE PROTEIN";"CHEMBL2157975";"1";"Scientific Literature";"Bioorg Med Chem Lett";"2012";"CHEMBL3307512";"";"";""
"CHEMBL2158353";"";"None";"384.41";"0";"3.34";"12";"CCOc1ccc(C(=O)Oc2coc(CSc3ncccn3)cc2=O)cc1";"IC50";"'>'";"79000.0";"nM";"";"";"";"UO_0000065";"";"";"";"";"0";"CHEMBL2161530";"Antagonist activity at APJ receptor expressed in CHOK1 cells assessed as inhibition of apelin13-induced beta-arrestin recruitment after 90 mins by luminescence assay";"F";"BAO_0000219";"cell-based format";"None";"None";"None";"CHO-K1";"None";"";"";"";"CHEMBL1628481";"Apelin receptor";"Homo sapiens";"SINGLE PROTEIN";"CHEMBL2157975";"1";"Scientific Literature";"Bioorg Med Chem Lett";"2012";"CHEMBL3307512";"";"";""
"CHEMBL2158329";"";"None";"417.83";"0";"4.71";"58";"O=C(Oc1coc(CSc2ccccc2)cc1=O)c1ccc(Cl)c([N+](=O)[O-])c1";"IC50";"'='";"9610.0";"nM";"5.02";"";"";"UO_0000065";"";"";"";"";"0";"CHEMBL2161530";"Antagonist activity at APJ receptor expressed in CHOK1 cells assessed as inhibition of apelin13-induced beta-arrestin recruitment after 90 mins by luminescence assay";"F";"BAO_0000219";"cell-based format";"None";"None";"None";"CHO-K1";"None";"";"";"";"CHEMBL1628481";"Apelin receptor";"Homo sapiens";"SINGLE PROTEIN";"CHEMBL2157975";"1";"Scientific Literature";"Bioorg Med Chem Lett";"2012";"CHEMBL3307512";"";"";""
"CHEMBL5076304";"";"None";"1165.40";"None";"None";"22";"CCCC[C@H](NC(=O)[C@@H]1CCCN1C(=O)CNC(=O)[C@H](CCCCN)NC(=O)[C@@H]1C/C=C\CCC(=O)N[C@@H](CCCNC(=N)N)C(=O)N[C@@H](CC(C)C)C(=O)N[C@@H](CO)C(=O)N1)C(=O)N1CCC[C@H]1C(=O)N[C@@H](Cc1ccccc1)C(=O)O";"IC50";"'='";"97.0";"nM";"7.01";"";"";"UO_0000065";"6.02";"None";"None";"None";"0";"CHEMBL5041571";"Inhibition [125I]-[Nle75,Tyr77][Pyr1]-Ape13 binding to YFP-tagged human APJ E20A mutant expressed in HEK293 cell membranes incubated for 1 hr by scintillation counting method";"B";"BAO_0000219";"cell-based format";"Homo sapiens";"None";"None";"HEK293";"None";"";"";"";"CHEMBL1628481";"Apelin receptor";"Homo sapiens";"SINGLE PROTEIN";"CHEMBL5038644";"1";"Scientific Literature";"J Med Chem";"2022";"None";"TIME = 1.0 hr";"AGONIST";""
"CHEMBL5087847";"";"None";"1519.84";"None";"None";"Ape13";"CSCC[C@H](NC(=O)[C@@H]1CCCN1C(=O)CNC(=O)[C@H](CCCCN)NC(=O)[C@H](Cc1c[nH]cn1)NC(=O)[C@H](CO)NC(=O)[C@H](CC(C)C)NC(=O)[C@H](CCCNC(=N)N)NC(=O)[C@@H]1CCCN1C[C@H](CCCNC(=N)N)NC(=O)[C@@H]1CCC(=O)N1)C(=O)N1CCC[C@H]1C(=O)N[C@@H](Cc1ccccc1)C(=O)O";"IC50";"'='";"2.2";"nM";"8.66";"";"";"UO_0000065";"5.70";"None";"None";"None";"0";"CHEMBL5041570";"Inhibition [125I]-[Nle75,Tyr77][Pyr1]-Ape13 binding to YFP-tagged human wildtype APJ expressed in HEK293 cell membranes incubated for 1 hr by scintillation counting method";"B";"BAO_0000219";"cell-based format";"Homo sapiens";"None";"None";"HEK293";"None";"";"";"";"CHEMBL1628481";"Apelin receptor";"Homo sapiens";"SINGLE PROTEIN";"CHEMBL5038644";"1";"Scientific Literature";"J Med Chem";"2022";"None";"TIME = 1.0 hr";"AGONIST";""
"CHEMBL5079665";"";"None";"1180.42";"None";"None";"20";"CCCC[C@H](NC(=O)[C@@H]1CCCN1C(=O)CNC(=O)[C@H](CCCCN)NC(=O)[C@@H]1C/C=C\C[C@H](N)C(=O)N[C@@H](CCCNC(=N)N)C(=O)N[C@@H](CC(C)C)C(=O)N[C@@H](CO)C(=O)N1)C(=O)N1CCC[C@H]1C(=O)N[C@@H](Cc1ccccc1)C(=O)O";"IC50";"'='";"38.0";"nM";"7.42";"";"";"UO_0000065";"6.29";"None";"None";"None";"0";"CHEMBL5041572";"Inhibition [125I]-[Nle75,Tyr77][Pyr1]-Ape13 binding to YFP-tagged human APJ D32A mutant expressed in HEK293 cell membranes incubated for 1 hr by scintillation counting method";"B";"BAO_0000219";"cell-based format";"Homo sapiens";"None";"None";"HEK293";"None";"";"";"";"CHEMBL1628481";"Apelin receptor";"Homo sapiens";"SINGLE PROTEIN";"CHEMBL5038644";"1";"Scientific Literature";"J Med Chem";"2022";"None";"TIME = 1.0 hr";"AGONIST";""
"CHEMBL5091291";"";"None";"1137.39";"None";"None";"24";"CCCC[C@@H]1NC(=O)[C@@H](N)C/C=C\C[C@@H](C(=O)N[C@@H](CCCCN)C(=O)NCC(=O)N2CCC[C@H]2C(=O)N[C@@H](CCCC)C(=O)N2CCC[C@H]2C(=O)N[C@@H](Cc2ccccc2)C(=O)O)NC(=O)[C@H](CO)NC(=O)[C@H](CC(C)C)NC1=O";"IC50";"'='";"2347.0";"nM";"5.63";"";"";"UO_0000065";"4.95";"None";"None";"None";"0";"CHEMBL5041572";"Inhibition [125I]-[Nle75,Tyr77][Pyr1]-Ape13 binding to YFP-tagged human APJ D32A mutant expressed in HEK293 cell membranes incubated for 1 hr by scintillation counting method";"B";"BAO_0000219";"cell-based format";"Homo sapiens";"None";"None";"HEK293";"None";"";"";"";"CHEMBL1628481";"Apelin receptor";"Homo sapiens";"SINGLE PROTEIN";"CHEMBL5038644";"1";"Scientific Literature";"J Med Chem";"2022";"None";"TIME = 1.0 hr";"AGONIST";""
"CHEMBL3417386";"";"None";"1541.83";"None";"None";"14";"CCCC[C@H](NC(=O)[C@@H]1CCCN1C(=O)CNC(=O)[C@H](CCCCN)NC(=O)[C@H](Cc1cnc[nH]1)NC(=O)[C@H](CO)NC(=O)[C@H](CC(C)C)NC(=O)[C@H](CCCNC(=N)N)NC(=O)[C@@H]1CCCN1C(=O)[C@H](CCCNC(=N)N)NC(=O)[C@@H]1CCC(=O)N1)C(=O)N1CCC[C@H]1C(=O)N[C@@H](C/C=C/c1ccccc1)C(=O)O";"IC50";"'='";"1.5";"nM";"8.82";"";"";"UO_0000065";"5.72";"None";"None";"None";"0";"CHEMBL3421344";"Displacement of [125I]apelin-13[Glp65,Nle75,Tyr77] from YFP epitope-tagged human APJ receptor expressed in HEK293 cell membranes incubated for 1 hr by gamma counting method";"B";"BAO_0000219";"cell-based format";"Homo sapiens";"None";"None";"HEK293";"None";"";"";"";"CHEMBL1628481";"Apelin receptor";"Homo sapiens";"SINGLE PROTEIN";"CHEMBL3414462";"1";"Scientific Literature";"J Med Chem";"2015";"CHEMBL3307715";"";"";""
"CHEMBL3417382";"";"None";"1501.76";"None";"None";"10";"CCCC[C@H](NC(=O)[C@@H]1CCCN1C(=O)CNC(=O)[C@H](CCCCN)NC(=O)[C@H](Cc1cnc[nH]1)NC(=O)[C@H](CO)NC(=O)[C@H](CC(C)C)NC(=O)[C@H](CCCNC(=N)N)NC(=O)[C@@H]1CCCN1C(=O)[C@H](CCCNC(=N)N)NC(=O)[C@@H]1CCC(=O)N1)C(=O)N1CCC[C@H]1C(=O)N[C@H](C(=O)O)c1ccccc1";"IC50";"'='";"14.3";"nM";"7.84";"";"";"UO_0000065";"5.22";"None";"None";"None";"0";"CHEMBL3421344";"Displacement of [125I]apelin-13[Glp65,Nle75,Tyr77] from YFP epitope-tagged human APJ receptor expressed in HEK293 cell membranes incubated for 1 hr by gamma counting method";"B";"BAO_0000219";"cell-based format";"Homo sapiens";"None";"None";"HEK293";"None";"";"";"";"CHEMBL1628481";"Apelin receptor";"Homo sapiens";"SINGLE PROTEIN";"CHEMBL3414462";"1";"Scientific Literature";"J Med Chem";"2015";"CHEMBL3307715";"";"";""
"CHEMBL3417381";"";"None";"1516.78";"None";"None";"9";"CCCC[C@H](NC(=O)[C@@H]1CCCN1C(=O)CNC(=O)[C@H](CCCCN)NC(=O)[C@H](Cc1cnc[nH]1)NC(=O)[C@H](CO)NC(=O)[C@H](CC(C)C)NC(=O)[C@H](CCCNC(=N)N)NC(=O)[C@@H]1CCCN1C(=O)[C@H](CCCNC(=N)N)NC(=O)[C@@H]1CCC(=O)N1)C(=O)N1CCC[C@H]1C(=O)N[C@@H](Cc1ccccn1)C(=O)O";"IC50";"'='";"6.1";"nM";"8.21";"";"";"UO_0000065";"5.42";"None";"None";"None";"0";"CHEMBL3421344";"Displacement of [125I]apelin-13[Glp65,Nle75,Tyr77] from YFP epitope-tagged human APJ receptor expressed in HEK293 cell membranes incubated for 1 hr by gamma counting method";"B";"BAO_0000219";"cell-based format";"Homo sapiens";"None";"None";"HEK293";"None";"";"";"";"CHEMBL1628481";"Apelin receptor";"Homo sapiens";"SINGLE PROTEIN";"CHEMBL3414462";"1";"Scientific Literature";"J Med Chem";"2015";"CHEMBL3307715";"";"";""
"CHEMBL3414600";"";"None";"1481.77";"None";"None";"2";"CCCC[C@H](NC(=O)[C@@H]1CCCN1C(=O)CNC(=O)[C@H](CCCCN)NC(=O)[C@H](Cc1cnc[nH]1)NC(=O)[C@H](CO)NC(=O)[C@H](CC(C)C)NC(=O)[C@H](CCCNC(=N)N)NC(=O)[C@@H]1CCCN1C(=O)[C@H](CCCNC(=N)N)NC(=O)[C@@H]1CCC(=O)N1)C(=O)N1CCC[C@H]1C(=O)N[C@H](C(=O)O)[C@@H](C)CC";"IC50";"'='";"11.4";"nM";"7.94";"";"";"UO_0000065";"5.36";"None";"None";"None";"0";"CHEMBL3421344";"Displacement of [125I]apelin-13[Glp65,Nle75,Tyr77] from YFP epitope-tagged human APJ receptor expressed in HEK293 cell membranes incubated for 1 hr by gamma counting method";"B";"BAO_0000219";"cell-based format";"Homo sapiens";"None";"None";"HEK293";"None";"";"";"";"CHEMBL1628481";"Apelin receptor";"Homo sapiens";"SINGLE PROTEIN";"CHEMBL3414462";"1";"Scientific Literature";"J Med Chem";"2015";"CHEMBL3307715";"";"";""
"CHEMBL3184840";"";"None";"1533.83";"None";"None";"Ape13";"CSCC[C@H](NC(=O)[C@@H]1CCCN1C(=O)CNC(=O)[C@H](CCCCN)NC(=O)[C@H](Cc1cnc[nH]1)NC(=O)[C@H](CO)NC(=O)[C@H](CC(C)C)NC(=O)[C@H](CCCNC(=N)N)NC(=O)[C@@H]1CCCN1C(=O)[C@H](CCCNC(=N)N)NC(=O)[C@@H]1CCC(=O)N1)C(=O)N1CCC[C@H]1C(=O)N[C@@H](Cc1ccccc1)C(=O)O";"IC50";"'='";"1.2";"nM";"8.92";"";"";"UO_0000065";"5.82";"None";"None";"None";"0";"CHEMBL3421344";"Displacement of [125I]apelin-13[Glp65,Nle75,Tyr77] from YFP epitope-tagged human APJ receptor expressed in HEK293 cell membranes incubated for 1 hr by gamma counting method";"B";"BAO_0000219";"cell-based format";"Homo sapiens";"None";"None";"HEK293";"None";"";"";"";"CHEMBL1628481";"Apelin receptor";"Homo sapiens";"SINGLE PROTEIN";"CHEMBL3414462";"1";"Scientific Literature";"J Med Chem";"2015";"CHEMBL3307715";"";"";""
"CHEMBL3417392";"";"None";"988.16";"3";"-0.47";"21";"CCCC[C@H](NC(=O)[C@@H]1CCCN1C(=O)CNC(=O)[C@H](CCCCN)NC(=O)[C@H](Cc1cnc[nH]1)NC(=O)[C@@H](N)CO)C(=O)N1CCC[C@H]1C(=O)N[C@@H](Cc1ccc(OCc2ccccc2)cc1)C(=O)O";"IC50";"'>'";"10000.0";"nM";"";"";"";"UO_0000065";"";"";"";"";"0";"CHEMBL3421344";"Displacement of [125I]apelin-13[Glp65,Nle75,Tyr77] from YFP epitope-tagged human APJ receptor expressed in HEK293 cell membranes incubated for 1 hr by gamma counting method";"B";"BAO_0000219";"cell-based format";"Homo sapiens";"None";"None";"HEK293";"None";"";"";"";"CHEMBL1628481";"Apelin receptor";"Homo sapiens";"SINGLE PROTEIN";"CHEMBL3414462";"1";"Scientific Literature";"J Med Chem";"2015";"CHEMBL3307715";"";"";""
"CHEMBL3417384";"";"None";"1621.91";"None";"None";"12";"CCCC[C@H](NC(=O)[C@@H]1CCCN1C(=O)CNC(=O)[C@H](CCCCN)NC(=O)[C@H](Cc1cnc[nH]1)NC(=O)[C@H](CO)NC(=O)[C@H](CC(C)C)NC(=O)[C@H](CCCNC(=N)N)NC(=O)[C@@H]1CCCN1C(=O)[C@H](CCCNC(=N)N)NC(=O)[C@@H]1CCC(=O)N1)C(=O)N1CCC[C@H]1C(=O)N[C@@H](Cc1ccc(OCc2ccccc2)cc1)C(=O)O";"IC50";"'='";"0.02";"nM";"10.70";"";"";"UO_0000065";"6.60";"None";"None";"None";"0";"CHEMBL3421344";"Displacement of [125I]apelin-13[Glp65,Nle75,Tyr77] from YFP epitope-tagged human APJ receptor expressed in HEK293 cell membranes incubated for 1 hr by gamma counting method";"B";"BAO_0000219";"cell-based format";"Homo sapiens";"None";"None";"HEK293";"None";"";"";"";"CHEMBL1628481";"Apelin receptor";"Homo sapiens";"SINGLE PROTEIN";"CHEMBL3414462";"1";"Scientific Literature";"J Med Chem";"2015";"CHEMBL3307715";"";"";""
"CHEMBL3417393";"";"None";"763.94";"2";"1.61";"22";"CCCC[C@H](NC(=O)[C@@H]1CCCN1C(=O)CNC(=O)[C@@H](N)CCCCN)C(=O)N1CCC[C@H]1C(=O)N[C@@H](Cc1ccc(OCc2ccccc2)cc1)C(=O)O";"IC50";"'>'";"10000.0";"nM";"";"";"";"UO_0000065";"";"";"";"";"0";"CHEMBL3421344";"Displacement of [125I]apelin-13[Glp65,Nle75,Tyr77] from YFP epitope-tagged human APJ receptor expressed in HEK293 cell membranes incubated for 1 hr by gamma counting method";"B";"BAO_0000219";"cell-based format";"Homo sapiens";"None";"None";"HEK293";"None";"";"";"";"CHEMBL1628481";"Apelin receptor";"Homo sapiens";"SINGLE PROTEIN";"CHEMBL3414462";"1";"Scientific Literature";"J Med Chem";"2015";"CHEMBL3307715";"";"";""
"CHEMBL3417376";"";"None";"1467.74";"None";"None";"4";"CCCC[C@H](NC(=O)[C@@H]1CCCN1C(=O)CNC(=O)[C@H](CCCCN)NC(=O)[C@H](Cc1cnc[nH]1)NC(=O)[C@H](CO)NC(=O)[C@H](CC(C)C)NC(=O)[C@H](CCCNC(=N)N)NC(=O)[C@@H]1CCCN1C(=O)[C@H](CCCNC(=N)N)NC(=O)[C@@H]1CCC(=O)N1)C(=O)N1CCC[C@H]1C(=O)N[C@H](C(=O)O)C(C)C";"IC50";"'='";"18.2";"nM";"7.74";"";"";"UO_0000065";"5.27";"None";"None";"None";"0";"CHEMBL3421344";"Displacement of [125I]apelin-13[Glp65,Nle75,Tyr77] from YFP epitope-tagged human APJ receptor expressed in HEK293 cell membranes incubated for 1 hr by gamma counting method";"B";"BAO_0000219";"cell-based format";"Homo sapiens";"None";"None";"HEK293";"None";"";"";"";"CHEMBL1628481";"Apelin receptor";"Homo sapiens";"SINGLE PROTEIN";"CHEMBL3414462";"1";"Scientific Literature";"J Med Chem";"2015";"CHEMBL3307715";"";"";""
"CHEMBL3417388";"";"None";"1571.88";"None";"None";"16";"CCCC[C@H](NC(=O)[C@@H]1CCCN1C(=O)CNC(=O)[C@H](CCCCN)NC(=O)[C@H](Cc1cnc[nH]1)NC(=O)[C@H](CO)NC(=O)[C@H](CC(C)C)NC(=O)[C@H](CCCNC(=N)N)NC(=O)[C@@H]1CCCN1C(=O)[C@H](CCCNC(=N)N)NC(=O)[C@@H]1CCC(=O)N1)C(=O)N1CCC[C@H]1C(=O)N[C@@H](Cc1csc2ccccc12)C(=O)O";"IC50";"'='";"2.8";"nM";"8.55";"";"";"UO_0000065";"5.44";"None";"None";"None";"0";"CHEMBL3421344";"Displacement of [125I]apelin-13[Glp65,Nle75,Tyr77] from YFP epitope-tagged human APJ receptor expressed in HEK293 cell membranes incubated for 1 hr by gamma counting method";"B";"BAO_0000219";"cell-based format";"Homo sapiens";"None";"None";"HEK293";"None";"";"";"";"CHEMBL1628481";"Apelin receptor";"Homo sapiens";"SINGLE PROTEIN";"CHEMBL3414462";"1";"Scientific Literature";"J Med Chem";"2015";"CHEMBL3307715";"";"";""
"CHEMBL3417387";"";"None";"1617.92";"None";"None";"15";"CCCC[C@H](NC(=O)[C@@H]1CCCN1C(=O)CNC(=O)[C@H](CCCCN)NC(=O)[C@H](Cc1cnc[nH]1)NC(=O)[C@H](CO)NC(=O)[C@H](CC(C)C)NC(=O)[C@H](CCCNC(=N)N)NC(=O)[C@@H]1CCCN1C(=O)[C@H](CCCNC(=N)N)NC(=O)[C@@H]1CCC(=O)N1)C(=O)N1CCC[C@H]1C(=O)N[C@@H](CC1c2ccccc2Cc2ccccc21)C(=O)O";"IC50";"'='";"13.7";"nM";"7.86";"";"";"UO_0000065";"4.86";"None";"None";"None";"0";"CHEMBL3421344";"Displacement of [125I]apelin-13[Glp65,Nle75,Tyr77] from YFP epitope-tagged human APJ receptor expressed in HEK293 cell membranes incubated for 1 hr by gamma counting method";"B";"BAO_0000219";"cell-based format";"Homo sapiens";"None";"None";"HEK293";"None";"";"";"";"CHEMBL1628481";"Apelin receptor";"Homo sapiens";"SINGLE PROTEIN";"CHEMBL3414462";"1";"Scientific Literature";"J Med Chem";"2015";"CHEMBL3307715";"";"";""
"CHEMBL5087847";"";"None";"1519.84";"None";"None";"Ape13";"CSCC[C@H](NC(=O)[C@@H]1CCCN1C(=O)CNC(=O)[C@H](CCCCN)NC(=O)[C@H](Cc1c[nH]cn1)NC(=O)[C@H](CO)NC(=O)[C@H](CC(C)C)NC(=O)[C@H](CCCNC(=N)N)NC(=O)[C@@H]1CCCN1C[C@H](CCCNC(=N)N)NC(=O)[C@@H]1CCC(=O)N1)C(=O)N1CCC[C@H]1C(=O)N[C@@H](Cc1ccccc1)C(=O)O";"IC50";"'='";"17.0";"nM";"7.77";"";"";"UO_0000065";"5.11";"None";"None";"None";"0";"CHEMBL5041572";"Inhibition [125I]-[Nle75,Tyr77][Pyr1]-Ape13 binding to YFP-tagged human APJ D32A mutant expressed in HEK293 cell membranes incubated for 1 hr by scintillation counting method";"B";"BAO_0000219";"cell-based format";"Homo sapiens";"None";"None";"HEK293";"None";"";"";"";"CHEMBL1628481";"Apelin receptor";"Homo sapiens";"SINGLE PROTEIN";"CHEMBL5038644";"1";"Scientific Literature";"J Med Chem";"2022";"None";"TIME = 1.0 hr";"AGONIST";""
"CHEMBL5079665";"";"None";"1180.42";"None";"None";"20";"CCCC[C@H](NC(=O)[C@@H]1CCCN1C(=O)CNC(=O)[C@H](CCCCN)NC(=O)[C@@H]1C/C=C\C[C@H](N)C(=O)N[C@@H](CCCNC(=N)N)C(=O)N[C@@H](CC(C)C)C(=O)N[C@@H](CO)C(=O)N1)C(=O)N1CCC[C@H]1C(=O)N[C@@H](Cc1ccccc1)C(=O)O";"IC50";"'='";"18.0";"nM";"7.75";"";"";"UO_0000065";"6.56";"None";"None";"None";"0";"CHEMBL5041571";"Inhibition [125I]-[Nle75,Tyr77][Pyr1]-Ape13 binding to YFP-tagged human APJ E20A mutant expressed in HEK293 cell membranes incubated for 1 hr by scintillation counting method";"B";"BAO_0000219";"cell-based format";"Homo sapiens";"None";"None";"HEK293";"None";"";"";"";"CHEMBL1628481";"Apelin receptor";"Homo sapiens";"SINGLE PROTEIN";"CHEMBL5038644";"1";"Scientific Literature";"J Med Chem";"2022";"None";"TIME = 1.0 hr";"AGONIST";""
"CHEMBL5091291";"";"None";"1137.39";"None";"None";"24";"CCCC[C@@H]1NC(=O)[C@@H](N)C/C=C\C[C@@H](C(=O)N[C@@H](CCCCN)C(=O)NCC(=O)N2CCC[C@H]2C(=O)N[C@@H](CCCC)C(=O)N2CCC[C@H]2C(=O)N[C@@H](Cc2ccccc2)C(=O)O)NC(=O)[C@H](CO)NC(=O)[C@H](CC(C)C)NC1=O";"IC50";"'='";"1382.0";"nM";"5.86";"";"";"UO_0000065";"5.15";"None";"None";"None";"0";"CHEMBL5041571";"Inhibition [125I]-[Nle75,Tyr77][Pyr1]-Ape13 binding to YFP-tagged human APJ E20A mutant expressed in HEK293 cell membranes incubated for 1 hr by scintillation counting method";"B";"BAO_0000219";"cell-based format";"Homo sapiens";"None";"None";"HEK293";"None";"";"";"";"CHEMBL1628481";"Apelin receptor";"Homo sapiens";"SINGLE PROTEIN";"CHEMBL5038644";"1";"Scientific Literature";"J Med Chem";"2022";"None";"TIME = 1.0 hr";"AGONIST";""
"CHEMBL5087847";"";"None";"1519.84";"None";"None";"Ape13";"CSCC[C@H](NC(=O)[C@@H]1CCCN1C(=O)CNC(=O)[C@H](CCCCN)NC(=O)[C@H](Cc1c[nH]cn1)NC(=O)[C@H](CO)NC(=O)[C@H](CC(C)C)NC(=O)[C@H](CCCNC(=N)N)NC(=O)[C@@H]1CCCN1C[C@H](CCCNC(=N)N)NC(=O)[C@@H]1CCC(=O)N1)C(=O)N1CCC[C@H]1C(=O)N[C@@H](Cc1ccccc1)C(=O)O";"IC50";"'='";"5.4";"nM";"8.27";"";"";"UO_0000065";"5.44";"None";"None";"None";"0";"CHEMBL5041571";"Inhibition [125I]-[Nle75,Tyr77][Pyr1]-Ape13 binding to YFP-tagged human APJ E20A mutant expressed in HEK293 cell membranes incubated for 1 hr by scintillation counting method";"B";"BAO_0000219";"cell-based format";"Homo sapiens";"None";"None";"HEK293";"None";"";"";"";"CHEMBL1628481";"Apelin receptor";"Homo sapiens";"SINGLE PROTEIN";"CHEMBL5038644";"1";"Scientific Literature";"J Med Chem";"2022";"None";"TIME = 1.0 hr";"AGONIST";""
"CHEMBL5076304";"";"None";"1165.40";"None";"None";"22";"CCCC[C@H](NC(=O)[C@@H]1CCCN1C(=O)CNC(=O)[C@H](CCCCN)NC(=O)[C@@H]1C/C=C\CCC(=O)N[C@@H](CCCNC(=N)N)C(=O)N[C@@H](CC(C)C)C(=O)N[C@@H](CO)C(=O)N1)C(=O)N1CCC[C@H]1C(=O)N[C@@H](Cc1ccccc1)C(=O)O";"IC50";"'='";"198.0";"nM";"6.70";"";"";"UO_0000065";"5.75";"None";"None";"None";"0";"CHEMBL5041570";"Inhibition [125I]-[Nle75,Tyr77][Pyr1]-Ape13 binding to YFP-tagged human wildtype APJ expressed in HEK293 cell membranes incubated for 1 hr by scintillation counting method";"B";"BAO_0000219";"cell-based format";"Homo sapiens";"None";"None";"HEK293";"None";"";"";"";"CHEMBL1628481";"Apelin receptor";"Homo sapiens";"SINGLE PROTEIN";"CHEMBL5038644";"1";"Scientific Literature";"J Med Chem";"2022";"None";"TIME = 1.0 hr";"AGONIST";""
