"Molecule ChEMBL ID";"Molecule Name";"Molecule Max Phase";"Molecular Weight";"#RO5 Violations";"AlogP";"Compound Key";"Smiles";"Standard Type";"Standard Relation";"Standard Value";"Standard Units";"pChEMBL Value";"Data Validity Comment";"Comment";"Uo Units";"Ligand Efficiency BEI";"Ligand Efficiency LE";"Ligand Efficiency LLE";"Ligand Efficiency SEI";"Potential Duplicate";"Assay ChEMBL ID";"Assay Description";"Assay Type";"BAO Format ID";"BAO Label";"Assay Organism";"Assay Tissue ChEMBL ID";"Assay Tissue Name";"Assay Cell Type";"Assay Subcellular Fraction";"Assay Parameters";"Assay Variant Accession";"Assay Variant Mutation";"Target ChEMBL ID";"Target Name";"Target Organism";"Target Type";"Document ChEMBL ID";"Source ID";"Source Description";"Document Journal";"Document Year";"Cell ChEMBL ID";"Properties";"Action Type";"Standard Text Value"
"CHEMBL1929238";"";"None";"554.54";"2";"5.23";"27";"CN(C)CCN1CCN(C(=O)c2cc(C(C)(C)C)sc2NC(=O)Nc2cccc(Cl)c2Cl)CCC1=O";"IC50";"'='";"32000.0";"nM";"4.50";"";"";"UO_0000065";"8.11";"0.17";"-0.74";"5.29";"0";"CHEMBL1931572";"Inhibition of ZIPK";"B";"BAO_0000357";"single protein format";"None";"None";"None";"None";"None";"";"";"";"CHEMBL2468";"Death-associated protein kinase 3";"Homo sapiens";"SINGLE PROTEIN";"CHEMBL1926590";"1";"Scientific Literature";"Bioorg Med Chem Lett";"2011";"None";"";"";""
"CHEMBL1094004";"";"None";"280.28";"0";"2.43";"21";"COc1cccc(C2=N/C(=C\c3cccnc3)C(=O)O2)c1";"IC50";"'='";"395.3";"nM";"6.40";"";"";"UO_0000065";"22.85";"0.42";"3.97";"10.53";"0";"CHEMBL1112575";"Inhibition of human recombinant DAPK3";"B";"BAO_0000357";"single protein format";"Homo sapiens";"None";"None";"None";"None";"";"";"";"CHEMBL2468";"Death-associated protein kinase 3";"Homo sapiens";"SINGLE PROTEIN";"CHEMBL1156313";"1";"Scientific Literature";"Bioorg Med Chem";"2010";"None";"";"";""
"CHEMBL4062803";"";"None";"320.36";"0";"3.73";"19";"Cc1n[nH]c2cc(Nc3nc(NC4CC4)c4occc4n3)ccc12";"IC50";"'='";"4980.0";"nM";"5.30";"";"";"UO_0000065";"16.55";"0.30";"1.57";"5.79";"0";"CHEMBL4007758";"Inhibition of ZIPK (unknown origin) after 60 mins by TR-FRET assay";"B";"BAO_0000357";"single protein format";"Homo sapiens";"None";"None";"None";"None";"";"";"";"CHEMBL2468";"Death-associated protein kinase 3";"Homo sapiens";"SINGLE PROTEIN";"CHEMBL4007384";"1";"Scientific Literature";"Bioorg Med Chem Lett";"2016";"None";"";"";""
"CHEMBL1091766";"";"None";"343.18";"0";"3.50";"13";"Cc1cc(C2=N/C(=C\c3cccnc3)C(=O)O2)ccc1Br";"IC50";"'='";"278.5";"nM";"6.55";"";"";"UO_0000065";"19.10";"0.43";"3.06";"12.72";"0";"CHEMBL1112575";"Inhibition of human recombinant DAPK3";"B";"BAO_0000357";"single protein format";"Homo sapiens";"None";"None";"None";"None";"";"";"";"CHEMBL2468";"Death-associated protein kinase 3";"Homo sapiens";"SINGLE PROTEIN";"CHEMBL1156313";"1";"Scientific Literature";"Bioorg Med Chem";"2010";"None";"";"";""
"CHEMBL4069365";"";"None";"421.38";"0";"4.14";"13";"CC1(C)OCC(=O)Nc2cc(Nc3nc(NCC(F)(F)F)c4occc4n3)ccc21";"IC50";"'>'";"10000.0";"nM";"";"";"";"UO_0000065";"";"";"";"";"0";"CHEMBL4007758";"Inhibition of ZIPK (unknown origin) after 60 mins by TR-FRET assay";"B";"BAO_0000357";"single protein format";"Homo sapiens";"None";"None";"None";"None";"";"";"";"CHEMBL2468";"Death-associated protein kinase 3";"Homo sapiens";"SINGLE PROTEIN";"CHEMBL4007384";"1";"Scientific Literature";"Bioorg Med Chem Lett";"2016";"None";"";"";""
"CHEMBL1091764";"";"None";"286.24";"0";"2.70";"11";"O=C1OC(c2ccc(F)c(F)c2)=N/C1=C\c1cccnc1";"IC50";"'='";"346.1";"nM";"6.46";"";"";"UO_0000065";"22.57";"0.42";"3.76";"12.53";"0";"CHEMBL1112575";"Inhibition of human recombinant DAPK3";"B";"BAO_0000357";"single protein format";"Homo sapiens";"None";"None";"None";"None";"";"";"";"CHEMBL2468";"Death-associated protein kinase 3";"Homo sapiens";"SINGLE PROTEIN";"CHEMBL1156313";"1";"Scientific Literature";"Bioorg Med Chem";"2010";"None";"";"";""
"CHEMBL1094005";"";"None";"309.28";"0";"2.64";"22";"Cc1ccc(C2=N/C(=C\c3cccnc3)C(=O)O2)cc1[N+](=O)[O-]";"IC50";"'='";"533.5";"nM";"6.27";"";"";"UO_0000065";"20.28";"0.37";"3.63";"6.62";"0";"CHEMBL1112575";"Inhibition of human recombinant DAPK3";"B";"BAO_0000357";"single protein format";"Homo sapiens";"None";"None";"None";"None";"";"";"";"CHEMBL2468";"Death-associated protein kinase 3";"Homo sapiens";"SINGLE PROTEIN";"CHEMBL1156313";"1";"Scientific Literature";"Bioorg Med Chem";"2010";"None";"";"";""
"CHEMBL3799389";"";"None";"360.37";"0";"3.00";"20";"O=C1Nc2ccc(NC(=O)C3CC3)cc2/C1=C1/Nc2ccccc2/C1=N\O";"IC50";"'='";"140.0";"nM";"6.85";"";"";"UO_0000065";"19.02";"0.35";"3.85";"6.67";"0";"CHEMBL3802098";"Inhibition of DAPK3 (unknown origin)";"B";"BAO_0000357";"single protein format";"Homo sapiens";"None";"None";"None";"None";"";"";"";"CHEMBL2468";"Death-associated protein kinase 3";"Homo sapiens";"SINGLE PROTEIN";"CHEMBL3797047";"1";"Scientific Literature";"Bioorg Med Chem Lett";"2016";"None";"";"";""
"CHEMBL3799505";"";"None";"390.44";"0";"4.03";"18";"CC(C)(C)CC(=O)Nc1ccc2c(c1)/C(=C1/Nc3ccccc3/C1=N\O)C(=O)N2";"IC50";"'>'";"10000.0";"nM";"";"";"";"UO_0000065";"";"";"";"";"0";"CHEMBL3802098";"Inhibition of DAPK3 (unknown origin)";"B";"BAO_0000357";"single protein format";"Homo sapiens";"None";"None";"None";"None";"";"";"";"CHEMBL2468";"Death-associated protein kinase 3";"Homo sapiens";"SINGLE PROTEIN";"CHEMBL3797047";"1";"Scientific Literature";"Bioorg Med Chem Lett";"2016";"None";"";"";""
"CHEMBL3797480";"";"None";"376.42";"0";"3.78";"16";"CCCCC(=O)Nc1ccc2c(c1)/C(=C1/Nc3ccccc3/C1=N\O)C(=O)N2";"IC50";"'='";"1800.0";"nM";"5.75";"";"";"UO_0000065";"15.26";"0.28";"1.96";"5.59";"0";"CHEMBL3802098";"Inhibition of DAPK3 (unknown origin)";"B";"BAO_0000357";"single protein format";"Homo sapiens";"None";"None";"None";"None";"";"";"";"CHEMBL2468";"Death-associated protein kinase 3";"Homo sapiens";"SINGLE PROTEIN";"CHEMBL3797047";"1";"Scientific Literature";"Bioorg Med Chem Lett";"2016";"None";"";"";""
"CHEMBL1230165";"SILMITASERTIB";"2.0";"349.78";"0";"4.88";"25n";"O=C(O)c1ccc2c(c1)nc(Nc1cccc(Cl)c1)c1ccncc12";"IC50";"'='";"17.0";"nM";"7.77";"";"";"UO_0000065";"22.21";"0.42";"2.89";"10.34";"0";"CHEMBL1663328";"Inhibition of human recombinant DAPK3 by radiometric assay";"B";"BAO_0000357";"single protein format";"Homo sapiens";"None";"None";"None";"None";"";"";"";"CHEMBL2468";"Death-associated protein kinase 3";"Homo sapiens";"SINGLE PROTEIN";"CHEMBL1649412";"1";"Scientific Literature";"J Med Chem";"2011";"None";"";"";""
"CHEMBL1090360";"";"None";"587.71";"2";"6.28";"26";"O=C(Cc1ccccc1)Nc1cccc(-c2nc3sccn3c2-c2ccnc(Nc3cccc(N4CCOCC4)c3)n2)c1";"IC50";"'>'";"1000.0";"nM";"";"";"";"UO_0000065";"";"";"";"";"0";"CHEMBL1109703";"Inhibition of ZipK";"B";"BAO_0000357";"single protein format";"None";"None";"None";"None";"None";"";"";"";"CHEMBL2468";"Death-associated protein kinase 3";"Homo sapiens";"SINGLE PROTEIN";"CHEMBL1156213";"1";"Scientific Literature";"Bioorg Med Chem Lett";"2010";"None";"";"";""
"CHEMBL2017214";"";"None";"422.56";"0";"3.12";"8";"CSc1ccccc1Nc1nc(N2CCNCC2)nc2c(NCC3CC3)ncnc12";"IC50";"'>'";"40000.0";"nM";"";"";"";"UO_0000065";"";"";"";"";"0";"CHEMBL2019669";"Inhibition of DAPK3";"B";"BAO_0000357";"single protein format";"None";"None";"None";"None";"None";"";"";"";"CHEMBL2468";"Death-associated protein kinase 3";"Homo sapiens";"SINGLE PROTEIN";"CHEMBL2016462";"1";"Scientific Literature";"ACS Med Chem Lett";"2011";"None";"";"";""
"CHEMBL1091785";"";"None";"329.70";"0";"2.99";"7";"O=C1OC(c2ccc(Cl)c([N+](=O)[O-])c2)=N/C1=C\c1cccnc1";"IC50";"'='";"278.5";"nM";"6.55";"";"";"UO_0000065";"19.88";"0.39";"3.57";"6.92";"0";"CHEMBL1112575";"Inhibition of human recombinant DAPK3";"B";"BAO_0000357";"single protein format";"Homo sapiens";"None";"None";"None";"None";"";"";"";"CHEMBL2468";"Death-associated protein kinase 3";"Homo sapiens";"SINGLE PROTEIN";"CHEMBL1156313";"1";"Scientific Literature";"Bioorg Med Chem";"2010";"None";"";"";""
"CHEMBL1091041";"";"None";"329.15";"0";"3.19";"17";"O=C1OC(c2cccc(Br)c2)=N/C1=C\c1cccnc1";"IC50";"'='";"148.4";"nM";"6.83";"";"";"UO_0000065";"20.75";"0.47";"3.64";"13.25";"0";"CHEMBL1112575";"Inhibition of human recombinant DAPK3";"B";"BAO_0000357";"single protein format";"Homo sapiens";"None";"None";"None";"None";"";"";"";"CHEMBL2468";"Death-associated protein kinase 3";"Homo sapiens";"SINGLE PROTEIN";"CHEMBL1156313";"1";"Scientific Literature";"Bioorg Med Chem";"2010";"None";"";"";""
"CHEMBL513703";"";"None";"376.42";"0";"3.64";"17";"CC(C)(C)C(=O)Nc1ccc2c(c1)/C(=C1/Nc3ccccc3/C1=N\O)C(=O)N2";"IC50";"'='";"700.0";"nM";"6.16";"";"";"UO_0000065";"16.35";"0.30";"2.51";"5.99";"0";"CHEMBL3802098";"Inhibition of DAPK3 (unknown origin)";"B";"BAO_0000357";"single protein format";"Homo sapiens";"None";"None";"None";"None";"";"";"";"CHEMBL2468";"Death-associated protein kinase 3";"Homo sapiens";"SINGLE PROTEIN";"CHEMBL3797047";"1";"Scientific Literature";"Bioorg Med Chem Lett";"2016";"None";"";"";""
"CHEMBL416056";"";"None";"467.48";"0";"3.66";"2";"COC(=O)[C@]1(O)C[C@@H]2O[C@@]1(C)n1c3ccccc3c3c4c(c5c6ccccc6n2c5c31)C(=O)NC4";"IC50";"'='";"360.0";"nM";"6.44";"";"";"UO_0000065";"13.78";"0.25";"2.78";"6.80";"0";"CHEMBL911981";"Inhibition of DLK";"B";"BAO_0000357";"single protein format";"Homo sapiens";"None";"None";"None";"None";"";"";"";"CHEMBL2468";"Death-associated protein kinase 3";"Homo sapiens";"SINGLE PROTEIN";"CHEMBL1141396";"1";"Scientific Literature";"J Med Chem";"2007";"None";"";"";""
"CHEMBL4439133";"";"None";"388.32";"0";"2.50";"3d";"Cc1n[nH]cc1-c1cc2nc([C@@H]3CCCCN3)[nH]c(=O)c2s1.Cl.Cl";"IC50";"";"";"";"";"";"Not Determined";"";"";"";"";"";"0";"CHEMBL4325338";"Inhibition of full-length human GST-tagged DAPK3 expresssed in baculovirus expression system by Z'-LYTE assay";"B";"BAO_0000019";"assay format";"Homo sapiens";"None";"None";"None";"None";"";"";"";"CHEMBL2468";"Death-associated protein kinase 3";"Homo sapiens";"SINGLE PROTEIN";"CHEMBL4321874";"1";"Scientific Literature";"J Med Chem";"2020";"None";"";"";""
"CHEMBL386636";"";"None";"338.37";"0";"3.97";"7";"O=C1NC(=O)c2c1c1c(c3[nH]c4ccccc4c23)CCc2ccccc2-1";"IC50";"'='";"487.0";"nM";"6.31";"";"";"UO_0000065";"18.66";"0.33";"2.34";"10.19";"0";"CHEMBL911981";"Inhibition of DLK";"B";"BAO_0000357";"single protein format";"Homo sapiens";"None";"None";"None";"None";"";"";"";"CHEMBL2468";"Death-associated protein kinase 3";"Homo sapiens";"SINGLE PROTEIN";"CHEMBL1141396";"1";"Scientific Literature";"J Med Chem";"2007";"None";"";"";""
"CHEMBL1091784";"";"None";"410.60";"0";"3.68";"6";"O=C1OC(c2cc(I)ccc2Cl)=N/C1=C\c1ccncc1";"IC50";"'='";"227.1";"nM";"6.64";"";"";"UO_0000065";"16.18";"0.43";"2.96";"12.89";"0";"CHEMBL1112575";"Inhibition of human recombinant DAPK3";"B";"BAO_0000357";"single protein format";"Homo sapiens";"None";"None";"None";"None";"";"";"";"CHEMBL2468";"Death-associated protein kinase 3";"Homo sapiens";"SINGLE PROTEIN";"CHEMBL1156313";"1";"Scientific Literature";"Bioorg Med Chem";"2010";"None";"";"";""
"CHEMBL579387";"";"None";"250.26";"0";"2.43";"1";"O=C1OC(c2ccccc2)=N/C1=C\c1cccnc1";"IC50";"'='";"583.0";"nM";"6.23";"";"";"UO_0000065";"24.91";"0.45";"3.80";"12.09";"0";"CHEMBL1112575";"Inhibition of human recombinant DAPK3";"B";"BAO_0000357";"single protein format";"Homo sapiens";"None";"None";"None";"None";"";"";"";"CHEMBL2468";"Death-associated protein kinase 3";"Homo sapiens";"SINGLE PROTEIN";"CHEMBL1156313";"1";"Scientific Literature";"Bioorg Med Chem";"2010";"None";"";"";""
"CHEMBL4078893";"";"None";"427.81";"0";"4.43";"7";"FC(F)(F)CNc1nc(Nc2ccc(N3CCOCC3)c(Cl)c2)nc2ccoc12";"IC50";"'>'";"10000.0";"nM";"";"";"";"UO_0000065";"";"";"";"";"0";"CHEMBL4007758";"Inhibition of ZIPK (unknown origin) after 60 mins by TR-FRET assay";"B";"BAO_0000357";"single protein format";"Homo sapiens";"None";"None";"None";"None";"";"";"";"CHEMBL2468";"Death-associated protein kinase 3";"Homo sapiens";"SINGLE PROTEIN";"CHEMBL4007384";"1";"Scientific Literature";"Bioorg Med Chem Lett";"2016";"None";"";"";""
"CHEMBL4087337";"";"None";"284.27";"0";"2.72";"41";"COc1ccc2c(c1)C(=O)/C(=C/c1ccc(O)c(O)c1)O2";"IC50";"'='";"12150.0";"nM";"4.92";"";"";"UO_0000065";"17.29";"0.32";"2.20";"6.47";"0";"CHEMBL4014510";"Inhibition of human DAPK3";"B";"BAO_0000357";"single protein format";"Homo sapiens";"None";"None";"None";"None";"";"";"";"CHEMBL2468";"Death-associated protein kinase 3";"Homo sapiens";"SINGLE PROTEIN";"CHEMBL4014275";"1";"Scientific Literature";"Eur J Med Chem";"2017";"None";"";"";""
"CHEMBL490355";"SULFURETIN";"None";"270.24";"0";"2.42";"67";"O=C1/C(=C/c2ccc(O)c(O)c2)Oc2cc(O)ccc21";"IC50";"'='";"2330.0";"nM";"5.63";"";"";"UO_0000065";"20.84";"0.38";"3.21";"6.48";"0";"CHEMBL4014510";"Inhibition of human DAPK3";"B";"BAO_0000357";"single protein format";"Homo sapiens";"None";"None";"None";"None";"";"";"";"CHEMBL2468";"Death-associated protein kinase 3";"Homo sapiens";"SINGLE PROTEIN";"CHEMBL4014275";"1";"Scientific Literature";"Eur J Med Chem";"2017";"None";"";"";""
"CHEMBL148471";"";"None";"310.36";"0";"4.14";"5";"O=C1NCc2c3c(c4[nH]c5ccccc5c4c21)Cc1ccccc1-3";"IC50";"'>'";"1000.0";"nM";"";"";"";"UO_0000065";"";"";"";"";"0";"CHEMBL911981";"Inhibition of DLK";"B";"BAO_0000357";"single protein format";"Homo sapiens";"None";"None";"None";"None";"";"";"";"CHEMBL2468";"Death-associated protein kinase 3";"Homo sapiens";"SINGLE PROTEIN";"CHEMBL1141396";"1";"Scientific Literature";"J Med Chem";"2007";"None";"";"";""
"CHEMBL357490";"";"None";"310.36";"0";"4.14";"6";"O=C1NCc2c1c1c(c3[nH]c4ccccc4c23)Cc2ccccc2-1";"IC50";"'>'";"1000.0";"nM";"";"";"";"UO_0000065";"";"";"";"";"0";"CHEMBL911981";"Inhibition of DLK";"B";"BAO_0000357";"single protein format";"Homo sapiens";"None";"None";"None";"None";"";"";"";"CHEMBL2468";"Death-associated protein kinase 3";"Homo sapiens";"SINGLE PROTEIN";"CHEMBL1141396";"1";"Scientific Literature";"J Med Chem";"2007";"None";"";"";""
"CHEMBL2006765";"";"None";"392.39";"0";"3.82";"5";"CCCNC(=O)c1ccc(Nc2nc(NCC(F)(F)F)c3cc[nH]c3n2)cc1";"IC50";"'='";"1600.0";"nM";"5.80";"";"";"UO_0000065";"14.77";"0.28";"1.98";"6.12";"0";"CHEMBL4007758";"Inhibition of ZIPK (unknown origin) after 60 mins by TR-FRET assay";"B";"BAO_0000357";"single protein format";"Homo sapiens";"None";"None";"None";"None";"";"";"";"CHEMBL2468";"Death-associated protein kinase 3";"Homo sapiens";"SINGLE PROTEIN";"CHEMBL4007384";"1";"Scientific Literature";"Bioorg Med Chem Lett";"2016";"None";"";"";""
"CHEMBL4066664";"";"None";"348.29";"0";"3.82";"8";"FC(F)(F)CNc1nc(Nc2ccc3cn[nH]c3c2)nc2ccoc12";"IC50";"'='";"4860.0";"nM";"5.31";"";"";"UO_0000065";"15.26";"0.29";"1.49";"5.80";"0";"CHEMBL4007758";"Inhibition of ZIPK (unknown origin) after 60 mins by TR-FRET assay";"B";"BAO_0000357";"single protein format";"Homo sapiens";"None";"None";"None";"None";"";"";"";"CHEMBL2468";"Death-associated protein kinase 3";"Homo sapiens";"SINGLE PROTEIN";"CHEMBL4007384";"1";"Scientific Literature";"Bioorg Med Chem Lett";"2016";"None";"";"";""
"CHEMBL374581";"";"None";"324.38";"0";"4.33";"8";"O=C1NCc2c3c(c4[nH]c5ccccc5c4c21)CCc1ccccc1-3";"IC50";"'>'";"1000.0";"nM";"";"";"";"UO_0000065";"";"";"";"";"0";"CHEMBL911981";"Inhibition of DLK";"B";"BAO_0000357";"single protein format";"Homo sapiens";"None";"None";"None";"None";"";"";"";"CHEMBL2468";"Death-associated protein kinase 3";"Homo sapiens";"SINGLE PROTEIN";"CHEMBL1141396";"1";"Scientific Literature";"J Med Chem";"2007";"None";"";"";""
"CHEMBL103667";"DORAMAPIMOD";"2.0";"527.67";"2";"5.99";"BIRB-796";"Cc1ccc(-n2nc(C(C)(C)C)cc2NC(=O)Nc2ccc(OCCN3CCOCC3)c3ccccc23)cc1";"IC50";"'>'";"30000.0";"nM";"";"";"";"UO_0000065";"";"";"";"";"0";"CHEMBL1931572";"Inhibition of ZIPK";"B";"BAO_0000357";"single protein format";"None";"None";"None";"None";"None";"";"";"";"CHEMBL2468";"Death-associated protein kinase 3";"Homo sapiens";"SINGLE PROTEIN";"CHEMBL1926590";"1";"Scientific Literature";"Bioorg Med Chem Lett";"2011";"None";"";"";""
"CHEMBL3741589";"";"None";"366.24";"0";"4.09";"29; A-971432";"O=C(O)C1CN(Cc2ccc(OCc3ccc(Cl)c(Cl)c3)cc2)C1";"IC50";"'>'";"10000.0";"nM";"";"";"";"UO_0000065";"";"";"";"";"0";"CHEMBL3743946";"Inhibition of ZIPK (unknown origin)";"B";"BAO_0000357";"single protein format";"Homo sapiens";"None";"None";"None";"None";"";"";"";"CHEMBL2468";"Death-associated protein kinase 3";"Homo sapiens";"SINGLE PROTEIN";"CHEMBL3739276";"1";"Scientific Literature";"J Med Chem";"2015";"None";"";"";""
"CHEMBL1092139";"";"None";"295.25";"0";"2.33";"15";"O=C1OC(c2ccc([N+](=O)[O-])cc2)=N/C1=C\c1cccnc1";"IC50";"'='";"291.2";"nM";"6.54";"";"";"UO_0000065";"22.14";"0.41";"4.21";"6.90";"0";"CHEMBL1112575";"Inhibition of human recombinant DAPK3";"B";"BAO_0000357";"single protein format";"Homo sapiens";"None";"None";"None";"None";"";"";"";"CHEMBL2468";"Death-associated protein kinase 3";"Homo sapiens";"SINGLE PROTEIN";"CHEMBL1156313";"1";"Scientific Literature";"Bioorg Med Chem";"2010";"None";"";"";""
"CHEMBL1091765";"";"None";"284.70";"0";"3.08";"12";"O=C1OC(c2cccc(Cl)c2)=N/C1=C\c1cccnc1";"IC50";"'='";"359.6";"nM";"6.44";"";"";"UO_0000065";"22.63";"0.44";"3.36";"12.50";"0";"CHEMBL1112575";"Inhibition of human recombinant DAPK3";"B";"BAO_0000357";"single protein format";"Homo sapiens";"None";"None";"None";"None";"";"";"";"CHEMBL2468";"Death-associated protein kinase 3";"Homo sapiens";"SINGLE PROTEIN";"CHEMBL1156313";"1";"Scientific Literature";"Bioorg Med Chem";"2010";"None";"";"";""
"CHEMBL565286";"";"None";"276.30";"0";"3.09";"6";"O=C1OC(/C=C/c2ccccc2)=N/C1=C\c1cccnc1";"IC50";"'<'";"1000.0";"nM";"";"";"";"UO_0000065";"";"";"";"";"0";"CHEMBL1041500";"Inhibition of DAPK3";"B";"BAO_0000357";"single protein format";"None";"None";"None";"None";"None";"";"";"";"CHEMBL2468";"Death-associated protein kinase 3";"Homo sapiens";"SINGLE PROTEIN";"CHEMBL1154675";"1";"Scientific Literature";"J Med Chem";"2009";"None";"";"";""
"CHEMBL494089";"GSK-690693";"1.0";"425.49";"0";"1.58";"3g, GSK-690693";"CCn1c(-c2nonc2N)nc2c(C#CC(C)(C)O)ncc(OC[C@H]3CCCNC3)c21";"IC50";"'='";"81.0";"nM";"7.09";"";"";"UO_0000065";"16.67";"0.31";"5.51";"5.17";"0";"CHEMBL1028113";"Inhibition of human DAPK3";"B";"BAO_0000357";"single protein format";"Homo sapiens";"None";"None";"None";"None";"";"";"";"CHEMBL2468";"Death-associated protein kinase 3";"Homo sapiens";"SINGLE PROTEIN";"CHEMBL1140130";"1";"Scientific Literature";"J Med Chem";"2008";"None";"";"";""
"CHEMBL590109";"";"None";"425.52";"0";"4.40";"31a";"NCCn1cc(-c2cc(-c3cc4ccccc4s3)c3[nH]ncc3c2)c2nc(N)ncc21";"IC50";"'='";"4300.0";"nM";"5.37";"";"";"UO_0000065";"12.61";"0.24";"0.97";"4.82";"0";"CHEMBL1072692";"Inhibition of ZIPK";"B";"BAO_0000357";"single protein format";"None";"None";"None";"None";"None";"";"";"";"CHEMBL2468";"Death-associated protein kinase 3";"Homo sapiens";"SINGLE PROTEIN";"CHEMBL1153138";"1";"Scientific Literature";"Bioorg Med Chem Lett";"2010";"None";"";"";""
"CHEMBL2333365";"";"None";"455.51";"0";"3.22";"28, XL388";"Cc1c(C(=O)N2CCOc3ccc(-c4ccc(N)nc4)cc3C2)ccc(S(C)(=O)=O)c1F";"IC50";"'>'";"10000.0";"nM";"";"";"";"UO_0000065";"";"";"";"";"0";"CHEMBL2345756";"Inhibition of ZIPK (unknown origin)";"B";"BAO_0000357";"single protein format";"Homo sapiens";"None";"None";"None";"None";"";"";"";"CHEMBL2468";"Death-associated protein kinase 3";"Homo sapiens";"SINGLE PROTEIN";"CHEMBL2331117";"1";"Scientific Literature";"J Med Chem";"2013";"None";"";"";""
"CHEMBL3334979";"";"None";"396.51";"1";"5.50";"1";"COc1ccc(-c2cnc3scc(NC(=O)C4CCCCC4)c3c2)cc1OC";"IC50";"'='";"39820.0";"nM";"4.40";"";"";"UO_0000065";"11.10";"0.21";"-1.10";"7.28";"0";"CHEMBL4014510";"Inhibition of human DAPK3";"B";"BAO_0000357";"single protein format";"Homo sapiens";"None";"None";"None";"None";"";"";"";"CHEMBL2468";"Death-associated protein kinase 3";"Homo sapiens";"SINGLE PROTEIN";"CHEMBL4014275";"1";"Scientific Literature";"Eur J Med Chem";"2017";"None";"";"";""
"CHEMBL1091042";"";"None";"359.18";"0";"3.20";"18";"COc1ccc(C2=N/C(=C\c3cccnc3)C(=O)O2)c(Br)c1";"IC50";"'='";"157.0";"nM";"6.80";"";"";"UO_0000065";"18.94";"0.42";"3.60";"11.19";"0";"CHEMBL1112575";"Inhibition of human recombinant DAPK3";"B";"BAO_0000357";"single protein format";"Homo sapiens";"None";"None";"None";"None";"";"";"";"CHEMBL2468";"Death-associated protein kinase 3";"Homo sapiens";"SINGLE PROTEIN";"CHEMBL1156313";"1";"Scientific Literature";"Bioorg Med Chem";"2010";"None";"";"";""
"CHEMBL221536";"";"None";"328.40";"0";"4.93";"20";"O=C1NCc2c1c1c3ccccc3sc1c1[nH]c3ccccc3c21";"IC50";"'>'";"1000.0";"nM";"";"";"";"UO_0000065";"";"";"";"";"0";"CHEMBL911981";"Inhibition of DLK";"B";"BAO_0000357";"single protein format";"Homo sapiens";"None";"None";"None";"None";"";"";"";"CHEMBL2468";"Death-associated protein kinase 3";"Homo sapiens";"SINGLE PROTEIN";"CHEMBL1141396";"1";"Scientific Literature";"J Med Chem";"2007";"None";"";"";""
"CHEMBL3745885";"";"None";"467.46";"0";"3.66";"7ao; ON1231320";"Cn1c(=O)c(S(=O)(=O)c2ccc(F)cc2F)cc2cnc(Nc3ccc4[nH]ccc4c3)nc21";"IC50";"'>'";"10000.0";"nM";"";"";"";"UO_0000065";"";"";"";"";"0";"CHEMBL3749910";"Inhibition of human ZIPK using [KKLNRTLSFAEPG] as substrate";"B";"BAO_0000357";"single protein format";"Homo sapiens";"None";"None";"None";"None";"";"";"";"CHEMBL2468";"Death-associated protein kinase 3";"Homo sapiens";"SINGLE PROTEIN";"CHEMBL3745707";"1";"Scientific Literature";"Bioorg Med Chem";"2016";"None";"";"";""
"CHEMBL2063926";"";"None";"505.70";"1";"3.58";"17";"CSc1ccccc1Nc1nc(N2CCN(C3CCNCC3)CC2)nc2c(NCC3CC3)ncnc12";"IC50";"'<'";"10000.0";"nM";"";"";"";"UO_0000065";"";"";"";"";"0";"CHEMBL2065144";"Inhibition of DAPK3 by FRET assay";"B";"BAO_0000357";"single protein format";"Homo sapiens";"None";"None";"None";"None";"";"";"";"CHEMBL2468";"Death-associated protein kinase 3";"Homo sapiens";"SINGLE PROTEIN";"CHEMBL2062359";"1";"Scientific Literature";"Bioorg Med Chem Lett";"2012";"None";"";"";""
"CHEMBL3797466";"";"None";"374.40";"0";"3.56";"19";"CC(C)=CC(=O)Nc1ccc2c(c1)/C(=C1/Nc3ccccc3/C1=N\O)C(=O)N2";"IC50";"'='";"450.0";"nM";"6.35";"";"";"UO_0000065";"16.95";"0.31";"2.79";"6.17";"0";"CHEMBL3802098";"Inhibition of DAPK3 (unknown origin)";"B";"BAO_0000357";"single protein format";"Homo sapiens";"None";"None";"None";"None";"";"";"";"CHEMBL2468";"Death-associated protein kinase 3";"Homo sapiens";"SINGLE PROTEIN";"CHEMBL3797047";"1";"Scientific Literature";"Bioorg Med Chem Lett";"2016";"None";"";"";""
"CHEMBL3799585";"";"None";"362.39";"0";"3.39";"15";"CCCC(=O)Nc1ccc2c(c1)/C(=C1/Nc3ccccc3/C1=N\O)C(=O)N2";"IC50";"'='";"510.0";"nM";"6.29";"";"";"UO_0000065";"17.36";"0.32";"2.90";"6.12";"0";"CHEMBL3802098";"Inhibition of DAPK3 (unknown origin)";"B";"BAO_0000357";"single protein format";"Homo sapiens";"None";"None";"None";"None";"";"";"";"CHEMBL2468";"Death-associated protein kinase 3";"Homo sapiens";"SINGLE PROTEIN";"CHEMBL3797047";"1";"Scientific Literature";"Bioorg Med Chem Lett";"2016";"None";"";"";""
"CHEMBL4764610";"";"None";"475.57";"0";"4.77";"CJ-2360";"COc1cc2c(=O)c3c4ccc(C#N)cc4[nH]c3n(C(C)C)c2c(F)c1N1C[C@@H](C)N(C)[C@@H](C)C1";"IC50";"'='";"260.0";"nM";"6.58";"";"";"UO_0000065";"13.85";"0.26";"1.82";"8.52";"0";"CHEMBL4705524";"Inhibition of human DAPK3";"B";"BAO_0000357";"single protein format";"Homo sapiens";"None";"None";"None";"None";"";"";"";"CHEMBL2468";"Death-associated protein kinase 3";"Homo sapiens";"SINGLE PROTEIN";"CHEMBL4699642";"1";"Scientific Literature";"J Med Chem";"2020";"None";"";"INHIBITOR";""
"CHEMBL5205578";"";"None";"392.89";"0";"4.12";"44";"COC(=O)Nc1cc(-c2ccc(OC[C@@](C)(N)CC(C)C)c(Cl)n2)ccn1";"IC50";"'='";"1100.0";"nM";"5.96";"";"";"UO_0000065";"15.17";"0.30";"1.84";"6.00";"0";"CHEMBL5161248";"Inhibition of DAPK3 (unknown origin)";"B";"BAO_0000357";"single protein format";"Homo sapiens";"None";"None";"None";"None";"";"";"";"CHEMBL2468";"Death-associated protein kinase 3";"Homo sapiens";"SINGLE PROTEIN";"CHEMBL5154787";"1";"Scientific Literature";"J Med Chem";"2022";"None";"";"INHIBITOR";""
"CHEMBL1091786";"";"None";"264.28";"0";"2.73";"8";"Cc1cccc(C2=N/C(=C\c3cccnc3)C(=O)O2)c1";"IC50";"'='";"713.7";"nM";"6.15";"";"";"UO_0000065";"23.26";"0.42";"3.42";"11.92";"0";"CHEMBL1112575";"Inhibition of human recombinant DAPK3";"B";"BAO_0000357";"single protein format";"Homo sapiens";"None";"None";"None";"None";"";"";"";"CHEMBL2468";"Death-associated protein kinase 3";"Homo sapiens";"SINGLE PROTEIN";"CHEMBL1156313";"1";"Scientific Literature";"Bioorg Med Chem";"2010";"None";"";"";""
"CHEMBL1230165";"SILMITASERTIB";"2.0";"349.78";"0";"4.88";"CX-4945";"O=C(O)c1ccc2c(c1)nc(Nc1cccc(Cl)c1)c1ccncc12";"IC50";"'='";"17.0";"nM";"7.77";"";"";"UO_0000065";"22.21";"0.42";"2.89";"10.34";"0";"CHEMBL5212831";"Selectivity interaction (Kinase panel (Millipore, radiometric filter-binding assay, conc. ATP = Km)) EUB0000613a DAPK3";"B";"BAO_0000357";"single protein format";"Homo sapiens";"None";"None";"None";"None";"Protein family: Protein Kinase";"";"";"CHEMBL2468";"Death-associated protein kinase 3";"Homo sapiens";"SINGLE PROTEIN";"CHEMBL5212743";"65";"Literature data from EUbOPEN Chemogenomic Library";"";"2023";"None";"Selectivity Comments: Ki = 0.38 nM (calculated via Cheng-Prussoff equation using IC50s by Millipore, PMID: 21174434); Cell viability assay in 13 cancer cell lines: IC50(MIA PaCA-2) = 1.1 µM, IC50(PC3) = 2.1 µM, IC50(HCT) = 2.2 µM, IC50(H1299) = 2.4 µM, IC50(Jurkat) = 2.5 µM, IC50(A549) = 3.0 µM, IC50(A375) = 3.9 µM, IC50(BxPC3) = 4.4 µM, IC50(LNCaP) = 4.7 µM, IC50(K-562) = 5.3 µM, IC50(MDA-MB-231) = 6.4 µM, IC50(MCF7) = 8.9 µM, IC50(Hs578T) = 13.1 µM (PMID: 21174434) | Selectivity number of off-targets = 7.0 None | Selectivity number of targets = 238.0 None | Selectivity Remarks: Screened at 0.5 µM (in-vitro potency) | Selectivity Source Knowledge: https://doi.org/10.1021/jm101251q";"";""
"CHEMBL1091787";"";"None";"284.70";"0";"3.08";"9";"O=C1OC(c2ccc(Cl)cc2)=N/C1=C\c1cccnc1";"IC50";"'='";"529.5";"nM";"6.28";"";"";"UO_0000065";"22.04";"0.43";"3.20";"12.17";"0";"CHEMBL1112575";"Inhibition of human recombinant DAPK3";"B";"BAO_0000357";"single protein format";"Homo sapiens";"None";"None";"None";"None";"";"";"";"CHEMBL2468";"Death-associated protein kinase 3";"Homo sapiens";"SINGLE PROTEIN";"CHEMBL1156313";"1";"Scientific Literature";"Bioorg Med Chem";"2010";"None";"";"";""
"CHEMBL4438748";"";"None";"457.49";"0";"4.13";"12j";"CN(C)c1ccc(C(=O)Nc2cccc(NC(=O)COc3ccc4c(=O)ccoc4c3)c2)cc1";"IC50";"'>'";"10000.0";"nM";"";"";"";"UO_0000065";"";"";"";"";"0";"CHEMBL4379494";"Inhibition of recombinant human ZIPK (1 to 290 residues) using KKLNRTLSFAEPG substrate incubated for 40 mins in presence of [gamma33P]ATP by radiometric scintillation counting analysis";"B";"BAO_0000357";"single protein format";"Homo sapiens";"None";"None";"None";"None";"";"";"";"CHEMBL2468";"Death-associated protein kinase 3";"Homo sapiens";"SINGLE PROTEIN";"CHEMBL4376834";"1";"Scientific Literature";"J Med Chem";"2019";"None";"";"";""
"CHEMBL4446892";"";"None";"520.34";"1";"3.31";"GSK8612";"Cc1nn(CC(F)(F)F)cc1Nc1ncc(Br)c(NCc2ccc(S(N)(=O)=O)cc2)n1";"IC50";"'>'";"10000.0";"nM";"";"";"";"UO_0000065";"";"";"";"";"0";"CHEMBL5046612";"Inhibition of recombinant human ZIPK (1 to 290 residues) using KKLNRTLSFAEPG as substrate measured after 40 mins in presence of [gamma33P]ATP by radiometric scintillation counting method";"B";"BAO_0000357";"single protein format";"Homo sapiens";"None";"None";"None";"None";"";"";"";"CHEMBL2468";"Death-associated protein kinase 3";"Homo sapiens";"SINGLE PROTEIN";"CHEMBL5046221";"1";"Scientific Literature";"J Med Chem";"2022";"None";"TIME = 0.6667 hr";"";""
"CHEMBL4877302";"";"None";"438.92";"0";"4.94";"18";"CCc1cc(Nc2nc(NCc3ccc(Cl)cc3OC)nc3cccc(OC)c23)n[nH]1";"IC50";"'='";"720.0";"nM";"6.14";"";"";"UO_0000065";"13.99";"0.27";"1.20";"6.33";"0";"CHEMBL4810429";"Inhibition of recombinant human ZIPK (1 to 290 residues) using KKLNRTLSFAEPG substrate incubated for 40 mins in presence of [gamma33P]ATP by scintillation counting based radiometry assay";"B";"BAO_0000357";"single protein format";"Homo sapiens";"None";"None";"None";"None";"";"";"";"CHEMBL2468";"Death-associated protein kinase 3";"Homo sapiens";"SINGLE PROTEIN";"CHEMBL4808217";"1";"Scientific Literature";"J Med Chem";"2021";"None";"TIME = 0.6667 hr";"INHIBITOR";""
"CHEMBL4549667";"TP-030-2";"None";"481.35";"0";"3.12";"EUB0000720";"CN1C(=O)[C@@H](N2CCc3c(nn(Cc4ccccc4)c3Br)C2=O)COc2ccccc21";"IC50";"";"1000.0";"nM";"";"";"";"UO_0000065";"";"";"";"";"0";"CHEMBL4884974";"DAPK3(DAP3LGP1) Takeda global kinase panel";"B";"BAO_0000357";"single protein format";"Homo sapiens";"None";"None";"None";"None";"";"";"";"CHEMBL2468";"Death-associated protein kinase 3";"Homo sapiens";"SINGLE PROTEIN";"CHEMBL4507326";"54";"Donated Chemical Probes - SGC Frankfurt";"";"2021";"None";"Compound concentration None 1.0 µM";"";""
"CHEMBL4634634";"";"None";"365.44";"0";"1.44";"29";"C[C@@H]1C[C@H]1C(=O)N1CCN(c2cnc(C#N)c(-c3cnn(C)c3)n2)C[C@H]1C";"IC50";"'>'";"100000.0";"nM";"";"";"";"UO_0000065";"";"";"";"";"0";"CHEMBL4603455";"Inhibition of recombinant human full-length GST-tagged DAPK3 expressed in baculovirus expression system using FRET-labeled Ser/Thr 13 peptide as substrate measured after 1 hr in presence of ATP by Z'-lyte assay";"B";"BAO_0000019";"assay format";"Homo sapiens";"None";"None";"None";"None";"";"";"";"CHEMBL2468";"Death-associated protein kinase 3";"Homo sapiens";"SINGLE PROTEIN";"CHEMBL4602617";"1";"Scientific Literature";"Bioorg Med Chem Lett";"2020";"None";"";"";""
"CHEMBL4105195";"";"None";"312.32";"0";"3.42";"40";"CCOc1cc(/C=C2\Oc3ccc(OC)cc3C2=O)ccc1O";"IC50";"'='";"18880.0";"nM";"4.72";"";"";"UO_0000065";"15.13";"0.28";"1.30";"7.27";"0";"CHEMBL4014510";"Inhibition of human DAPK3";"B";"BAO_0000357";"single protein format";"Homo sapiens";"None";"None";"None";"None";"";"";"";"CHEMBL2468";"Death-associated protein kinase 3";"Homo sapiens";"SINGLE PROTEIN";"CHEMBL4014275";"1";"Scientific Literature";"Eur J Med Chem";"2017";"None";"";"";""
"CHEMBL4088216";"TP-030-1";"None";"402.45";"0";"2.35";"EUB0000719";"CN1C(=O)[C@@H](N2CCc3cn(Cc4ccccc4)nc3C2=O)COc2ccccc21";"IC50";"";"1000.0";"nM";"";"";"";"UO_0000065";"";"";"";"";"0";"CHEMBL4884683";"DAPK3(DAP3LGP1) Takeda global kinase panel";"B";"BAO_0000357";"single protein format";"Homo sapiens";"None";"None";"None";"None";"";"";"";"CHEMBL2468";"Death-associated protein kinase 3";"Homo sapiens";"SINGLE PROTEIN";"CHEMBL4507327";"54";"Donated Chemical Probes - SGC Frankfurt";"";"2021";"None";"Compound concentration None 1.0 µM";"";""
"CHEMBL388978";"STAUROSPORINE";"None";"466.54";"0";"4.35";"Staurosporine";"CN[C@@H]1C[C@H]2O[C@@](C)([C@@H]1OC)n1c3ccccc3c3c4c(c5c6ccccc6n2c5c31)C(=O)NC4";"IC50";"'='";"3.45";"nM";"8.46";"";"";"UO_0000065";"18.14";"0.33";"4.11";"12.18";"0";"CHEMBL4328660";"Inhibition of human ZIPK using KKLNRTLSFAEPG as substrate by [gamma-33P]-ATP assay";"B";"BAO_0000357";"single protein format";"Homo sapiens";"None";"None";"None";"None";"";"";"";"CHEMBL2468";"Death-associated protein kinase 3";"Homo sapiens";"SINGLE PROTEIN";"CHEMBL4325871";"1";"Scientific Literature";"Eur J Med Chem";"2019";"None";"";"";""
"CHEMBL1230165";"SILMITASERTIB";"2.0";"349.78";"0";"4.88";"CX-4945";"O=C(O)c1ccc2c(c1)nc(Nc1cccc(Cl)c1)c1ccncc12";"IC50";"'='";"17.0";"nM";"7.77";"";"";"UO_0000065";"22.21";"0.42";"2.89";"10.34";"1";"CHEMBL4710176";"Inhibition of recombinant human DAPK3 in presence of ATP at Km concentration by radiometric filter-binding assay";"B";"BAO_0000357";"single protein format";"Homo sapiens";"None";"None";"None";"None";"";"";"";"CHEMBL2468";"Death-associated protein kinase 3";"Homo sapiens";"SINGLE PROTEIN";"CHEMBL4706554";"1";"Scientific Literature";"Eur J Med Chem";"2020";"None";"";"INHIBITOR";""
"CHEMBL3103192";"";"None";"419.49";"0";"2.27";"7h";"CC(=O)Nc1cc(Nc2cc(NC3CC3)n3ncc(C#N)c3n2)ccc1N(C)CCN";"IC50";"'='";"10.0";"nM";"8.00";"";"";"UO_0000065";"19.07";"0.35";"5.73";"5.87";"0";"CHEMBL3810713";"Inhibition of Dapk3 (unknown origin) at by quantitative PCR";"B";"BAO_0000357";"single protein format";"Homo sapiens";"None";"None";"None";"None";"";"";"";"CHEMBL2468";"Death-associated protein kinase 3";"Homo sapiens";"SINGLE PROTEIN";"CHEMBL3808365";"1";"Scientific Literature";"ACS Med Chem Lett";"2016";"None";"";"";""
"CHEMBL4097778";"TP-030n";"None";"458.54";"0";"1.13";"TP-030n";"CN1C(=O)[C@@H](N2CCc3cn(CC4CCS(=O)(=O)CC4)nc3C2=O)COc2ccccc21";"IC50";"";"1000.0";"nM";"";"";"";"UO_0000065";"";"";"";"";"0";"CHEMBL4885265";"DAPK3(DAP3LGP1) Takeda global kinase panel";"B";"BAO_0000357";"single protein format";"Homo sapiens";"None";"None";"None";"None";"";"";"";"CHEMBL2468";"Death-associated protein kinase 3";"Homo sapiens";"SINGLE PROTEIN";"CHEMBL4507327";"54";"Donated Chemical Probes - SGC Frankfurt";"";"2021";"None";"Compound concentration None 1.0 µM";"";""
"CHEMBL388978";"STAUROSPORINE";"None";"466.54";"0";"4.35";"Staurosporine";"CN[C@@H]1C[C@H]2O[C@@](C)([C@@H]1OC)n1c3ccccc3c3c4c(c5c6ccccc6n2c5c31)C(=O)NC4";"IC50";"'='";"1.84";"nM";"8.73";"";"";"UO_0000065";"18.72";"0.34";"4.39";"12.58";"0";"CHEMBL4720506";"Inhibition of human ZIPK using KKLNRTLSFAEPG as substrate by [gamma-33P]-ATP assay";"B";"BAO_0000357";"single protein format";"Homo sapiens";"None";"None";"None";"None";"";"";"";"CHEMBL2468";"Death-associated protein kinase 3";"Homo sapiens";"SINGLE PROTEIN";"CHEMBL4715818";"1";"Scientific Literature";"Bioorg Med Chem";"2018";"None";"";"INHIBITOR";""
"CHEMBL5181620";"";"None";"256.22";"0";"2.09";"4";"COc1ncc2cc3cnccc3c([N+](=O)[O-])c2n1";"IC50";"'='";"578.0";"nM";"6.24";"";"";"UO_0000065";"24.35";"0.45";"4.15";"6.85";"0";"CHEMBL5165931";"Inhibition of human DAPK3 in presence of ATP by kinomescan assay";"B";"BAO_0000357";"single protein format";"Homo sapiens";"None";"None";"None";"None";"";"";"";"CHEMBL2468";"Death-associated protein kinase 3";"Homo sapiens";"SINGLE PROTEIN";"CHEMBL5154885";"1";"Scientific Literature";"Eur J Med Chem";"2022";"None";"";"INHIBITOR";""
"CHEMBL5202142";"";"None";"408.45";"0";"4.40";"45";"COC(=O)Nc1cc(-c2ccc(OC[C@@](C)(N)CC(C)C)c(C(F)F)n2)ccn1";"IC50";"'='";"1100.0";"nM";"5.96";"";"";"UO_0000065";"14.59";"0.28";"1.56";"6.00";"0";"CHEMBL5161248";"Inhibition of DAPK3 (unknown origin)";"B";"BAO_0000357";"single protein format";"Homo sapiens";"None";"None";"None";"None";"";"";"";"CHEMBL2468";"Death-associated protein kinase 3";"Homo sapiens";"SINGLE PROTEIN";"CHEMBL5154787";"1";"Scientific Literature";"J Med Chem";"2022";"None";"";"INHIBITOR";""
"CHEMBL5288779";"";"None";"330.35";"0";"3.49";"2";"O=C(O)c1ccc2c(c1)nc(NCc1ccccc1)c1ncncc12";"IC50";"'='";"1500000.0";"nM";"";"Outside typical range";"";"UO_0000065";"";"";"";"";"0";"CHEMBL5256612";"Inhibition of wild type human DAPK3 in presence of ATP by radiometric kinase assay";"B";"BAO_0000357";"single protein format";"Homo sapiens";"None";"None";"None";"None";"";"";"";"CHEMBL2468";"Death-associated protein kinase 3";"Homo sapiens";"SINGLE PROTEIN";"CHEMBL5252659";"1";"Scientific Literature";"ACS Med Chem Lett";"2023";"None";"";"INHIBITOR";""
