"Molecule ChEMBL ID";"Molecule Name";"Molecule Max Phase";"Molecular Weight";"#RO5 Violations";"AlogP";"Compound Key";"Smiles";"Standard Type";"Standard Relation";"Standard Value";"Standard Units";"pChEMBL Value";"Data Validity Comment";"Comment";"Uo Units";"Ligand Efficiency BEI";"Ligand Efficiency LE";"Ligand Efficiency LLE";"Ligand Efficiency SEI";"Potential Duplicate";"Assay ChEMBL ID";"Assay Description";"Assay Type";"BAO Format ID";"BAO Label";"Assay Organism";"Assay Tissue ChEMBL ID";"Assay Tissue Name";"Assay Cell Type";"Assay Subcellular Fraction";"Assay Parameters";"Assay Variant Accession";"Assay Variant Mutation";"Target ChEMBL ID";"Target Name";"Target Organism";"Target Type";"Document ChEMBL ID";"Source ID";"Source Description";"Document Journal";"Document Year";"Cell ChEMBL ID";"Properties";"Action Type";"Standard Text Value"
"CHEMBL467399";"BIIB021";"2.0";"318.77";"0";"2.13";"14, BIIB021";"COc1c(C)cnc(Cn2cnc3c(Cl)nc(N)nc32)c1C";"Ki";"'='";"1.7";"nM";"8.77";"";"";"UO_0000065";"27.51";"0.54";"6.64";"9.56";"1";"CHEMBL2212644";"Binding affinity at recombinant Hsp90alpha incubated for 16 hrs by fluorescence polarization competition assay";"B";"BAO_0000357";"single protein format";"None";"None";"None";"None";"None";"";"";"";"CHEMBL3880";"Heat shock protein HSP 90-alpha";"Homo sapiens";"SINGLE PROTEIN";"CHEMBL2203093";"1";"Scientific Literature";"J Med Chem";"2012";"None";"";"";""
"CHEMBL252164";"LUMINESPIB";"2.0";"465.55";"0";"4.13";"7, NVP-AUY922";"CCNC(=O)c1noc(-c2cc(C(C)C)c(O)cc2O)c1-c1ccc(CN2CCOCC2)cc1";"Ki";"'='";"9.0";"nM";"8.05";"";"";"UO_0000065";"17.28";"0.32";"3.92";"7.45";"0";"CHEMBL1100282";"Inhibition of HSP90alpha";"B";"BAO_0000357";"single protein format";"None";"None";"None";"None";"None";"";"";"";"CHEMBL3880";"Heat shock protein HSP 90-alpha";"Homo sapiens";"SINGLE PROTEIN";"CHEMBL1154885";"1";"Scientific Literature";"J Med Chem";"2010";"None";"";"";""
"CHEMBL3235343";"";"None";"408.55";"0";"3.54";"21";"CC(C)Nc1cc(-n2c3c(c4c2CC(C)(C)CC4=O)CCN(C)C3)ccc1C(N)=O";"Ki";"'='";"25.0";"nM";"7.60";"";"";"UO_0000065";"18.61";"0.35";"4.06";"9.46";"0";"CHEMBL3242256";"Displacement of FITC-geldanamycin from recombinant HSP90alpha (unknown origin) after 2 hrs by fluorescence polarization assay";"B";"BAO_0000357";"single protein format";"Homo sapiens";"None";"None";"None";"None";"";"";"";"CHEMBL3880";"Heat shock protein HSP 90-alpha";"Homo sapiens";"SINGLE PROTEIN";"CHEMBL3232825";"1";"Scientific Literature";"J Med Chem";"2014";"None";"";"";""
"CHEMBL3235355";"";"None";"406.53";"0";"4.12";"33";"Cc1cn(-c2cc3c(c(C4CCOCC4)c2)C(=O)NCC3)c2c1C(=O)CC(C)(C)C2";"Ki";"'='";"3.0";"nM";"8.52";"";"";"UO_0000065";"20.96";"0.39";"4.40";"14.13";"0";"CHEMBL3242256";"Displacement of FITC-geldanamycin from recombinant HSP90alpha (unknown origin) after 2 hrs by fluorescence polarization assay";"B";"BAO_0000357";"single protein format";"Homo sapiens";"None";"None";"None";"None";"";"";"";"CHEMBL3880";"Heat shock protein HSP 90-alpha";"Homo sapiens";"SINGLE PROTEIN";"CHEMBL3232825";"1";"Scientific Literature";"J Med Chem";"2014";"None";"";"";""
"CHEMBL1774833";"";"None";"249.70";"0";"2.70";"8";"COc1cccc(Cl)c1-c1cc(C)nc(N)n1";"Ki";"'='";"700.0";"nM";"6.16";"";"";"UO_0000065";"24.65";"0.49";"3.45";"10.09";"0";"CHEMBL1777305";"Displacement of [3H]-(R)-2-(5-chloro-2,4-dihydroxybenzoyl)-N-ethylisoindoline-1-carboxamide from human his(6)-tagged HSP90alpha after 30 mins by scintillation proximity assay";"B";"BAO_0000357";"single protein format";"Homo sapiens";"None";"None";"None";"None";"";"";"";"CHEMBL3880";"Heat shock protein HSP 90-alpha";"Homo sapiens";"SINGLE PROTEIN";"CHEMBL1772974";"1";"Scientific Literature";"J Med Chem";"2011";"None";"";"";""
"CHEMBL1774835";"";"None";"380.20";"1";"5.06";"11";"Cc1cc(-c2c(Cl)cc(Cl)cc2OCCCC(F)(F)F)nc(N)n1";"Ki";"'='";"50.0";"nM";"7.30";"";"";"UO_0000065";"19.20";"0.42";"2.24";"11.96";"0";"CHEMBL1777305";"Displacement of [3H]-(R)-2-(5-chloro-2,4-dihydroxybenzoyl)-N-ethylisoindoline-1-carboxamide from human his(6)-tagged HSP90alpha after 30 mins by scintillation proximity assay";"B";"BAO_0000357";"single protein format";"Homo sapiens";"None";"None";"None";"None";"";"";"";"CHEMBL3880";"Heat shock protein HSP 90-alpha";"Homo sapiens";"SINGLE PROTEIN";"CHEMBL1772974";"1";"Scientific Literature";"J Med Chem";"2011";"None";"";"";""
"CHEMBL3714988";"";"None";"301.32";"0";"3.22";"15-rac";"CC1CCc2cc(F)ccc2N1C(=O)c1ccc(O)cc1O";"Ki";"'='";"9150.0";"nM";"5.04";"";"";"UO_0000065";"16.72";"0.31";"1.82";"8.29";"0";"CHEMBL4008865";"Displacement of fluorescein-labelled VER160364 from HSP90A (unknown origin) after 90 mins by fluorescence polarization assay";"B";"BAO_0000357";"single protein format";"Homo sapiens";"None";"None";"None";"None";"";"";"";"CHEMBL3880";"Heat shock protein HSP 90-alpha";"Homo sapiens";"SINGLE PROTEIN";"CHEMBL4007418";"1";"Scientific Literature";"J Med Chem";"2017";"None";"";"";""
"CHEMBL1774909";"";"None";"436.34";"0";"4.40";"17";"CCCOc1cc(Cl)cc(Cl)c1-c1nc(N)nc2c1CN(C(=O)NC1CCC1)C2";"Ki";"'='";"110.0";"nM";"6.96";"";"";"UO_0000065";"15.95";"0.33";"2.56";"7.45";"0";"CHEMBL1777305";"Displacement of [3H]-(R)-2-(5-chloro-2,4-dihydroxybenzoyl)-N-ethylisoindoline-1-carboxamide from human his(6)-tagged HSP90alpha after 30 mins by scintillation proximity assay";"B";"BAO_0000357";"single protein format";"Homo sapiens";"None";"None";"None";"None";"";"";"";"CHEMBL3880";"Heat shock protein HSP 90-alpha";"Homo sapiens";"SINGLE PROTEIN";"CHEMBL1772974";"1";"Scientific Literature";"J Med Chem";"2011";"None";"";"";""
"CHEMBL1774915";"";"None";"452.34";"0";"3.64";"23";"COCCOc1cc(Cl)cc(Cl)c1-c1nc(N)nc2c1CN(C(=O)NC1CCC1)C2";"Ki";"'='";"120.0";"nM";"6.92";"";"";"UO_0000065";"15.30";"0.32";"3.28";"6.75";"0";"CHEMBL1777305";"Displacement of [3H]-(R)-2-(5-chloro-2,4-dihydroxybenzoyl)-N-ethylisoindoline-1-carboxamide from human his(6)-tagged HSP90alpha after 30 mins by scintillation proximity assay";"B";"BAO_0000357";"single protein format";"Homo sapiens";"None";"None";"None";"None";"";"";"";"CHEMBL3880";"Heat shock protein HSP 90-alpha";"Homo sapiens";"SINGLE PROTEIN";"CHEMBL1772974";"1";"Scientific Literature";"J Med Chem";"2011";"None";"";"";""
"CHEMBL1774923";"";"None";"524.36";"1";"4.13";"31";"Nc1nc2c(c(-c3c(Cl)cc(Cl)cc3OCCn3cccn3)n1)CN(C(=O)NC1CC(F)(F)C1)C2";"Ki";"'='";"9.0";"nM";"8.05";"";"";"UO_0000065";"15.34";"0.31";"3.92";"7.24";"0";"CHEMBL1777305";"Displacement of [3H]-(R)-2-(5-chloro-2,4-dihydroxybenzoyl)-N-ethylisoindoline-1-carboxamide from human his(6)-tagged HSP90alpha after 30 mins by scintillation proximity assay";"B";"BAO_0000357";"single protein format";"Homo sapiens";"None";"None";"None";"None";"";"";"";"CHEMBL3880";"Heat shock protein HSP 90-alpha";"Homo sapiens";"SINGLE PROTEIN";"CHEMBL1772974";"1";"Scientific Literature";"J Med Chem";"2011";"None";"";"";""
"CHEMBL1774920";"";"None";"448.31";"0";"2.96";"28";"CNC(=O)N1Cc2nc(N)nc(-c3c(Cl)cc(Cl)cc3OCCn3cccn3)c2C1";"Ki";"'='";"20.0";"nM";"7.70";"";"";"UO_0000065";"17.17";"0.35";"4.74";"6.92";"0";"CHEMBL1777305";"Displacement of [3H]-(R)-2-(5-chloro-2,4-dihydroxybenzoyl)-N-ethylisoindoline-1-carboxamide from human his(6)-tagged HSP90alpha after 30 mins by scintillation proximity assay";"B";"BAO_0000357";"single protein format";"Homo sapiens";"None";"None";"None";"None";"";"";"";"CHEMBL3880";"Heat shock protein HSP 90-alpha";"Homo sapiens";"SINGLE PROTEIN";"CHEMBL1772974";"1";"Scientific Literature";"J Med Chem";"2011";"None";"";"";""
"CHEMBL2070507";"";"None";"334.34";"0";"-1.30";"17";"Nc1ncnc2c1ncn2[C@@H]1O[C@H](C(=O)NC2CCC2)[C@@H](O)[C@H]1O";"Ki";"'='";"2200.0";"nM";"5.66";"";"";"UO_0000065";"";"";"";"";"0";"CHEMBL4689557";"Displacement of FITC-geldanamycin from HSP90alpha (unknown origin) after 24 hrs by fluorescence polarization assay";"A";"BAO_0000357";"single protein format";"Homo sapiens";"None";"None";"None";"None";"";"";"";"CHEMBL3880";"Heat shock protein HSP 90-alpha";"Homo sapiens";"SINGLE PROTEIN";"CHEMBL4680372";"1";"Scientific Literature";"ACS Med Chem Lett";"2021";"None";"TIME = 24.0 hr";"BINDING AGENT";""
"CHEMBL3235348";"";"None";"391.52";"0";"3.30";"26";"CN1CCc2c3c(n(-c4ccc5c(c4)CCCNC5=O)c2C1)CC(C)(C)CC3=O";"Ki";"'>'";"10000.0";"nM";"";"";"";"UO_0000065";"";"";"";"";"0";"CHEMBL3242256";"Displacement of FITC-geldanamycin from recombinant HSP90alpha (unknown origin) after 2 hrs by fluorescence polarization assay";"B";"BAO_0000357";"single protein format";"Homo sapiens";"None";"None";"None";"None";"";"";"";"CHEMBL3880";"Heat shock protein HSP 90-alpha";"Homo sapiens";"SINGLE PROTEIN";"CHEMBL3232825";"1";"Scientific Literature";"J Med Chem";"2014";"None";"";"";""
"CHEMBL3235362";"";"None";"416.50";"1";"5.03";"40";"Cc1cn(-c2cc3c(c(-c4cccc(F)c4)c2)C(=O)NCC3)c2c1C(=O)CC(C)(C)C2";"Ki";"'='";"20.0";"nM";"7.70";"";"";"UO_0000065";"18.48";"0.34";"2.67";"15.07";"0";"CHEMBL3242256";"Displacement of FITC-geldanamycin from recombinant HSP90alpha (unknown origin) after 2 hrs by fluorescence polarization assay";"B";"BAO_0000357";"single protein format";"Homo sapiens";"None";"None";"None";"None";"";"";"";"CHEMBL3880";"Heat shock protein HSP 90-alpha";"Homo sapiens";"SINGLE PROTEIN";"CHEMBL3232825";"1";"Scientific Literature";"J Med Chem";"2014";"None";"";"";""
"CHEMBL3403717";"";"None";"414.93";"0";"4.80";"13";"CCCC1Cc2c(C)c3c(n2-c2cc(Cl)c(C(N)=O)cc2O1)CC(C)(C)CC3=O";"Ki";"'='";"115.0";"nM";"6.94";"";"";"UO_0000065";"16.72";"0.33";"2.14";"9.34";"0";"CHEMBL3404380";"Inhibition of FITC-GA binding to Hsp90alpha (unknown origin) ATPase site after 2 hrs by fluorescence polarization assay";"B";"BAO_0000357";"single protein format";"Homo sapiens";"None";"None";"None";"None";"";"";"";"CHEMBL3880";"Heat shock protein HSP 90-alpha";"Homo sapiens";"SINGLE PROTEIN";"CHEMBL3400101";"1";"Scientific Literature";"Bioorg Med Chem Lett";"2015";"None";"";"";""
"CHEMBL3401152";"";"None";"409.92";"0";"3.69";"26";"C#CCN1CCc2c(C)c3c(n2-c2cc(Cl)c(C(N)=O)cc21)CC(C)(C)CC3=O";"Ki";"'='";"54.0";"nM";"7.27";"";"";"UO_0000065";"17.73";"0.34";"3.58";"10.64";"0";"CHEMBL3404380";"Inhibition of FITC-GA binding to Hsp90alpha (unknown origin) ATPase site after 2 hrs by fluorescence polarization assay";"B";"BAO_0000357";"single protein format";"Homo sapiens";"None";"None";"None";"None";"";"";"";"CHEMBL3880";"Heat shock protein HSP 90-alpha";"Homo sapiens";"SINGLE PROTEIN";"CHEMBL3400101";"1";"Scientific Literature";"Bioorg Med Chem Lett";"2015";"None";"";"";""
"CHEMBL109480";"TANESPIMYCIN";"3.0";"585.70";"1";"2.54";"1, 17-AAG";"C=CCNC1=C2C[C@@H](C)C[C@H](OC)[C@H](O)[C@@H](C)/C=C(\C)[C@H](OC(N)=O)[C@@H](OC)/C=C\C=C(/C)C(=O)NC(=CC1=O)C2=O";"Ki";"'='";"29.0";"nM";"7.54";"";"";"UO_0000065";"12.87";"0.25";"5.00";"4.53";"0";"CHEMBL3404380";"Inhibition of FITC-GA binding to Hsp90alpha (unknown origin) ATPase site after 2 hrs by fluorescence polarization assay";"B";"BAO_0000357";"single protein format";"Homo sapiens";"None";"None";"None";"None";"";"";"";"CHEMBL3880";"Heat shock protein HSP 90-alpha";"Homo sapiens";"SINGLE PROTEIN";"CHEMBL3400101";"1";"Scientific Literature";"Bioorg Med Chem Lett";"2015";"None";"";"";""
"CHEMBL3401153";"";"None";"442.00";"1";"5.10";"27";"Cc1c2c(n3c1CCN(CCC(C)C)c1cc(C(N)=O)c(Cl)cc1-3)CC(C)(C)CC2=O";"Ki";"'='";"86.0";"nM";"7.07";"";"";"UO_0000065";"15.99";"0.31";"1.97";"10.34";"0";"CHEMBL3404380";"Inhibition of FITC-GA binding to Hsp90alpha (unknown origin) ATPase site after 2 hrs by fluorescence polarization assay";"B";"BAO_0000357";"single protein format";"Homo sapiens";"None";"None";"None";"None";"";"";"";"CHEMBL3880";"Heat shock protein HSP 90-alpha";"Homo sapiens";"SINGLE PROTEIN";"CHEMBL3400101";"1";"Scientific Literature";"Bioorg Med Chem Lett";"2015";"None";"";"";""
"CHEMBL3403718";"";"None";"352.43";"0";"3.36";"14";"Cc1c2c(n3c1CC(C)Oc1cc(C(N)=O)ccc1-3)CC(C)(C)CC2=O";"Ki";"'='";"60.0";"nM";"7.22";"";"";"UO_0000065";"20.49";"0.38";"3.86";"9.72";"0";"CHEMBL3404380";"Inhibition of FITC-GA binding to Hsp90alpha (unknown origin) ATPase site after 2 hrs by fluorescence polarization assay";"B";"BAO_0000357";"single protein format";"Homo sapiens";"None";"None";"None";"None";"";"";"";"CHEMBL3880";"Heat shock protein HSP 90-alpha";"Homo sapiens";"SINGLE PROTEIN";"CHEMBL3400101";"1";"Scientific Literature";"Bioorg Med Chem Lett";"2015";"None";"";"";""
"CHEMBL3235327";"";"None";"333.39";"0";"3.28";"5";"CC1(C)CC(=O)c2c(n(-c3ccc(C(N)=O)cc3)c3cnccc23)C1";"Ki";"'>'";"10000.0";"nM";"";"";"";"UO_0000065";"";"";"";"";"0";"CHEMBL3242256";"Displacement of FITC-geldanamycin from recombinant HSP90alpha (unknown origin) after 2 hrs by fluorescence polarization assay";"B";"BAO_0000357";"single protein format";"Homo sapiens";"None";"None";"None";"None";"";"";"";"CHEMBL3880";"Heat shock protein HSP 90-alpha";"Homo sapiens";"SINGLE PROTEIN";"CHEMBL3232825";"1";"Scientific Literature";"J Med Chem";"2014";"None";"";"";""
"CHEMBL3235338";"";"None";"466.65";"0";"4.03";"16";"CN1CCc2c3c(n(-c4ccc(C(N)=O)c(NC5CCSCC5)c4)c2C1)CC(C)(C)CC3=O";"Ki";"'='";"28.0";"nM";"7.55";"";"";"UO_0000065";"16.19";"0.31";"3.52";"9.40";"0";"CHEMBL3242256";"Displacement of FITC-geldanamycin from recombinant HSP90alpha (unknown origin) after 2 hrs by fluorescence polarization assay";"B";"BAO_0000357";"single protein format";"Homo sapiens";"None";"None";"None";"None";"";"";"";"CHEMBL3880";"Heat shock protein HSP 90-alpha";"Homo sapiens";"SINGLE PROTEIN";"CHEMBL3232825";"1";"Scientific Literature";"J Med Chem";"2014";"None";"";"";""
"CHEMBL3235344";"";"None";"436.60";"0";"4.18";"22";"CN1CCc2c3c(n(-c4ccc(C(N)=O)c(NCC(C)(C)C)c4)c2C1)CC(C)(C)CC3=O";"Ki";"'='";"22.0";"nM";"7.66";"";"";"UO_0000065";"17.54";"0.33";"3.48";"9.53";"0";"CHEMBL3242256";"Displacement of FITC-geldanamycin from recombinant HSP90alpha (unknown origin) after 2 hrs by fluorescence polarization assay";"B";"BAO_0000357";"single protein format";"Homo sapiens";"None";"None";"None";"None";"";"";"";"CHEMBL3880";"Heat shock protein HSP 90-alpha";"Homo sapiens";"SINGLE PROTEIN";"CHEMBL3232825";"1";"Scientific Literature";"J Med Chem";"2014";"None";"";"";""
"CHEMBL1774834";"";"None";"235.67";"0";"2.39";"9";"Cc1cc(-c2c(O)cccc2Cl)nc(N)n1";"Ki";"'='";"1400.0";"nM";"5.85";"";"";"UO_0000065";"24.84";"0.50";"3.46";"8.13";"0";"CHEMBL1777305";"Displacement of [3H]-(R)-2-(5-chloro-2,4-dihydroxybenzoyl)-N-ethylisoindoline-1-carboxamide from human his(6)-tagged HSP90alpha after 30 mins by scintillation proximity assay";"B";"BAO_0000357";"single protein format";"Homo sapiens";"None";"None";"None";"None";"";"";"";"CHEMBL3880";"Heat shock protein HSP 90-alpha";"Homo sapiens";"SINGLE PROTEIN";"CHEMBL1772974";"1";"Scientific Literature";"J Med Chem";"2011";"None";"";"";""
"CHEMBL1738804";"";"None";"345.75";"0";"4.41";"10";"Cc1cc(-c2c(Cl)cccc2OCCCC(F)(F)F)nc(N)n1";"Ki";"'='";"130.0";"nM";"6.89";"";"";"UO_0000065";"19.92";"0.41";"2.48";"11.28";"0";"CHEMBL1777305";"Displacement of [3H]-(R)-2-(5-chloro-2,4-dihydroxybenzoyl)-N-ethylisoindoline-1-carboxamide from human his(6)-tagged HSP90alpha after 30 mins by scintillation proximity assay";"B";"BAO_0000357";"single protein format";"Homo sapiens";"None";"None";"None";"None";"";"";"";"CHEMBL3880";"Heat shock protein HSP 90-alpha";"Homo sapiens";"SINGLE PROTEIN";"CHEMBL1772974";"1";"Scientific Literature";"J Med Chem";"2011";"None";"";"";""
"CHEMBL1774912";"";"None";"461.35";"0";"4.29";"20";"N#CCCCOc1cc(Cl)cc(Cl)c1-c1nc(N)nc2c1CN(C(=O)NC1CCC1)C2";"Ki";"'='";"40.0";"nM";"7.40";"";"";"UO_0000065";"16.04";"0.33";"3.11";"6.31";"0";"CHEMBL1777305";"Displacement of [3H]-(R)-2-(5-chloro-2,4-dihydroxybenzoyl)-N-ethylisoindoline-1-carboxamide from human his(6)-tagged HSP90alpha after 30 mins by scintillation proximity assay";"B";"BAO_0000357";"single protein format";"Homo sapiens";"None";"None";"None";"None";"";"";"";"CHEMBL3880";"Heat shock protein HSP 90-alpha";"Homo sapiens";"SINGLE PROTEIN";"CHEMBL1772974";"1";"Scientific Literature";"J Med Chem";"2011";"None";"";"";""
"CHEMBL1774916";"";"None";"513.38";"1";"3.94";"24";"Nc1nc2c(c(-c3c(Cl)cc(Cl)cc3OCCN3CC(F)(F)C3)n1)CN(C(=O)NC1CCC1)C2";"Ki";"'='";"16.0";"nM";"7.80";"";"";"UO_0000065";"15.19";"0.31";"3.86";"8.07";"0";"CHEMBL1777305";"Displacement of [3H]-(R)-2-(5-chloro-2,4-dihydroxybenzoyl)-N-ethylisoindoline-1-carboxamide from human his(6)-tagged HSP90alpha after 30 mins by scintillation proximity assay";"B";"BAO_0000357";"single protein format";"Homo sapiens";"None";"None";"None";"None";"";"";"";"CHEMBL3880";"Heat shock protein HSP 90-alpha";"Homo sapiens";"SINGLE PROTEIN";"CHEMBL1772974";"1";"Scientific Literature";"J Med Chem";"2011";"None";"";"";""
"CHEMBL3104858";"";"None";"399.47";"0";"3.38";"SNX0723";"Cc1cn(-c2cc(F)c(C(N)=O)c(N[C@H]3CCOC3)c2)c2c1C(=O)CC(C)(C)C2";"Ki";"'='";"3.0";"nM";"8.52";"";"";"UO_0000065";"21.34";"0.40";"5.14";"9.87";"0";"CHEMBL3106553";"Binding affinity to human N-terminal polyHis-tagged HSP90alpha (D9 to E236) alpha-helix conformation expressed in insect sf9 cells after 3 hrs by fluorescence polarization assay";"B";"BAO_0000219";"cell-based format";"Homo sapiens";"None";"None";"Sf9";"None";"";"";"";"CHEMBL3880";"Heat shock protein HSP 90-alpha";"Homo sapiens";"SINGLE PROTEIN";"CHEMBL3102709";"1";"Scientific Literature";"Bioorg Med Chem Lett";"2014";"CHEMBL3308860";"";"";""
"CHEMBL519809";"";"None";"294.27";"0";"-2.23";"12";"CNC(=O)[C@H]1O[C@@H](n2cnc3c(N)ncnc32)[C@H](O)[C@@H]1O";"Ki";"'='";"1700.0";"nM";"5.77";"";"";"UO_0000065";"";"";"";"";"0";"CHEMBL4689557";"Displacement of FITC-geldanamycin from HSP90alpha (unknown origin) after 24 hrs by fluorescence polarization assay";"A";"BAO_0000357";"single protein format";"Homo sapiens";"None";"None";"None";"None";"";"";"";"CHEMBL3880";"Heat shock protein HSP 90-alpha";"Homo sapiens";"SINGLE PROTEIN";"CHEMBL4680372";"1";"Scientific Literature";"ACS Med Chem Lett";"2021";"None";"TIME = 24.0 hr";"BINDING AGENT";""
"CHEMBL3235330";"";"None";"351.45";"0";"2.72";"8";"CN1CCc2c3c(n(-c4ccc(C(N)=O)cc4)c2C1)CC(C)(C)CC3=O";"Ki";"'='";"690.0";"nM";"6.16";"";"";"UO_0000065";"17.53";"0.32";"3.44";"9.02";"0";"CHEMBL3242256";"Displacement of FITC-geldanamycin from recombinant HSP90alpha (unknown origin) after 2 hrs by fluorescence polarization assay";"B";"BAO_0000357";"single protein format";"Homo sapiens";"None";"None";"None";"None";"";"";"";"CHEMBL3880";"Heat shock protein HSP 90-alpha";"Homo sapiens";"SINGLE PROTEIN";"CHEMBL3232825";"1";"Scientific Literature";"J Med Chem";"2014";"None";"";"";""
"CHEMBL3235345";"";"None";"434.58";"0";"3.73";"23";"CC(C)Nc1cc(-n2c3c(c4c2CC(C)(C)CC4=O)CCN(C)C3)cc2c1C(=O)NCC2";"Ki";"'='";"37.0";"nM";"7.43";"";"";"UO_0000065";"17.10";"0.32";"3.70";"11.20";"0";"CHEMBL3242256";"Displacement of FITC-geldanamycin from recombinant HSP90alpha (unknown origin) after 2 hrs by fluorescence polarization assay";"B";"BAO_0000357";"single protein format";"Homo sapiens";"None";"None";"None";"None";"";"";"";"CHEMBL3880";"Heat shock protein HSP 90-alpha";"Homo sapiens";"SINGLE PROTEIN";"CHEMBL3232825";"1";"Scientific Literature";"J Med Chem";"2014";"None";"";"";""
"CHEMBL3235350";"";"None";"433.60";"0";"4.10";"28";"CC(C)Cc1cc(-n2c3c(c4c2CC(C)(C)CC4=O)CCN(C)C3)cc2c1C(=O)NCC2";"Ki";"'='";"42.0";"nM";"7.38";"";"";"UO_0000065";"17.01";"0.31";"3.28";"13.58";"0";"CHEMBL3242256";"Displacement of FITC-geldanamycin from recombinant HSP90alpha (unknown origin) after 2 hrs by fluorescence polarization assay";"B";"BAO_0000357";"single protein format";"Homo sapiens";"None";"None";"None";"None";"";"";"";"CHEMBL3880";"Heat shock protein HSP 90-alpha";"Homo sapiens";"SINGLE PROTEIN";"CHEMBL3232825";"1";"Scientific Literature";"J Med Chem";"2014";"None";"";"";""
"CHEMBL4794716";"";"None";"304.31";"0";"-1.56";"28";"CNC(=O)[C@@]12C[C@@H]1[C@@H](n1cnc3c(N)ncnc31)[C@H](O)[C@@H]2O";"Ki";"'>'";"3000.0";"nM";"";"";"";"UO_0000065";"";"";"";"";"0";"CHEMBL4689557";"Displacement of FITC-geldanamycin from HSP90alpha (unknown origin) after 24 hrs by fluorescence polarization assay";"A";"BAO_0000357";"single protein format";"Homo sapiens";"None";"None";"None";"None";"";"";"";"CHEMBL3880";"Heat shock protein HSP 90-alpha";"Homo sapiens";"SINGLE PROTEIN";"CHEMBL4680372";"1";"Scientific Literature";"ACS Med Chem Lett";"2021";"None";"TIME = 24.0 hr";"";""
"CHEMBL1774918";"";"None";"488.38";"0";"3.89";"26";"Nc1nc2c(c(-c3c(Cl)cc(Cl)cc3OCCn3cccn3)n1)CN(C(=O)NC1CCC1)C2";"Ki";"'='";"7.0";"nM";"8.15";"";"";"UO_0000065";"16.70";"0.34";"4.26";"7.33";"0";"CHEMBL1777305";"Displacement of [3H]-(R)-2-(5-chloro-2,4-dihydroxybenzoyl)-N-ethylisoindoline-1-carboxamide from human his(6)-tagged HSP90alpha after 30 mins by scintillation proximity assay";"B";"BAO_0000357";"single protein format";"Homo sapiens";"None";"None";"None";"None";"";"";"";"CHEMBL3880";"Heat shock protein HSP 90-alpha";"Homo sapiens";"SINGLE PROTEIN";"CHEMBL1772974";"1";"Scientific Literature";"J Med Chem";"2011";"None";"";"";""
"CHEMBL1774914";"";"None";"452.34";"0";"3.37";"22";"Nc1nc2c(c(-c3c(Cl)cc(Cl)cc3OCCCO)n1)CN(C(=O)NC1CCC1)C2";"Ki";"'='";"190.0";"nM";"6.72";"";"";"UO_0000065";"14.86";"0.31";"3.35";"5.92";"0";"CHEMBL1777305";"Displacement of [3H]-(R)-2-(5-chloro-2,4-dihydroxybenzoyl)-N-ethylisoindoline-1-carboxamide from human his(6)-tagged HSP90alpha after 30 mins by scintillation proximity assay";"B";"BAO_0000357";"single protein format";"Homo sapiens";"None";"None";"None";"None";"";"";"";"CHEMBL3880";"Heat shock protein HSP 90-alpha";"Homo sapiens";"SINGLE PROTEIN";"CHEMBL1772974";"1";"Scientific Literature";"J Med Chem";"2011";"None";"";"";""
"CHEMBL583986";"";"None";"346.24";"0";"-1.90";"8";"Nc1ncnc2c1ncn2[C@@H]1O[C@H](COP(N)(=O)O)[C@@H](O)[C@H]1O";"Ki";"'>'";"3000.0";"nM";"";"";"";"UO_0000065";"";"";"";"";"0";"CHEMBL4689557";"Displacement of FITC-geldanamycin from HSP90alpha (unknown origin) after 24 hrs by fluorescence polarization assay";"A";"BAO_0000357";"single protein format";"Homo sapiens";"None";"None";"None";"None";"";"";"";"CHEMBL3880";"Heat shock protein HSP 90-alpha";"Homo sapiens";"SINGLE PROTEIN";"CHEMBL4680372";"1";"Scientific Literature";"ACS Med Chem Lett";"2021";"None";"TIME = 24.0 hr";"";""
"CHEMBL3732469";"";"None";"445.91";"1";"5.36";"37a";"Cc1cnc(Cl)nc1-c1ccc(N(Cc2ccccc2)C(=O)c2ccc(O)cc2O)cc1";"Ki";"'='";"6550.0";"nM";"5.18";"";"";"UO_0000065";"11.63";"0.22";"-0.18";"5.99";"0";"CHEMBL4008865";"Displacement of fluorescein-labelled VER160364 from HSP90A (unknown origin) after 90 mins by fluorescence polarization assay";"B";"BAO_0000357";"single protein format";"Homo sapiens";"None";"None";"None";"None";"";"";"";"CHEMBL3880";"Heat shock protein HSP 90-alpha";"Homo sapiens";"SINGLE PROTEIN";"CHEMBL4007418";"1";"Scientific Literature";"J Med Chem";"2017";"None";"";"";""
"CHEMBL1774911";"";"None";"499.40";"0";"4.63";"19";"Nc1nc2c(c(-c3c(Cl)cc(Cl)cc3OCCc3ccccn3)n1)CN(C(=O)NC1CCC1)C2";"Ki";"'='";"27.0";"nM";"7.57";"";"";"UO_0000065";"15.16";"0.30";"2.94";"7.12";"0";"CHEMBL1777305";"Displacement of [3H]-(R)-2-(5-chloro-2,4-dihydroxybenzoyl)-N-ethylisoindoline-1-carboxamide from human his(6)-tagged HSP90alpha after 30 mins by scintillation proximity assay";"B";"BAO_0000357";"single protein format";"Homo sapiens";"None";"None";"None";"None";"";"";"";"CHEMBL3880";"Heat shock protein HSP 90-alpha";"Homo sapiens";"SINGLE PROTEIN";"CHEMBL1772974";"1";"Scientific Literature";"J Med Chem";"2011";"None";"";"";""
"CHEMBL1774832";"";"None";"215.26";"0";"2.04";"7";"COc1ccccc1-c1cc(C)nc(N)n1";"Ki";"'='";"8300.0";"nM";"5.08";"";"";"UO_0000065";"23.60";"0.43";"3.04";"8.33";"0";"CHEMBL1777305";"Displacement of [3H]-(R)-2-(5-chloro-2,4-dihydroxybenzoyl)-N-ethylisoindoline-1-carboxamide from human his(6)-tagged HSP90alpha after 30 mins by scintillation proximity assay";"B";"BAO_0000357";"single protein format";"Homo sapiens";"None";"None";"None";"None";"";"";"";"CHEMBL3880";"Heat shock protein HSP 90-alpha";"Homo sapiens";"SINGLE PROTEIN";"CHEMBL1772974";"1";"Scientific Literature";"J Med Chem";"2011";"None";"";"";""
"CHEMBL4100504";"";"None";"409.87";"0";"4.50";"33c";"Cc1cnc(Cl)nc1-c1ccc2c(c1)CC[C@H](C)N2C(=O)c1ccc(O)cc1O";"Ki";"'='";"1980.0";"nM";"5.70";"";"";"UO_0000065";"13.91";"0.27";"1.20";"6.59";"0";"CHEMBL4008865";"Displacement of fluorescein-labelled VER160364 from HSP90A (unknown origin) after 90 mins by fluorescence polarization assay";"B";"BAO_0000357";"single protein format";"Homo sapiens";"None";"None";"None";"None";"";"";"";"CHEMBL3880";"Heat shock protein HSP 90-alpha";"Homo sapiens";"SINGLE PROTEIN";"CHEMBL4007418";"1";"Scientific Literature";"J Med Chem";"2017";"None";"";"";""
"CHEMBL3717621";"";"None";"451.94";"1";"5.40";"33d";"C[C@H]1CCc2cc(-c3nc(Cl)nc4ccsc34)ccc2N1C(=O)c1ccc(O)cc1O";"Ki";"'='";"1780.0";"nM";"5.75";"";"";"UO_0000065";"12.72";"0.25";"0.35";"6.64";"0";"CHEMBL4008865";"Displacement of fluorescein-labelled VER160364 from HSP90A (unknown origin) after 90 mins by fluorescence polarization assay";"B";"BAO_0000357";"single protein format";"Homo sapiens";"None";"None";"None";"None";"";"";"";"CHEMBL3880";"Heat shock protein HSP 90-alpha";"Homo sapiens";"SINGLE PROTEIN";"CHEMBL4007418";"1";"Scientific Literature";"J Med Chem";"2017";"None";"";"";""
"CHEMBL4061698";"";"None";"273.29";"0";"2.38";"8";"COc1ccc(N(C)C(=O)c2ccc(O)cc2O)cc1";"Ki";"'='";"1380.0";"nM";"5.86";"";"";"UO_0000065";"21.44";"0.40";"3.48";"8.37";"0";"CHEMBL4008865";"Displacement of fluorescein-labelled VER160364 from HSP90A (unknown origin) after 90 mins by fluorescence polarization assay";"B";"BAO_0000357";"single protein format";"Homo sapiens";"None";"None";"None";"None";"";"";"";"CHEMBL3880";"Heat shock protein HSP 90-alpha";"Homo sapiens";"SINGLE PROTEIN";"CHEMBL4007418";"1";"Scientific Literature";"J Med Chem";"2017";"None";"";"";""
"CHEMBL3717438";"";"None";"472.93";"1";"5.25";"39";"Cc1cnc(Cl)nc1-c1ccc2c(c1)CC[C@H](c1cccnc1)N2C(=O)c1ccc(O)cc1O";"Ki";"'>'";"50000.0";"nM";"";"";"";"UO_0000065";"";"";"";"";"0";"CHEMBL4008865";"Displacement of fluorescein-labelled VER160364 from HSP90A (unknown origin) after 90 mins by fluorescence polarization assay";"B";"BAO_0000357";"single protein format";"Homo sapiens";"None";"None";"None";"None";"";"";"";"CHEMBL3880";"Heat shock protein HSP 90-alpha";"Homo sapiens";"SINGLE PROTEIN";"CHEMBL4007418";"1";"Scientific Literature";"J Med Chem";"2017";"None";"";"";""
"CHEMBL3727577";"";"None";"552.97";"2";"5.24";"40";"Cc1cnc(Cl)nc1-c1ccc(N(Cc2ccc(CNC(=O)C(F)F)cc2)C(=O)c2ccc(O)cc2O)cc1";"Ki";"'>'";"100000.0";"nM";"";"";"";"UO_0000065";"";"";"";"";"0";"CHEMBL4008865";"Displacement of fluorescein-labelled VER160364 from HSP90A (unknown origin) after 90 mins by fluorescence polarization assay";"B";"BAO_0000357";"single protein format";"Homo sapiens";"None";"None";"None";"None";"";"";"";"CHEMBL3880";"Heat shock protein HSP 90-alpha";"Homo sapiens";"SINGLE PROTEIN";"CHEMBL4007418";"1";"Scientific Literature";"J Med Chem";"2017";"None";"";"";""
"CHEMBL3715843";"";"None";"301.32";"0";"3.22";"(S)-15";"C[C@H]1CCc2cc(F)ccc2N1C(=O)c1ccc(O)cc1O";"Ki";"'='";"3480.0";"nM";"5.46";"";"";"UO_0000065";"18.12";"0.34";"2.24";"8.98";"0";"CHEMBL4008865";"Displacement of fluorescein-labelled VER160364 from HSP90A (unknown origin) after 90 mins by fluorescence polarization assay";"B";"BAO_0000357";"single protein format";"Homo sapiens";"None";"None";"None";"None";"";"";"";"CHEMBL3880";"Heat shock protein HSP 90-alpha";"Homo sapiens";"SINGLE PROTEIN";"CHEMBL4007418";"1";"Scientific Literature";"J Med Chem";"2017";"None";"";"";""
"CHEMBL4063135";"";"None";"489.53";"0";"3.47";"16";"CN(C(=O)c1ccc(O)cc1O)c1ccc(C(=O)N2CCN(C(=O)OCc3ccccc3)CC2)cc1";"Ki";"";"";"";"";"";"Not Determined";"";"";"";"";"";"0";"CHEMBL4008865";"Displacement of fluorescein-labelled VER160364 from HSP90A (unknown origin) after 90 mins by fluorescence polarization assay";"B";"BAO_0000357";"single protein format";"Homo sapiens";"None";"None";"None";"None";"";"";"";"CHEMBL3880";"Heat shock protein HSP 90-alpha";"Homo sapiens";"SINGLE PROTEIN";"CHEMBL4007418";"1";"Scientific Literature";"J Med Chem";"2017";"None";"";"";""
"CHEMBL4097485";"";"None";"448.43";"0";"2.87";"17";"CN(C(=O)c1ccc(O)cc1O)c1ccc(C(=O)N2CC(C(=O)O)Oc3ccccc32)cc1";"Ki";"'='";"184.0";"nM";"6.74";"";"";"UO_0000065";"15.02";"0.28";"3.87";"5.28";"0";"CHEMBL4008865";"Displacement of fluorescein-labelled VER160364 from HSP90A (unknown origin) after 90 mins by fluorescence polarization assay";"B";"BAO_0000357";"single protein format";"Homo sapiens";"None";"None";"None";"None";"";"";"";"CHEMBL3880";"Heat shock protein HSP 90-alpha";"Homo sapiens";"SINGLE PROTEIN";"CHEMBL4007418";"1";"Scientific Literature";"J Med Chem";"2017";"None";"";"";""
"CHEMBL3730154";"";"None";"319.36";"0";"3.94";"18";"O=C(c1ccc(O)cc1O)N(Cc1ccccc1)c1ccccc1";"Ki";"";"";"";"";"";"Not Determined";"";"";"";"";"";"0";"CHEMBL4008865";"Displacement of fluorescein-labelled VER160364 from HSP90A (unknown origin) after 90 mins by fluorescence polarization assay";"B";"BAO_0000357";"single protein format";"Homo sapiens";"None";"None";"None";"None";"";"";"";"CHEMBL3880";"Heat shock protein HSP 90-alpha";"Homo sapiens";"SINGLE PROTEIN";"CHEMBL4007418";"1";"Scientific Literature";"J Med Chem";"2017";"None";"";"";""
"CHEMBL1236713";"";"None";"235.67";"0";"2.39";"6";"COc1ccccc1-c1cc(Cl)nc(N)n1";"Ki";"'='";"1200.0";"nM";"5.92";"";"";"UO_0000065";"25.12";"0.51";"3.53";"9.70";"0";"CHEMBL1777305";"Displacement of [3H]-(R)-2-(5-chloro-2,4-dihydroxybenzoyl)-N-ethylisoindoline-1-carboxamide from human his(6)-tagged HSP90alpha after 30 mins by scintillation proximity assay";"B";"BAO_0000357";"single protein format";"Homo sapiens";"None";"None";"None";"None";"";"";"";"CHEMBL3880";"Heat shock protein HSP 90-alpha";"Homo sapiens";"SINGLE PROTEIN";"CHEMBL1772974";"1";"Scientific Literature";"J Med Chem";"2011";"None";"";"";""
"CHEMBL560895";"SNX-2112";"-1.0";"464.49";"0";"3.86";"SNX2112";"CC1(C)CC(=O)c2c(C(F)(F)F)nn(-c3ccc(C(N)=O)c(N[C@H]4CC[C@H](O)CC4)c3)c2C1";"Ki";"'='";"4.0";"nM";"8.40";"";"";"UO_0000065";"18.08";"0.35";"4.54";"7.62";"0";"CHEMBL3106553";"Binding affinity to human N-terminal polyHis-tagged HSP90alpha (D9 to E236) alpha-helix conformation expressed in insect sf9 cells after 3 hrs by fluorescence polarization assay";"B";"BAO_0000219";"cell-based format";"Homo sapiens";"None";"None";"Sf9";"None";"";"";"";"CHEMBL3880";"Heat shock protein HSP 90-alpha";"Homo sapiens";"SINGLE PROTEIN";"CHEMBL3102709";"1";"Scientific Literature";"Bioorg Med Chem Lett";"2014";"CHEMBL3308860";"";"";""
"CHEMBL1774910";"";"None";"498.41";"1";"5.23";"18";"Nc1nc2c(c(-c3c(Cl)cc(Cl)cc3OCCc3ccccc3)n1)CN(C(=O)NC1CCC1)C2";"Ki";"'='";"7.0";"nM";"8.15";"";"";"UO_0000065";"16.36";"0.33";"2.92";"8.73";"0";"CHEMBL1777305";"Displacement of [3H]-(R)-2-(5-chloro-2,4-dihydroxybenzoyl)-N-ethylisoindoline-1-carboxamide from human his(6)-tagged HSP90alpha after 30 mins by scintillation proximity assay";"B";"BAO_0000357";"single protein format";"Homo sapiens";"None";"None";"None";"None";"";"";"";"CHEMBL3880";"Heat shock protein HSP 90-alpha";"Homo sapiens";"SINGLE PROTEIN";"CHEMBL1772974";"1";"Scientific Literature";"J Med Chem";"2011";"None";"";"";""
"CHEMBL1774913";"";"None";"489.41";"0";"4.93";"21";"CC(C)(C#N)CCOc1cc(Cl)cc(Cl)c1-c1nc(N)nc2c1CN(C(=O)NC1CCC1)C2";"Ki";"'='";"300.0";"nM";"6.52";"";"";"UO_0000065";"13.33";"0.27";"1.59";"5.57";"0";"CHEMBL1777305";"Displacement of [3H]-(R)-2-(5-chloro-2,4-dihydroxybenzoyl)-N-ethylisoindoline-1-carboxamide from human his(6)-tagged HSP90alpha after 30 mins by scintillation proximity assay";"B";"BAO_0000357";"single protein format";"Homo sapiens";"None";"None";"None";"None";"";"";"";"CHEMBL3880";"Heat shock protein HSP 90-alpha";"Homo sapiens";"SINGLE PROTEIN";"CHEMBL1772974";"1";"Scientific Literature";"J Med Chem";"2011";"None";"";"";""
"CHEMBL1774925";"";"None";"498.32";"0";"3.60";"33";"Nc1nc2c(c(-c3c(Cl)cc(Cl)cc3OCCn3cccn3)n1)CN(C(=O)NCC(F)F)C2";"Ki";"'='";"9.0";"nM";"8.05";"";"";"UO_0000065";"16.15";"0.33";"4.45";"7.24";"0";"CHEMBL1777305";"Displacement of [3H]-(R)-2-(5-chloro-2,4-dihydroxybenzoyl)-N-ethylisoindoline-1-carboxamide from human his(6)-tagged HSP90alpha after 30 mins by scintillation proximity assay";"B";"BAO_0000357";"single protein format";"Homo sapiens";"None";"None";"None";"None";"";"";"";"CHEMBL3880";"Heat shock protein HSP 90-alpha";"Homo sapiens";"SINGLE PROTEIN";"CHEMBL1772974";"1";"Scientific Literature";"J Med Chem";"2011";"None";"";"";""
"CHEMBL3235329";"";"None";"336.44";"0";"3.61";"7";"CC1(C)CC(=O)c2c3c(n(-c4ccc(C(N)=O)cc4)c2C1)CCCC3";"Ki";"'='";"3200.0";"nM";"5.50";"";"";"UO_0000065";"16.33";"0.30";"1.88";"8.44";"0";"CHEMBL3242256";"Displacement of FITC-geldanamycin from recombinant HSP90alpha (unknown origin) after 2 hrs by fluorescence polarization assay";"B";"BAO_0000357";"single protein format";"Homo sapiens";"None";"None";"None";"None";"";"";"";"CHEMBL3880";"Heat shock protein HSP 90-alpha";"Homo sapiens";"SINGLE PROTEIN";"CHEMBL3232825";"1";"Scientific Literature";"J Med Chem";"2014";"None";"";"";""
"CHEMBL3235349";"";"None";"419.57";"0";"4.06";"27";"CN1CCc2c3c(n(-c4ccc(C(N)=O)c(CCC5CC5)c4)c2C1)CC(C)(C)CC3=O";"Ki";"'='";"390.0";"nM";"6.41";"";"";"UO_0000065";"15.28";"0.28";"2.35";"9.38";"0";"CHEMBL3242256";"Displacement of FITC-geldanamycin from recombinant HSP90alpha (unknown origin) after 2 hrs by fluorescence polarization assay";"B";"BAO_0000357";"single protein format";"Homo sapiens";"None";"None";"None";"None";"";"";"";"CHEMBL3880";"Heat shock protein HSP 90-alpha";"Homo sapiens";"SINGLE PROTEIN";"CHEMBL3232825";"1";"Scientific Literature";"J Med Chem";"2014";"None";"";"";""
"CHEMBL3235351";"";"None";"421.54";"0";"3.81";"29";"CC1(C)CC(=O)c2c3c(n(-c4ccc(C(N)=O)c(N[C@H]5CCOC5)c4)c2C1)CCCC3";"Ki";"'='";"36.0";"nM";"7.44";"";"";"UO_0000065";"17.66";"0.33";"3.63";"8.62";"0";"CHEMBL3242256";"Displacement of FITC-geldanamycin from recombinant HSP90alpha (unknown origin) after 2 hrs by fluorescence polarization assay";"B";"BAO_0000357";"single protein format";"Homo sapiens";"None";"None";"None";"None";"";"";"";"CHEMBL3880";"Heat shock protein HSP 90-alpha";"Homo sapiens";"SINGLE PROTEIN";"CHEMBL3232825";"1";"Scientific Literature";"J Med Chem";"2014";"None";"";"";""
"CHEMBL383824";"ALVESPIMYCIN";"2.0";"616.76";"1";"1.91";"1c, DMAG";"CO[C@H]1/C=C\C=C(/C)C(=O)NC2=CC(=O)C(NCCN(C)C)=C(C[C@@H](C)C[C@H](OC)[C@H](O)[C@@H](C)/C=C(\C)[C@@H]1OC(N)=O)C2=O";"Ki";"'='";"680.0";"nM";"6.17";"";"";"UO_0000065";"10.00";"0.19";"4.26";"3.64";"0";"CHEMBL1777305";"Displacement of [3H]-(R)-2-(5-chloro-2,4-dihydroxybenzoyl)-N-ethylisoindoline-1-carboxamide from human his(6)-tagged HSP90alpha after 30 mins by scintillation proximity assay";"B";"BAO_0000357";"single protein format";"Homo sapiens";"None";"None";"None";"None";"";"";"";"CHEMBL3880";"Heat shock protein HSP 90-alpha";"Homo sapiens";"SINGLE PROTEIN";"CHEMBL1772974";"1";"Scientific Literature";"J Med Chem";"2011";"None";"";"";""
"CHEMBL252164";"LUMINESPIB";"2.0";"465.55";"0";"4.13";"AUY922";"CCNC(=O)c1noc(-c2cc(C(C)C)c(O)cc2O)c1-c1ccc(CN2CCOCC2)cc1";"Ki";"'='";"2.0";"nM";"8.70";"";"";"UO_0000065";"18.69";"0.35";"4.57";"8.05";"0";"CHEMBL3106552";"Binding affinity to human N-terminal polyHis-tagged HSP90alpha (D9 to E236) closed loop conformation expressed in insect sf9 cells after 3 hrs by fluorescence polarization assay";"B";"BAO_0000219";"cell-based format";"Homo sapiens";"None";"None";"Sf9";"None";"";"";"";"CHEMBL3880";"Heat shock protein HSP 90-alpha";"Homo sapiens";"SINGLE PROTEIN";"CHEMBL3102709";"1";"Scientific Literature";"Bioorg Med Chem Lett";"2014";"CHEMBL3308860";"";"";""
"CHEMBL467399";"BIIB021";"2.0";"318.77";"0";"2.13";"BIIB021";"COc1c(C)cnc(Cn2cnc3c(Cl)nc(N)nc32)c1C";"Ki";"'='";"2.0";"nM";"8.70";"";"";"UO_0000065";"27.29";"0.54";"6.57";"9.48";"0";"CHEMBL3106553";"Binding affinity to human N-terminal polyHis-tagged HSP90alpha (D9 to E236) alpha-helix conformation expressed in insect sf9 cells after 3 hrs by fluorescence polarization assay";"B";"BAO_0000219";"cell-based format";"Homo sapiens";"None";"None";"Sf9";"None";"";"";"";"CHEMBL3880";"Heat shock protein HSP 90-alpha";"Homo sapiens";"SINGLE PROTEIN";"CHEMBL3102709";"1";"Scientific Literature";"Bioorg Med Chem Lett";"2014";"CHEMBL3308860";"";"";""
"CHEMBL3235328";"";"None";"333.39";"0";"3.28";"6";"CC1(C)CC(=O)c2c(n(-c3ccc(C(N)=O)cc3)c3ncccc23)C1";"Ki";"'='";"2500.0";"nM";"5.60";"";"";"UO_0000065";"16.80";"0.31";"2.32";"7.18";"0";"CHEMBL3242256";"Displacement of FITC-geldanamycin from recombinant HSP90alpha (unknown origin) after 2 hrs by fluorescence polarization assay";"B";"BAO_0000357";"single protein format";"Homo sapiens";"None";"None";"None";"None";"";"";"";"CHEMBL3880";"Heat shock protein HSP 90-alpha";"Homo sapiens";"SINGLE PROTEIN";"CHEMBL3232825";"1";"Scientific Literature";"J Med Chem";"2014";"None";"";"";""
"CHEMBL3235331";"";"None";"367.49";"0";"2.96";"9";"CN1CCCC2C3=C(CC(C)(C)CC3=O)N(c3ccc(C(N)=O)cc3)C2C1";"Ki";"'>'";"10000.0";"nM";"";"";"";"UO_0000065";"";"";"";"";"0";"CHEMBL3242256";"Displacement of FITC-geldanamycin from recombinant HSP90alpha (unknown origin) after 2 hrs by fluorescence polarization assay";"B";"BAO_0000357";"single protein format";"Homo sapiens";"None";"None";"None";"None";"";"";"";"CHEMBL3880";"Heat shock protein HSP 90-alpha";"Homo sapiens";"SINGLE PROTEIN";"CHEMBL3232825";"1";"Scientific Literature";"J Med Chem";"2014";"None";"";"";""
"CHEMBL3235332";"";"None";"337.42";"0";"2.38";"10";"CC1(C)CC(=O)c2c3c(n(-c4ccc(C(N)=O)cc4)c2C1)CNCC3";"Ki";"'='";"1900.0";"nM";"5.72";"";"";"UO_0000065";"16.96";"0.31";"3.34";"7.42";"0";"CHEMBL3242256";"Displacement of FITC-geldanamycin from recombinant HSP90alpha (unknown origin) after 2 hrs by fluorescence polarization assay";"B";"BAO_0000357";"single protein format";"Homo sapiens";"None";"None";"None";"None";"";"";"";"CHEMBL3880";"Heat shock protein HSP 90-alpha";"Homo sapiens";"SINGLE PROTEIN";"CHEMBL3232825";"1";"Scientific Literature";"J Med Chem";"2014";"None";"";"";""
"CHEMBL3235334";"";"None";"436.56";"0";"2.92";"12";"CN1CCc2c3c(n(-c4ccc(C(N)=O)c(N[C@H]5CCOC5)c4)c2C1)CC(C)(C)CC3=O";"Ki";"'='";"42.0";"nM";"7.38";"";"";"UO_0000065";"16.90";"0.31";"4.46";"8.23";"0";"CHEMBL3242256";"Displacement of FITC-geldanamycin from recombinant HSP90alpha (unknown origin) after 2 hrs by fluorescence polarization assay";"B";"BAO_0000357";"single protein format";"Homo sapiens";"None";"None";"None";"None";"";"";"";"CHEMBL3880";"Heat shock protein HSP 90-alpha";"Homo sapiens";"SINGLE PROTEIN";"CHEMBL3232825";"1";"Scientific Literature";"J Med Chem";"2014";"None";"";"";""
"CHEMBL3235335";"";"None";"434.58";"0";"4.07";"13";"CN1CCc2c3c(n(-c4ccc(C(N)=O)c(NC5CCCC5)c4)c2C1)CC(C)(C)CC3=O";"Ki";"'='";"14.0";"nM";"7.85";"";"";"UO_0000065";"18.07";"0.34";"3.78";"9.77";"0";"CHEMBL3242256";"Displacement of FITC-geldanamycin from recombinant HSP90alpha (unknown origin) after 2 hrs by fluorescence polarization assay";"B";"BAO_0000357";"single protein format";"Homo sapiens";"None";"None";"None";"None";"";"";"";"CHEMBL3880";"Heat shock protein HSP 90-alpha";"Homo sapiens";"SINGLE PROTEIN";"CHEMBL3232825";"1";"Scientific Literature";"J Med Chem";"2014";"None";"";"";""
"CHEMBL3235342";"";"None";"450.58";"0";"3.17";"20";"CN1CCc2c3c(n(-c4ccc(C(N)=O)c(NCC5(C)COC5)c4)c2C1)CC(C)(C)CC3=O";"Ki";"'='";"28.0";"nM";"7.55";"";"";"UO_0000065";"16.76";"0.31";"4.38";"8.43";"0";"CHEMBL3242256";"Displacement of FITC-geldanamycin from recombinant HSP90alpha (unknown origin) after 2 hrs by fluorescence polarization assay";"B";"BAO_0000357";"single protein format";"Homo sapiens";"None";"None";"None";"None";"";"";"";"CHEMBL3880";"Heat shock protein HSP 90-alpha";"Homo sapiens";"SINGLE PROTEIN";"CHEMBL3232825";"1";"Scientific Literature";"J Med Chem";"2014";"None";"";"";""
"CHEMBL3235346";"";"None";"363.46";"0";"2.86";"24";"CN1CCc2c3c(n(-c4ccc5c(c4)CNC5=O)c2C1)CC(C)(C)CC3=O";"Ki";"'>'";"10000.0";"nM";"";"";"";"UO_0000065";"";"";"";"";"0";"CHEMBL3242256";"Displacement of FITC-geldanamycin from recombinant HSP90alpha (unknown origin) after 2 hrs by fluorescence polarization assay";"B";"BAO_0000357";"single protein format";"Homo sapiens";"None";"None";"None";"None";"";"";"";"CHEMBL3880";"Heat shock protein HSP 90-alpha";"Homo sapiens";"SINGLE PROTEIN";"CHEMBL3232825";"1";"Scientific Literature";"J Med Chem";"2014";"None";"";"";""
"CHEMBL3235352";"";"None";"378.52";"0";"4.43";"30";"Cc1cn(-c2cc3c(c(CC(C)C)c2)C(=O)NCC3)c2c1C(=O)CC(C)(C)C2";"Ki";"'='";"20.0";"nM";"7.70";"";"";"UO_0000065";"20.34";"0.38";"3.27";"15.07";"0";"CHEMBL3242256";"Displacement of FITC-geldanamycin from recombinant HSP90alpha (unknown origin) after 2 hrs by fluorescence polarization assay";"B";"BAO_0000357";"single protein format";"Homo sapiens";"None";"None";"None";"None";"";"";"";"CHEMBL3880";"Heat shock protein HSP 90-alpha";"Homo sapiens";"SINGLE PROTEIN";"CHEMBL3232825";"1";"Scientific Literature";"J Med Chem";"2014";"None";"";"";""
"CHEMBL3235363";"";"None";"428.53";"0";"4.90";"41";"COc1ccc(-c2cc(-n3cc(C)c4c3CC(C)(C)CC4=O)cc3c2C(=O)NCC3)cc1";"Ki";"'='";"40.0";"nM";"7.40";"";"";"UO_0000065";"17.26";"0.32";"2.50";"12.26";"0";"CHEMBL3242256";"Displacement of FITC-geldanamycin from recombinant HSP90alpha (unknown origin) after 2 hrs by fluorescence polarization assay";"B";"BAO_0000357";"single protein format";"Homo sapiens";"None";"None";"None";"None";"";"";"";"CHEMBL3880";"Heat shock protein HSP 90-alpha";"Homo sapiens";"SINGLE PROTEIN";"CHEMBL3232825";"1";"Scientific Literature";"J Med Chem";"2014";"None";"";"";""
"CHEMBL3401147";"";"None";"371.87";"0";"3.66";"22";"Cc1c2c(n3c1CCNc1cc(C(N)=O)c(Cl)cc1-3)CC(C)(C)CC2=O";"Ki";"'='";"150.0";"nM";"6.82";"";"";"UO_0000065";"18.35";"0.36";"3.16";"8.85";"0";"CHEMBL3404380";"Inhibition of FITC-GA binding to Hsp90alpha (unknown origin) ATPase site after 2 hrs by fluorescence polarization assay";"B";"BAO_0000357";"single protein format";"Homo sapiens";"None";"None";"None";"None";"";"";"";"CHEMBL3880";"Heat shock protein HSP 90-alpha";"Homo sapiens";"SINGLE PROTEIN";"CHEMBL3400101";"1";"Scientific Literature";"Bioorg Med Chem Lett";"2015";"None";"";"";""
"CHEMBL3401149";"";"None";"399.92";"0";"4.08";"24";"CCN1CCc2c(C)c3c(n2-c2cc(Cl)c(C(N)=O)cc21)CC(C)(C)CC3=O";"Ki";"'='";"213.0";"nM";"6.67";"";"";"UO_0000065";"16.68";"0.33";"2.59";"9.76";"0";"CHEMBL3404380";"Inhibition of FITC-GA binding to Hsp90alpha (unknown origin) ATPase site after 2 hrs by fluorescence polarization assay";"B";"BAO_0000357";"single protein format";"Homo sapiens";"None";"None";"None";"None";"";"";"";"CHEMBL3880";"Heat shock protein HSP 90-alpha";"Homo sapiens";"SINGLE PROTEIN";"CHEMBL3400101";"1";"Scientific Literature";"Bioorg Med Chem Lett";"2015";"None";"";"";""
"CHEMBL3401155";"";"None";"451.95";"0";"4.85";"29";"Cc1c2c(n3c1CCN(Cc1ccoc1)c1cc(C(N)=O)c(Cl)cc1-3)CC(C)(C)CC2=O";"Ki";"'='";"41.0";"nM";"7.39";"";"";"UO_0000065";"16.35";"0.32";"2.54";"9.07";"0";"CHEMBL3404380";"Inhibition of FITC-GA binding to Hsp90alpha (unknown origin) ATPase site after 2 hrs by fluorescence polarization assay";"B";"BAO_0000357";"single protein format";"Homo sapiens";"None";"None";"None";"None";"";"";"";"CHEMBL3880";"Heat shock protein HSP 90-alpha";"Homo sapiens";"SINGLE PROTEIN";"CHEMBL3400101";"1";"Scientific Literature";"Bioorg Med Chem Lett";"2015";"None";"";"";""
"CHEMBL3235333";"";"None";"454.55";"0";"3.06";"11";"CN1CCc2c3c(n(-c4cc(F)c(C(N)=O)c(N[C@H]5CCOC5)c4)c2C1)CC(C)(C)CC3=O";"Ki";"'='";"32.0";"nM";"7.50";"";"";"UO_0000065";"16.49";"0.31";"4.43";"8.37";"0";"CHEMBL3242256";"Displacement of FITC-geldanamycin from recombinant HSP90alpha (unknown origin) after 2 hrs by fluorescence polarization assay";"B";"BAO_0000357";"single protein format";"Homo sapiens";"None";"None";"None";"None";"";"";"";"CHEMBL3880";"Heat shock protein HSP 90-alpha";"Homo sapiens";"SINGLE PROTEIN";"CHEMBL3232825";"1";"Scientific Literature";"J Med Chem";"2014";"None";"";"";""
"CHEMBL3235353";"";"None";"390.53";"0";"4.88";"31";"Cc1cn(-c2cc3c(c(C4CCCC4)c2)C(=O)NCC3)c2c1C(=O)CC(C)(C)C2";"Ki";"'='";"5.0";"nM";"8.30";"";"";"UO_0000065";"21.26";"0.39";"3.42";"16.24";"0";"CHEMBL3242256";"Displacement of FITC-geldanamycin from recombinant HSP90alpha (unknown origin) after 2 hrs by fluorescence polarization assay";"B";"BAO_0000357";"single protein format";"Homo sapiens";"None";"None";"None";"None";"";"";"";"CHEMBL3880";"Heat shock protein HSP 90-alpha";"Homo sapiens";"SINGLE PROTEIN";"CHEMBL3232825";"1";"Scientific Literature";"J Med Chem";"2014";"None";"";"";""
"CHEMBL3235357";"";"None";"378.52";"0";"4.57";"35";"CCCCc1cc(-n2cc(C)c3c2CC(C)(C)CC3=O)cc2c1C(=O)NCC2";"Ki";"'='";"56.0";"nM";"7.25";"";"";"UO_0000065";"19.16";"0.35";"2.68";"14.19";"0";"CHEMBL3242256";"Displacement of FITC-geldanamycin from recombinant HSP90alpha (unknown origin) after 2 hrs by fluorescence polarization assay";"B";"BAO_0000357";"single protein format";"Homo sapiens";"None";"None";"None";"None";"";"";"";"CHEMBL3880";"Heat shock protein HSP 90-alpha";"Homo sapiens";"SINGLE PROTEIN";"CHEMBL3232825";"1";"Scientific Literature";"J Med Chem";"2014";"None";"";"";""
"CHEMBL3235341";"";"None";"430.50";"0";"3.40";"19";"CN1CCc2c3c(n(-c4ccc(C(N)=O)c(NCC(F)F)c4)c2C1)CC(C)(C)CC3=O";"Ki";"'='";"28.0";"nM";"7.55";"";"";"UO_0000065";"17.54";"0.33";"4.15";"9.40";"0";"CHEMBL3242256";"Displacement of FITC-geldanamycin from recombinant HSP90alpha (unknown origin) after 2 hrs by fluorescence polarization assay";"B";"BAO_0000357";"single protein format";"Homo sapiens";"None";"None";"None";"None";"";"";"";"CHEMBL3880";"Heat shock protein HSP 90-alpha";"Homo sapiens";"SINGLE PROTEIN";"CHEMBL3232825";"1";"Scientific Literature";"J Med Chem";"2014";"None";"";"";""
"CHEMBL3235361";"";"None";"416.50";"1";"5.03";"39";"Cc1cn(-c2cc3c(c(-c4ccc(F)cc4)c2)C(=O)NCC3)c2c1C(=O)CC(C)(C)C2";"Ki";"'='";"10.0";"nM";"8.00";"";"";"UO_0000065";"19.21";"0.35";"2.97";"15.66";"0";"CHEMBL3242256";"Displacement of FITC-geldanamycin from recombinant HSP90alpha (unknown origin) after 2 hrs by fluorescence polarization assay";"B";"BAO_0000357";"single protein format";"Homo sapiens";"None";"None";"None";"None";"";"";"";"CHEMBL3880";"Heat shock protein HSP 90-alpha";"Homo sapiens";"SINGLE PROTEIN";"CHEMBL3232825";"1";"Scientific Literature";"J Med Chem";"2014";"None";"";"";""
"CHEMBL3401158";"";"None";"296.37";"0";"3.04";"5";"Cc1cn(-c2ccc(C(N)=O)cc2)c2c1C(=O)CC(C)(C)C2";"Ki";"'='";"235.0";"nM";"6.63";"";"";"UO_0000065";"22.37";"0.41";"3.59";"10.18";"0";"CHEMBL3404380";"Inhibition of FITC-GA binding to Hsp90alpha (unknown origin) ATPase site after 2 hrs by fluorescence polarization assay";"B";"BAO_0000357";"single protein format";"Homo sapiens";"None";"None";"None";"None";"";"";"";"CHEMBL3880";"Heat shock protein HSP 90-alpha";"Homo sapiens";"SINGLE PROTEIN";"CHEMBL3400101";"1";"Scientific Literature";"Bioorg Med Chem Lett";"2015";"None";"";"";""
"CHEMBL1774908";"";"None";"490.31";"0";"4.94";"15";"Nc1nc2c(c(-c3c(Cl)cc(Cl)cc3OCCCC(F)(F)F)n1)CN(C(=O)NC1CC1)C2";"Ki";"'='";"18.0";"nM";"7.75";"";"";"UO_0000065";"15.80";"0.33";"2.80";"8.29";"0";"CHEMBL1777305";"Displacement of [3H]-(R)-2-(5-chloro-2,4-dihydroxybenzoyl)-N-ethylisoindoline-1-carboxamide from human his(6)-tagged HSP90alpha after 30 mins by scintillation proximity assay";"B";"BAO_0000357";"single protein format";"Homo sapiens";"None";"None";"None";"None";"";"";"";"CHEMBL3880";"Heat shock protein HSP 90-alpha";"Homo sapiens";"SINGLE PROTEIN";"CHEMBL1772974";"1";"Scientific Literature";"J Med Chem";"2011";"None";"";"";""
"CHEMBL1738803";"";"None";"504.34";"2";"5.33";"16";"Nc1nc2c(c(-c3c(Cl)cc(Cl)cc3OCCCC(F)(F)F)n1)CN(C(=O)NC1CCC1)C2";"Ki";"'='";"7.0";"nM";"8.15";"";"";"UO_0000065";"16.17";"0.34";"2.82";"8.73";"0";"CHEMBL1777305";"Displacement of [3H]-(R)-2-(5-chloro-2,4-dihydroxybenzoyl)-N-ethylisoindoline-1-carboxamide from human his(6)-tagged HSP90alpha after 30 mins by scintillation proximity assay";"B";"BAO_0000357";"single protein format";"Homo sapiens";"None";"None";"None";"None";"";"";"";"CHEMBL3880";"Heat shock protein HSP 90-alpha";"Homo sapiens";"SINGLE PROTEIN";"CHEMBL1772974";"1";"Scientific Literature";"J Med Chem";"2011";"None";"";"";""
"CHEMBL1774924";"";"None";"500.39";"1";"3.89";"32";"Nc1nc2c(c(-c3c(Cl)cc(Cl)cc3OCCn3cccn3)n1)CN(C(=O)NC13CC(C1)C3)C2";"Ki";"'='";"6.0";"nM";"8.22";"";"";"UO_0000065";"16.43";"0.33";"4.33";"7.39";"0";"CHEMBL1777305";"Displacement of [3H]-(R)-2-(5-chloro-2,4-dihydroxybenzoyl)-N-ethylisoindoline-1-carboxamide from human his(6)-tagged HSP90alpha after 30 mins by scintillation proximity assay";"B";"BAO_0000357";"single protein format";"Homo sapiens";"None";"None";"None";"None";"";"";"";"CHEMBL3880";"Heat shock protein HSP 90-alpha";"Homo sapiens";"SINGLE PROTEIN";"CHEMBL1772974";"1";"Scientific Literature";"J Med Chem";"2011";"None";"";"";""
"CHEMBL467399";"BIIB021";"2.0";"318.77";"0";"2.13";"6, BIIB021";"COc1c(C)cnc(Cn2cnc3c(Cl)nc(N)nc32)c1C";"Ki";"'='";"1.7";"nM";"8.77";"";"";"UO_0000065";"27.51";"0.54";"6.64";"9.56";"0";"CHEMBL1100282";"Inhibition of HSP90alpha";"B";"BAO_0000357";"single protein format";"None";"None";"None";"None";"None";"";"";"";"CHEMBL3880";"Heat shock protein HSP 90-alpha";"Homo sapiens";"SINGLE PROTEIN";"CHEMBL1154885";"1";"Scientific Literature";"J Med Chem";"2010";"None";"";"";""
"CHEMBL3235347";"";"None";"377.49";"0";"2.91";"25";"CN1CCc2c3c(n(-c4ccc5c(c4)CCNC5=O)c2C1)CC(C)(C)CC3=O";"Ki";"'='";"680.0";"nM";"6.17";"";"";"UO_0000065";"16.34";"0.30";"3.26";"11.35";"0";"CHEMBL3242256";"Displacement of FITC-geldanamycin from recombinant HSP90alpha (unknown origin) after 2 hrs by fluorescence polarization assay";"B";"BAO_0000357";"single protein format";"Homo sapiens";"None";"None";"None";"None";"";"";"";"CHEMBL3880";"Heat shock protein HSP 90-alpha";"Homo sapiens";"SINGLE PROTEIN";"CHEMBL3232825";"1";"Scientific Literature";"J Med Chem";"2014";"None";"";"";""
"CHEMBL1774906";"";"None";"503.31";"1";"4.69";"13";"N#CCCNC(=O)N1Cc2nc(N)nc(-c3c(Cl)cc(Cl)cc3OCCCC(F)(F)F)c2C1";"Ki";"'='";"38.0";"nM";"7.42";"";"";"UO_0000065";"14.74";"0.31";"2.73";"6.33";"0";"CHEMBL1777305";"Displacement of [3H]-(R)-2-(5-chloro-2,4-dihydroxybenzoyl)-N-ethylisoindoline-1-carboxamide from human his(6)-tagged HSP90alpha after 30 mins by scintillation proximity assay";"B";"BAO_0000357";"single protein format";"Homo sapiens";"None";"None";"None";"None";"";"";"";"CHEMBL3880";"Heat shock protein HSP 90-alpha";"Homo sapiens";"SINGLE PROTEIN";"CHEMBL1772974";"1";"Scientific Literature";"J Med Chem";"2011";"None";"";"";""
"CHEMBL3715902";"";"None";"434.88";"0";"4.67";"33b";"C[C@H]1CCc2cc(-c3nc(Cl)nc4[nH]ccc34)ccc2N1C(=O)c1ccc(O)cc1O";"Ki";"'>'";"50000.0";"nM";"";"";"";"UO_0000065";"";"";"";"";"0";"CHEMBL4008865";"Displacement of fluorescein-labelled VER160364 from HSP90A (unknown origin) after 90 mins by fluorescence polarization assay";"B";"BAO_0000357";"single protein format";"Homo sapiens";"None";"None";"None";"None";"";"";"";"CHEMBL3880";"Heat shock protein HSP 90-alpha";"Homo sapiens";"SINGLE PROTEIN";"CHEMBL4007418";"1";"Scientific Literature";"J Med Chem";"2017";"None";"";"";""
"CHEMBL3086710";"";"None";"250.69";"0";"2.52";"3b";"Cc1cccc(C)c1Oc1nc(N)nc(Cl)n1";"Ki";"'='";"2800.0";"nM";"5.55";"";"";"UO_0000065";"22.15";"0.45";"3.03";"7.51";"0";"CHEMBL3089448";"Inhibition of recombinant human Hsp90alpha ATP-binding pocket of N-terminal domain after 4 hrs by fluorescence polarization assay";"B";"BAO_0000357";"single protein format";"Homo sapiens";"None";"None";"None";"None";"";"";"";"CHEMBL3880";"Heat shock protein HSP 90-alpha";"Homo sapiens";"SINGLE PROTEIN";"CHEMBL3085689";"1";"Scientific Literature";"Bioorg Med Chem Lett";"2013";"None";"";"";""
"CHEMBL1738805";"";"None";"512.35";"1";"3.99";"35";"CC(F)(F)CNC(=O)N1Cc2nc(N)nc(-c3c(Cl)cc(Cl)cc3OCCn3cccn3)c2C1";"Ki";"'='";"11.0";"nM";"7.96";"";"";"UO_0000065";"15.53";"0.32";"3.97";"7.16";"0";"CHEMBL1777305";"Displacement of [3H]-(R)-2-(5-chloro-2,4-dihydroxybenzoyl)-N-ethylisoindoline-1-carboxamide from human his(6)-tagged HSP90alpha after 30 mins by scintillation proximity assay";"B";"BAO_0000357";"single protein format";"Homo sapiens";"None";"None";"None";"None";"";"";"";"CHEMBL3880";"Heat shock protein HSP 90-alpha";"Homo sapiens";"SINGLE PROTEIN";"CHEMBL1772974";"1";"Scientific Literature";"J Med Chem";"2011";"None";"";"";""
"CHEMBL1774905";"";"None";"478.30";"0";"4.80";"12";"CCNC(=O)N1Cc2nc(N)nc(-c3c(Cl)cc(Cl)cc3OCCCC(F)(F)F)c2C1";"Ki";"'='";"26.0";"nM";"7.58";"";"";"UO_0000065";"15.86";"0.33";"2.79";"8.12";"0";"CHEMBL1777305";"Displacement of [3H]-(R)-2-(5-chloro-2,4-dihydroxybenzoyl)-N-ethylisoindoline-1-carboxamide from human his(6)-tagged HSP90alpha after 30 mins by scintillation proximity assay";"B";"BAO_0000357";"single protein format";"Homo sapiens";"None";"None";"None";"None";"";"";"";"CHEMBL3880";"Heat shock protein HSP 90-alpha";"Homo sapiens";"SINGLE PROTEIN";"CHEMBL1772974";"1";"Scientific Literature";"J Med Chem";"2011";"None";"";"";""
"CHEMBL3235326";"";"None";"333.39";"0";"3.28";"4";"CC1(C)CC(=O)c2c(n(-c3ccc(C(N)=O)cc3)c3cccnc23)C1";"Ki";"'>'";"10000.0";"nM";"";"";"";"UO_0000065";"";"";"";"";"0";"CHEMBL3242256";"Displacement of FITC-geldanamycin from recombinant HSP90alpha (unknown origin) after 2 hrs by fluorescence polarization assay";"B";"BAO_0000357";"single protein format";"Homo sapiens";"None";"None";"None";"None";"";"";"";"CHEMBL3880";"Heat shock protein HSP 90-alpha";"Homo sapiens";"SINGLE PROTEIN";"CHEMBL3232825";"1";"Scientific Literature";"J Med Chem";"2014";"None";"";"";""
"CHEMBL3235336";"";"None";"420.56";"0";"3.54";"14";"CN1CCc2c3c(n(-c4ccc(C(N)=O)c(NCC5CC5)c4)c2C1)CC(C)(C)CC3=O";"Ki";"'='";"17.0";"nM";"7.77";"";"";"UO_0000065";"18.47";"0.34";"4.23";"9.67";"0";"CHEMBL3242256";"Displacement of FITC-geldanamycin from recombinant HSP90alpha (unknown origin) after 2 hrs by fluorescence polarization assay";"B";"BAO_0000357";"single protein format";"Homo sapiens";"None";"None";"None";"None";"";"";"";"CHEMBL3880";"Heat shock protein HSP 90-alpha";"Homo sapiens";"SINGLE PROTEIN";"CHEMBL3232825";"1";"Scientific Literature";"J Med Chem";"2014";"None";"";"";""
"CHEMBL3401151";"";"None";"427.98";"0";"4.71";"25";"Cc1c2c(n3c1CCN(CC(C)C)c1cc(C(N)=O)c(Cl)cc1-3)CC(C)(C)CC2=O";"Ki";"'='";"33.0";"nM";"7.48";"";"";"UO_0000065";"17.48";"0.34";"2.77";"10.95";"0";"CHEMBL3404380";"Inhibition of FITC-GA binding to Hsp90alpha (unknown origin) ATPase site after 2 hrs by fluorescence polarization assay";"B";"BAO_0000357";"single protein format";"Homo sapiens";"None";"None";"None";"None";"";"";"";"CHEMBL3880";"Heat shock protein HSP 90-alpha";"Homo sapiens";"SINGLE PROTEIN";"CHEMBL3400101";"1";"Scientific Literature";"Bioorg Med Chem Lett";"2015";"None";"";"";""
"CHEMBL1774917";"";"None";"465.39";"0";"3.60";"25";"CCNCCOc1cc(Cl)cc(Cl)c1-c1nc(N)nc2c1CN(C(=O)NC1CCC1)C2";"Ki";"'='";"250.0";"nM";"6.60";"";"";"UO_0000065";"14.19";"0.29";"3.00";"6.26";"0";"CHEMBL1777305";"Displacement of [3H]-(R)-2-(5-chloro-2,4-dihydroxybenzoyl)-N-ethylisoindoline-1-carboxamide from human his(6)-tagged HSP90alpha after 30 mins by scintillation proximity assay";"B";"BAO_0000357";"single protein format";"Homo sapiens";"None";"None";"None";"None";"";"";"";"CHEMBL3880";"Heat shock protein HSP 90-alpha";"Homo sapiens";"SINGLE PROTEIN";"CHEMBL1772974";"1";"Scientific Literature";"J Med Chem";"2011";"None";"";"";""
"CHEMBL1774922";"";"None";"474.35";"0";"3.50";"30";"Nc1nc2c(c(-c3c(Cl)cc(Cl)cc3OCCn3cccn3)n1)CN(C(=O)NC1CC1)C2";"Ki";"'='";"12.0";"nM";"7.92";"";"";"UO_0000065";"16.70";"0.34";"4.42";"7.12";"0";"CHEMBL1777305";"Displacement of [3H]-(R)-2-(5-chloro-2,4-dihydroxybenzoyl)-N-ethylisoindoline-1-carboxamide from human his(6)-tagged HSP90alpha after 30 mins by scintillation proximity assay";"B";"BAO_0000357";"single protein format";"Homo sapiens";"None";"None";"None";"None";"";"";"";"CHEMBL3880";"Heat shock protein HSP 90-alpha";"Homo sapiens";"SINGLE PROTEIN";"CHEMBL1772974";"1";"Scientific Literature";"J Med Chem";"2011";"None";"";"";""
"CHEMBL1774907";"";"None";"492.33";"1";"5.19";"14";"CC(C)NC(=O)N1Cc2nc(N)nc(-c3c(Cl)cc(Cl)cc3OCCCC(F)(F)F)c2C1";"Ki";"'='";"21.0";"nM";"7.68";"";"";"UO_0000065";"15.59";"0.33";"2.49";"8.22";"0";"CHEMBL1777305";"Displacement of [3H]-(R)-2-(5-chloro-2,4-dihydroxybenzoyl)-N-ethylisoindoline-1-carboxamide from human his(6)-tagged HSP90alpha after 30 mins by scintillation proximity assay";"B";"BAO_0000357";"single protein format";"Homo sapiens";"None";"None";"None";"None";"";"";"";"CHEMBL3880";"Heat shock protein HSP 90-alpha";"Homo sapiens";"SINGLE PROTEIN";"CHEMBL1772974";"1";"Scientific Literature";"J Med Chem";"2011";"None";"";"";""
"CHEMBL1774919";"";"None";"434.29";"0";"2.70";"27";"NC(=O)N1Cc2nc(N)nc(-c3c(Cl)cc(Cl)cc3OCCn3cccn3)c2C1";"Ki";"'='";"35.0";"nM";"7.46";"";"";"UO_0000065";"17.17";"0.35";"4.76";"5.96";"0";"CHEMBL1777305";"Displacement of [3H]-(R)-2-(5-chloro-2,4-dihydroxybenzoyl)-N-ethylisoindoline-1-carboxamide from human his(6)-tagged HSP90alpha after 30 mins by scintillation proximity assay";"B";"BAO_0000357";"single protein format";"Homo sapiens";"None";"None";"None";"None";"";"";"";"CHEMBL3880";"Heat shock protein HSP 90-alpha";"Homo sapiens";"SINGLE PROTEIN";"CHEMBL1772974";"1";"Scientific Literature";"J Med Chem";"2011";"None";"";"";""
"CHEMBL1774921";"";"None";"462.34";"0";"3.35";"29";"CCNC(=O)N1Cc2nc(N)nc(-c3c(Cl)cc(Cl)cc3OCCn3cccn3)c2C1";"Ki";"'='";"13.0";"nM";"7.89";"";"";"UO_0000065";"17.06";"0.35";"4.54";"7.09";"0";"CHEMBL1777305";"Displacement of [3H]-(R)-2-(5-chloro-2,4-dihydroxybenzoyl)-N-ethylisoindoline-1-carboxamide from human his(6)-tagged HSP90alpha after 30 mins by scintillation proximity assay";"B";"BAO_0000357";"single protein format";"Homo sapiens";"None";"None";"None";"None";"";"";"";"CHEMBL3880";"Heat shock protein HSP 90-alpha";"Homo sapiens";"SINGLE PROTEIN";"CHEMBL1772974";"1";"Scientific Literature";"J Med Chem";"2011";"None";"";"";""
"CHEMBL4749696";"";"None";"344.28";"0";"-1.59";"20";"Nc1ncnc2c1ncn2[C@@H]1O[C@H](C(=O)NCC(F)F)[C@@H](O)[C@H]1O";"Ki";"'>'";"3000.0";"nM";"";"";"";"UO_0000065";"";"";"";"";"0";"CHEMBL4689557";"Displacement of FITC-geldanamycin from HSP90alpha (unknown origin) after 24 hrs by fluorescence polarization assay";"A";"BAO_0000357";"single protein format";"Homo sapiens";"None";"None";"None";"None";"";"";"";"CHEMBL3880";"Heat shock protein HSP 90-alpha";"Homo sapiens";"SINGLE PROTEIN";"CHEMBL4680372";"1";"Scientific Literature";"ACS Med Chem Lett";"2021";"None";"TIME = 24.0 hr";"";""
"CHEMBL4753229";"";"None";"323.31";"0";"-2.25";"26";"CCNC(=O)[C@H]1O[C@@H](n2cnc3c(N)nc(N)nc32)[C@H](O)[C@@H]1O";"Ki";"'>'";"3000.0";"nM";"";"";"";"UO_0000065";"";"";"";"";"0";"CHEMBL4689557";"Displacement of FITC-geldanamycin from HSP90alpha (unknown origin) after 24 hrs by fluorescence polarization assay";"A";"BAO_0000357";"single protein format";"Homo sapiens";"None";"None";"None";"None";"";"";"";"CHEMBL3880";"Heat shock protein HSP 90-alpha";"Homo sapiens";"SINGLE PROTEIN";"CHEMBL4680372";"1";"Scientific Literature";"ACS Med Chem Lett";"2021";"None";"TIME = 24.0 hr";"";""
"CHEMBL4757309";"";"None";"388.76";"0";"-0.27";"31";"Nc1nc(Cl)nc2c1ncn2[C@H]1[C@H](O)[C@H](O)[C@]2(C(=O)NCC(F)F)C[C@H]12";"Ki";"'>'";"3000.0";"nM";"";"";"";"UO_0000065";"";"";"";"";"0";"CHEMBL4689557";"Displacement of FITC-geldanamycin from HSP90alpha (unknown origin) after 24 hrs by fluorescence polarization assay";"A";"BAO_0000357";"single protein format";"Homo sapiens";"None";"None";"None";"None";"";"";"";"CHEMBL3880";"Heat shock protein HSP 90-alpha";"Homo sapiens";"SINGLE PROTEIN";"CHEMBL4680372";"1";"Scientific Literature";"ACS Med Chem Lett";"2021";"None";"TIME = 24.0 hr";"";""
"CHEMBL4778706";"";"None";"350.35";"0";"-0.83";"36";"Nc1ncnc2c1ncn2[C@H]1[C@H](O)[C@H](O)[C@]2(C(=O)NCCCF)C[C@H]12";"Ki";"'>'";"3000.0";"nM";"";"";"";"UO_0000065";"";"";"";"";"0";"CHEMBL4689557";"Displacement of FITC-geldanamycin from HSP90alpha (unknown origin) after 24 hrs by fluorescence polarization assay";"A";"BAO_0000357";"single protein format";"Homo sapiens";"None";"None";"None";"None";"";"";"";"CHEMBL3880";"Heat shock protein HSP 90-alpha";"Homo sapiens";"SINGLE PROTEIN";"CHEMBL4680372";"1";"Scientific Literature";"ACS Med Chem Lett";"2021";"None";"TIME = 24.0 hr";"";""
"CHEMBL3401148";"";"None";"385.89";"0";"3.69";"23";"Cc1c2c(n3c1CCN(C)c1cc(C(N)=O)c(Cl)cc1-3)CC(C)(C)CC2=O";"Ki";"'='";"64.0";"nM";"7.19";"";"";"UO_0000065";"18.64";"0.36";"3.50";"10.53";"0";"CHEMBL3404380";"Inhibition of FITC-GA binding to Hsp90alpha (unknown origin) ATPase site after 2 hrs by fluorescence polarization assay";"B";"BAO_0000357";"single protein format";"Homo sapiens";"None";"None";"None";"None";"";"";"";"CHEMBL3880";"Heat shock protein HSP 90-alpha";"Homo sapiens";"SINGLE PROTEIN";"CHEMBL3400101";"1";"Scientific Literature";"Bioorg Med Chem Lett";"2015";"None";"";"";""
"CHEMBL1774926";"";"None";"516.31";"1";"3.90";"34";"Nc1nc2c(c(-c3c(Cl)cc(Cl)cc3OCCn3cccn3)n1)CN(C(=O)NCC(F)(F)F)C2";"Ki";"'='";"7.0";"nM";"8.15";"";"";"UO_0000065";"15.79";"0.33";"4.25";"7.33";"0";"CHEMBL1777305";"Displacement of [3H]-(R)-2-(5-chloro-2,4-dihydroxybenzoyl)-N-ethylisoindoline-1-carboxamide from human his(6)-tagged HSP90alpha after 30 mins by scintillation proximity assay";"B";"BAO_0000357";"single protein format";"Homo sapiens";"None";"None";"None";"None";"";"";"";"CHEMBL3880";"Heat shock protein HSP 90-alpha";"Homo sapiens";"SINGLE PROTEIN";"CHEMBL1772974";"1";"Scientific Literature";"J Med Chem";"2011";"None";"";"";""
"CHEMBL1230584";"";"None";"413.91";"0";"3.25";"40, EC144";"COc1c(C)cnc(Cn2cc(C#CCC(C)(C)O)c3c(Cl)nc(N)nc32)c1C";"Ki";"'='";"0.2";"nM";"9.70";"";"";"UO_0000065";"23.43";"0.46";"6.45";"9.79";"0";"CHEMBL2212644";"Binding affinity at recombinant Hsp90alpha incubated for 16 hrs by fluorescence polarization competition assay";"B";"BAO_0000357";"single protein format";"None";"None";"None";"None";"None";"";"";"";"CHEMBL3880";"Heat shock protein HSP 90-alpha";"Homo sapiens";"SINGLE PROTEIN";"CHEMBL2203093";"1";"Scientific Literature";"J Med Chem";"2012";"None";"";"";""
"CHEMBL109480";"TANESPIMYCIN";"3.0";"585.70";"1";"2.54";"3, 17-AAG, KOS953, CNF-1010";"C=CCNC1=C2C[C@@H](C)C[C@H](OC)[C@H](O)[C@@H](C)/C=C(\C)[C@H](OC(N)=O)[C@@H](OC)/C=C\C=C(/C)C(=O)NC(=CC1=O)C2=O";"Ki";"'='";"4.6";"nM";"8.34";"";"";"UO_0000065";"14.23";"0.27";"5.80";"5.01";"0";"CHEMBL1100282";"Inhibition of HSP90alpha";"B";"BAO_0000357";"single protein format";"None";"None";"None";"None";"None";"";"";"";"CHEMBL3880";"Heat shock protein HSP 90-alpha";"Homo sapiens";"SINGLE PROTEIN";"CHEMBL1154885";"1";"Scientific Literature";"J Med Chem";"2010";"None";"";"";""
"CHEMBL3235358";"";"None";"378.52";"0";"4.52";"36";"Cc1cn(-c2cc3c(c(C(C)(C)C)c2)C(=O)NCC3)c2c1C(=O)CC(C)(C)C2";"Ki";"'='";"180.0";"nM";"6.75";"";"";"UO_0000065";"17.82";"0.33";"2.22";"13.20";"0";"CHEMBL3242256";"Displacement of FITC-geldanamycin from recombinant HSP90alpha (unknown origin) after 2 hrs by fluorescence polarization assay";"B";"BAO_0000357";"single protein format";"Homo sapiens";"None";"None";"None";"None";"";"";"";"CHEMBL3880";"Heat shock protein HSP 90-alpha";"Homo sapiens";"SINGLE PROTEIN";"CHEMBL3232825";"1";"Scientific Literature";"J Med Chem";"2014";"None";"";"";""
"CHEMBL3235339";"";"None";"408.55";"0";"3.54";"17";"CCCNc1cc(-n2c3c(c4c2CC(C)(C)CC4=O)CCN(C)C3)ccc1C(N)=O";"Ki";"'='";"22.0";"nM";"7.66";"";"";"UO_0000065";"18.74";"0.35";"4.12";"9.53";"0";"CHEMBL3242256";"Displacement of FITC-geldanamycin from recombinant HSP90alpha (unknown origin) after 2 hrs by fluorescence polarization assay";"B";"BAO_0000357";"single protein format";"Homo sapiens";"None";"None";"None";"None";"";"";"";"CHEMBL3880";"Heat shock protein HSP 90-alpha";"Homo sapiens";"SINGLE PROTEIN";"CHEMBL3232825";"1";"Scientific Literature";"J Med Chem";"2014";"None";"";"";""
"CHEMBL3235354";"";"None";"404.55";"1";"5.27";"32";"Cc1cn(-c2cc3c(c(C4CCCCC4)c2)C(=O)NCC3)c2c1C(=O)CC(C)(C)C2";"Ki";"'='";"6.0";"nM";"8.22";"";"";"UO_0000065";"20.32";"0.37";"2.95";"16.09";"0";"CHEMBL3242256";"Displacement of FITC-geldanamycin from recombinant HSP90alpha (unknown origin) after 2 hrs by fluorescence polarization assay";"B";"BAO_0000357";"single protein format";"Homo sapiens";"None";"None";"None";"None";"";"";"";"CHEMBL3880";"Heat shock protein HSP 90-alpha";"Homo sapiens";"SINGLE PROTEIN";"CHEMBL3232825";"1";"Scientific Literature";"J Med Chem";"2014";"None";"";"";""
"CHEMBL3401156";"";"None";"410.91";"0";"3.58";"30";"Cc1c2c(n3c1CCN(CC#N)c1cc(C(N)=O)c(Cl)cc1-3)CC(C)(C)CC2=O";"Ki";"'='";"50.0";"nM";"7.30";"";"";"UO_0000065";"17.77";"0.34";"3.72";"7.93";"0";"CHEMBL3404380";"Inhibition of FITC-GA binding to Hsp90alpha (unknown origin) ATPase site after 2 hrs by fluorescence polarization assay";"B";"BAO_0000357";"single protein format";"Homo sapiens";"None";"None";"None";"None";"";"";"";"CHEMBL3880";"Heat shock protein HSP 90-alpha";"Homo sapiens";"SINGLE PROTEIN";"CHEMBL3400101";"1";"Scientific Literature";"Bioorg Med Chem Lett";"2015";"None";"";"";""
"CHEMBL3401154";"";"None";"442.00";"1";"5.25";"28";"CCCCCN1CCc2c(C)c3c(n2-c2cc(Cl)c(C(N)=O)cc21)CC(C)(C)CC3=O";"Ki";"'='";"190.0";"nM";"6.72";"";"";"UO_0000065";"15.21";"0.30";"1.47";"9.84";"0";"CHEMBL3404380";"Inhibition of FITC-GA binding to Hsp90alpha (unknown origin) ATPase site after 2 hrs by fluorescence polarization assay";"B";"BAO_0000357";"single protein format";"Homo sapiens";"None";"None";"None";"None";"";"";"";"CHEMBL3880";"Heat shock protein HSP 90-alpha";"Homo sapiens";"SINGLE PROTEIN";"CHEMBL3400101";"1";"Scientific Literature";"Bioorg Med Chem Lett";"2015";"None";"";"";""
"CHEMBL3401150";"";"None";"413.95";"0";"4.47";"21";"CCCN1CCc2c(C)c3c(n2-c2cc(Cl)c(C(N)=O)cc21)CC(C)(C)CC3=O";"Ki";"'='";"110.0";"nM";"6.96";"";"";"UO_0000065";"16.81";"0.33";"2.49";"10.18";"0";"CHEMBL3404380";"Inhibition of FITC-GA binding to Hsp90alpha (unknown origin) ATPase site after 2 hrs by fluorescence polarization assay";"B";"BAO_0000357";"single protein format";"Homo sapiens";"None";"None";"None";"None";"";"";"";"CHEMBL3880";"Heat shock protein HSP 90-alpha";"Homo sapiens";"SINGLE PROTEIN";"CHEMBL3400101";"1";"Scientific Literature";"Bioorg Med Chem Lett";"2015";"None";"";"";""
"CHEMBL3403719";"";"None";"372.85";"0";"3.63";"15";"Cc1c2c(n3c1CCOc1cc(C(N)=O)c(Cl)cc1-3)CC(C)(C)CC2=O";"Ki";"'='";"111.0";"nM";"6.96";"";"";"UO_0000065";"18.65";"0.37";"3.32";"9.36";"0";"CHEMBL3404380";"Inhibition of FITC-GA binding to Hsp90alpha (unknown origin) ATPase site after 2 hrs by fluorescence polarization assay";"B";"BAO_0000357";"single protein format";"Homo sapiens";"None";"None";"None";"None";"";"";"";"CHEMBL3880";"Heat shock protein HSP 90-alpha";"Homo sapiens";"SINGLE PROTEIN";"CHEMBL3400101";"1";"Scientific Literature";"Bioorg Med Chem Lett";"2015";"None";"";"";""
"CHEMBL4089806";"";"None";"314.34";"0";"2.08";"9";"CN(C)C(=O)c1ccc(N(C)C(=O)c2ccc(O)cc2O)cc1";"Ki";"'='";"1230.0";"nM";"5.91";"";"";"UO_0000065";"18.80";"0.35";"3.83";"7.29";"0";"CHEMBL4008865";"Displacement of fluorescein-labelled VER160364 from HSP90A (unknown origin) after 90 mins by fluorescence polarization assay";"B";"BAO_0000357";"single protein format";"Homo sapiens";"None";"None";"None";"None";"";"";"";"CHEMBL3880";"Heat shock protein HSP 90-alpha";"Homo sapiens";"SINGLE PROTEIN";"CHEMBL4007418";"1";"Scientific Literature";"J Med Chem";"2017";"None";"";"";""
"CHEMBL261482";"";"None";"320.31";"0";"-1.69";"14";"Nc1ncnc2c1ncn2[C@@H]1O[C@H](C(=O)NC2CC2)[C@@H](O)[C@H]1O";"Ki";"'>'";"3000.0";"nM";"";"";"";"UO_0000065";"";"";"";"";"0";"CHEMBL4689557";"Displacement of FITC-geldanamycin from HSP90alpha (unknown origin) after 24 hrs by fluorescence polarization assay";"A";"BAO_0000357";"single protein format";"Homo sapiens";"None";"None";"None";"None";"";"";"";"CHEMBL3880";"Heat shock protein HSP 90-alpha";"Homo sapiens";"SINGLE PROTEIN";"CHEMBL4680372";"1";"Scientific Literature";"ACS Med Chem Lett";"2021";"None";"TIME = 24.0 hr";"";""
"CHEMBL4755963";"";"None";"340.32";"0";"-1.50";"21";"Nc1ncnc2c1ncn2[C@@H]1O[C@H](C(=O)NCCCF)[C@@H](O)[C@H]1O";"Ki";"'>'";"3000.0";"nM";"";"";"";"UO_0000065";"";"";"";"";"0";"CHEMBL4689557";"Displacement of FITC-geldanamycin from HSP90alpha (unknown origin) after 24 hrs by fluorescence polarization assay";"A";"BAO_0000357";"single protein format";"Homo sapiens";"None";"None";"None";"None";"";"";"";"CHEMBL3880";"Heat shock protein HSP 90-alpha";"Homo sapiens";"SINGLE PROTEIN";"CHEMBL4680372";"1";"Scientific Literature";"ACS Med Chem Lett";"2021";"None";"TIME = 24.0 hr";"";""
"CHEMBL4792645";"";"None";"352.31";"0";"-2.38";"24";"C[C@@H](NC(=O)[C@H]1O[C@@H](n2cnc3c(N)ncnc32)[C@H](O)[C@@H]1O)C(=O)O";"Ki";"'>'";"3000.0";"nM";"";"";"";"UO_0000065";"";"";"";"";"0";"CHEMBL4689557";"Displacement of FITC-geldanamycin from HSP90alpha (unknown origin) after 24 hrs by fluorescence polarization assay";"A";"BAO_0000357";"single protein format";"Homo sapiens";"None";"None";"None";"None";"";"";"";"CHEMBL3880";"Heat shock protein HSP 90-alpha";"Homo sapiens";"SINGLE PROTEIN";"CHEMBL4680372";"1";"Scientific Literature";"ACS Med Chem Lett";"2021";"None";"TIME = 24.0 hr";"";""
"CHEMBL595547";"5'-CARBOXY ADENOSINE";"None";"281.23";"0";"-1.89";"25";"Nc1ncnc2c1ncn2[C@@H]1O[C@H](C(=O)O)[C@@H](O)[C@H]1O";"Ki";"'>'";"3000.0";"nM";"";"";"";"UO_0000065";"";"";"";"";"0";"CHEMBL4689557";"Displacement of FITC-geldanamycin from HSP90alpha (unknown origin) after 24 hrs by fluorescence polarization assay";"A";"BAO_0000357";"single protein format";"Homo sapiens";"None";"None";"None";"None";"";"";"";"CHEMBL3880";"Heat shock protein HSP 90-alpha";"Homo sapiens";"SINGLE PROTEIN";"CHEMBL4680372";"1";"Scientific Literature";"ACS Med Chem Lett";"2021";"None";"TIME = 24.0 hr";"";""
"CHEMBL4782644";"";"None";"338.75";"0";"-0.91";"29";"CNC(=O)[C@@]12C[C@@H]1[C@@H](n1cnc3c(N)nc(Cl)nc31)[C@H](O)[C@@H]2O";"Ki";"'>'";"3000.0";"nM";"";"";"";"UO_0000065";"";"";"";"";"0";"CHEMBL4689557";"Displacement of FITC-geldanamycin from HSP90alpha (unknown origin) after 24 hrs by fluorescence polarization assay";"A";"BAO_0000357";"single protein format";"Homo sapiens";"None";"None";"None";"None";"";"";"";"CHEMBL3880";"Heat shock protein HSP 90-alpha";"Homo sapiens";"SINGLE PROTEIN";"CHEMBL4680372";"1";"Scientific Literature";"ACS Med Chem Lett";"2021";"None";"TIME = 24.0 hr";"";""
"CHEMBL4741658";"";"None";"352.78";"0";"-0.52";"33";"CCNC(=O)[C@@]12C[C@@H]1[C@@H](n1cnc3c(N)nc(Cl)nc31)[C@H](O)[C@@H]2O";"Ki";"'>'";"3000.0";"nM";"";"";"";"UO_0000065";"";"";"";"";"0";"CHEMBL4689557";"Displacement of FITC-geldanamycin from HSP90alpha (unknown origin) after 24 hrs by fluorescence polarization assay";"A";"BAO_0000357";"single protein format";"Homo sapiens";"None";"None";"None";"None";"";"";"";"CHEMBL3880";"Heat shock protein HSP 90-alpha";"Homo sapiens";"SINGLE PROTEIN";"CHEMBL4680372";"1";"Scientific Literature";"ACS Med Chem Lett";"2021";"None";"TIME = 24.0 hr";"";""
"CHEMBL4788661";"";"None";"347.38";"0";"-1.13";"38";"CCNc1nc(N)nc2c1ncn2[C@H]1[C@H](O)[C@H](O)[C@]2(C(=O)NC)C[C@H]12";"Ki";"'>'";"3000.0";"nM";"";"";"";"UO_0000065";"";"";"";"";"0";"CHEMBL4689557";"Displacement of FITC-geldanamycin from HSP90alpha (unknown origin) after 24 hrs by fluorescence polarization assay";"A";"BAO_0000357";"single protein format";"Homo sapiens";"None";"None";"None";"None";"";"";"";"CHEMBL3880";"Heat shock protein HSP 90-alpha";"Homo sapiens";"SINGLE PROTEIN";"CHEMBL4680372";"1";"Scientific Literature";"ACS Med Chem Lett";"2021";"None";"TIME = 24.0 hr";"";""
"CHEMBL302376";"";"None";"266.26";"0";"-2.01";"6";"NC[C@H]1O[C@@H](n2cnc3c(N)ncnc32)[C@H](O)[C@@H]1O";"Ki";"'>'";"3000.0";"nM";"";"";"";"UO_0000065";"";"";"";"";"0";"CHEMBL4689557";"Displacement of FITC-geldanamycin from HSP90alpha (unknown origin) after 24 hrs by fluorescence polarization assay";"A";"BAO_0000357";"single protein format";"Homo sapiens";"None";"None";"None";"None";"";"";"";"CHEMBL3880";"Heat shock protein HSP 90-alpha";"Homo sapiens";"SINGLE PROTEIN";"CHEMBL4680372";"1";"Scientific Literature";"ACS Med Chem Lett";"2021";"None";"TIME = 24.0 hr";"";""
"CHEMBL4747764";"";"None";"308.30";"0";"-1.84";"7";"CC(=O)NC[C@H]1O[C@@H](n2cnc3c(N)ncnc32)[C@H](O)[C@@H]1O";"Ki";"'>'";"3000.0";"nM";"";"";"";"UO_0000065";"";"";"";"";"0";"CHEMBL4689557";"Displacement of FITC-geldanamycin from HSP90alpha (unknown origin) after 24 hrs by fluorescence polarization assay";"A";"BAO_0000357";"single protein format";"Homo sapiens";"None";"None";"None";"None";"";"";"";"CHEMBL3880";"Heat shock protein HSP 90-alpha";"Homo sapiens";"SINGLE PROTEIN";"CHEMBL4680372";"1";"Scientific Literature";"ACS Med Chem Lett";"2021";"None";"TIME = 24.0 hr";"";""
"CHEMBL4748119";"";"None";"265.23";"0";"-1.58";"10";"Nc1ncnc2c1nc1n2[C@@H]2O[C@H](CO1)[C@@H](O)[C@H]2O";"Ki";"'>'";"3000.0";"nM";"";"";"";"UO_0000065";"";"";"";"";"0";"CHEMBL4689557";"Displacement of FITC-geldanamycin from HSP90alpha (unknown origin) after 24 hrs by fluorescence polarization assay";"A";"BAO_0000357";"single protein format";"Homo sapiens";"None";"None";"None";"None";"";"";"";"CHEMBL3880";"Heat shock protein HSP 90-alpha";"Homo sapiens";"SINGLE PROTEIN";"CHEMBL4680372";"1";"Scientific Literature";"ACS Med Chem Lett";"2021";"None";"TIME = 24.0 hr";"";""
"CHEMBL4070959";"";"None";"327.26";"0";"2.45";"21";"O=C(c1ccc(O)cc1O)N1CCC(C(F)(F)F)n2nccc21";"Ki";"";"";"";"";"";"Not Determined";"";"";"";"";"";"0";"CHEMBL4008865";"Displacement of fluorescein-labelled VER160364 from HSP90A (unknown origin) after 90 mins by fluorescence polarization assay";"B";"BAO_0000357";"single protein format";"Homo sapiens";"None";"None";"None";"None";"";"";"";"CHEMBL3880";"Heat shock protein HSP 90-alpha";"Homo sapiens";"SINGLE PROTEIN";"CHEMBL4007418";"1";"Scientific Literature";"J Med Chem";"2017";"None";"";"";""
"CHEMBL3716663";"";"None";"424.50";"1";"5.60";"33a";"Cc1cc2ccccc2nc1-c1ccc2c(c1)CC[C@H](C)N2C(=O)c1ccc(O)cc1O";"Ki";"'='";"10600.0";"nM";"4.97";"";"";"UO_0000065";"11.72";"0.21";"-0.63";"6.75";"0";"CHEMBL4008865";"Displacement of fluorescein-labelled VER160364 from HSP90A (unknown origin) after 90 mins by fluorescence polarization assay";"B";"BAO_0000357";"single protein format";"Homo sapiens";"None";"None";"None";"None";"";"";"";"CHEMBL3880";"Heat shock protein HSP 90-alpha";"Homo sapiens";"SINGLE PROTEIN";"CHEMBL4007418";"1";"Scientific Literature";"J Med Chem";"2017";"None";"";"";""
"CHEMBL3731789";"";"None";"518.57";"2";"5.16";"35a";"CN(Cc1ccc2nccnc2c1)C(=O)c1ccc(N(Cc2ccccc2)C(=O)c2ccc(O)cc2O)cc1";"Ki";"'='";"1020.0";"nM";"5.99";"";"";"UO_0000065";"11.55";"0.21";"0.83";"5.61";"0";"CHEMBL4008865";"Displacement of fluorescein-labelled VER160364 from HSP90A (unknown origin) after 90 mins by fluorescence polarization assay";"B";"BAO_0000357";"single protein format";"Homo sapiens";"None";"None";"None";"None";"";"";"";"CHEMBL3880";"Heat shock protein HSP 90-alpha";"Homo sapiens";"SINGLE PROTEIN";"CHEMBL4007418";"1";"Scientific Literature";"J Med Chem";"2017";"None";"";"";""
"CHEMBL3732579";"";"None";"496.56";"1";"5.23";"35b";"COc1ccc(CN(C)C(=O)c2ccc(N(Cc3ccccc3)C(=O)c3ccc(O)cc3O)cc2)cc1";"Ki";"'>'";"50000.0";"nM";"";"";"";"UO_0000065";"";"";"";"";"0";"CHEMBL4008865";"Displacement of fluorescein-labelled VER160364 from HSP90A (unknown origin) after 90 mins by fluorescence polarization assay";"B";"BAO_0000357";"single protein format";"Homo sapiens";"None";"None";"None";"None";"";"";"";"CHEMBL3880";"Heat shock protein HSP 90-alpha";"Homo sapiens";"SINGLE PROTEIN";"CHEMBL4007418";"1";"Scientific Literature";"J Med Chem";"2017";"None";"";"";""
"CHEMBL3727843";"";"None";"529.04";"2";"5.96";"38";"Cc1cnc(Cl)nc1-c1ccc(N(Cc2ccc(CN3CCCC3)cc2)C(=O)c2ccc(O)cc2O)cc1";"Ki";"'='";"3210.0";"nM";"5.49";"";"";"UO_0000065";"10.38";"0.20";"-0.47";"6.12";"0";"CHEMBL4008865";"Displacement of fluorescein-labelled VER160364 from HSP90A (unknown origin) after 90 mins by fluorescence polarization assay";"B";"BAO_0000357";"single protein format";"Homo sapiens";"None";"None";"None";"None";"";"";"";"CHEMBL3880";"Heat shock protein HSP 90-alpha";"Homo sapiens";"SINGLE PROTEIN";"CHEMBL4007418";"1";"Scientific Literature";"J Med Chem";"2017";"None";"";"";""
"CHEMBL4060353";"";"None";"471.94";"0";"3.96";"19";"CCNC(=O)c1noc(-c2cc(Cl)c(O)cc2O)c1-c1ccc(CN2CCOCC2)cc1C";"Ki";"'='";"32.0";"nM";"7.50";"";"";"UO_0000065";"15.88";"0.31";"3.53";"6.94";"0";"CHEMBL4008865";"Displacement of fluorescein-labelled VER160364 from HSP90A (unknown origin) after 90 mins by fluorescence polarization assay";"B";"BAO_0000357";"single protein format";"Homo sapiens";"None";"None";"None";"None";"";"";"";"CHEMBL3880";"Heat shock protein HSP 90-alpha";"Homo sapiens";"SINGLE PROTEIN";"CHEMBL4007418";"1";"Scientific Literature";"J Med Chem";"2017";"None";"";"";""
"CHEMBL3426787";"";"None";"386.84";"0";"3.57";"1; BnIm";"COC(=O)c1c(O)cc(O)c(Cl)c1CCc1nccn1Cc1ccccc1";"Ki";"'='";"1800.0";"nM";"5.75";"";"";"UO_0000065";"";"";"";"";"0";"CHEMBL4059440";"Displacement of FITC-geldanamycin from human HSP90alpha at 277 K after 5 hrs by fluorescence polarization assay";"A";"BAO_0000357";"single protein format";"Homo sapiens";"None";"None";"None";"None";"";"";"";"CHEMBL3880";"Heat shock protein HSP 90-alpha";"Homo sapiens";"SINGLE PROTEIN";"CHEMBL4052834";"1";"Scientific Literature";"J Med Chem";"2018";"None";"";"";""
"CHEMBL285819";"";"None";"301.69";"0";"-1.33";"2";"Nc1nc(Cl)nc2c1ncn2[C@@H]1O[C@H](CO)[C@@H](O)[C@H]1O";"Ki";"'='";"2200.0";"nM";"5.66";"";"";"UO_0000065";"";"";"";"";"0";"CHEMBL4689557";"Displacement of FITC-geldanamycin from HSP90alpha (unknown origin) after 24 hrs by fluorescence polarization assay";"A";"BAO_0000357";"single protein format";"Homo sapiens";"None";"None";"None";"None";"";"";"";"CHEMBL3880";"Heat shock protein HSP 90-alpha";"Homo sapiens";"SINGLE PROTEIN";"CHEMBL4680372";"1";"Scientific Literature";"ACS Med Chem Lett";"2021";"None";"TIME = 24.0 hr";"BINDING AGENT";""
"CHEMBL5094983";"";"None";"504.59";"1";"4.96";"THS-828";"NC(=O)c1ccc(-c2nccc3c(-n4cnc(-c5ccccc5)c4)ccnc23)cc1NC1CCC(O)CC1";"Ki";"'='";"13000.0";"nM";"4.89";"";"";"UO_0000065";"9.68";"0.18";"-0.07";"4.11";"0";"CHEMBL5039146";"Inhibition of FITC-GDA binding to human HSP90-alpha incubated for 2 hrs followed by FITC-GDA addition and measured after 5 hrs by fluorescence polarization competitive binding assay";"B";"BAO_0000357";"single protein format";"Homo sapiens";"None";"None";"None";"None";"";"";"";"CHEMBL3880";"Heat shock protein HSP 90-alpha";"Homo sapiens";"SINGLE PROTEIN";"CHEMBL5038572";"1";"Scientific Literature";"J Med Chem";"2021";"None";"TIME = 7.0 hr";"INHIBITOR";""
"CHEMBL3401157";"";"None";"437.97";"0";"4.47";"31";"C#CCCCN1CCc2c(C)c3c(n2-c2cc(Cl)c(C(N)=O)cc21)CC(C)(C)CC3=O";"Ki";"'='";"370.0";"nM";"6.43";"";"";"UO_0000065";"14.69";"0.28";"1.96";"9.41";"0";"CHEMBL3404380";"Inhibition of FITC-GA binding to Hsp90alpha (unknown origin) ATPase site after 2 hrs by fluorescence polarization assay";"B";"BAO_0000357";"single protein format";"Homo sapiens";"None";"None";"None";"None";"";"";"";"CHEMBL3880";"Heat shock protein HSP 90-alpha";"Homo sapiens";"SINGLE PROTEIN";"CHEMBL3400101";"1";"Scientific Literature";"Bioorg Med Chem Lett";"2015";"None";"";"";""
"CHEMBL477";"ADENOSINE";"4.0";"267.25";"0";"-1.98";"1";"Nc1ncnc2c1ncn2[C@@H]1O[C@H](CO)[C@@H](O)[C@H]1O";"Ki";"'>'";"3000.0";"nM";"";"";"";"UO_0000065";"";"";"";"";"0";"CHEMBL4689557";"Displacement of FITC-geldanamycin from HSP90alpha (unknown origin) after 24 hrs by fluorescence polarization assay";"A";"BAO_0000357";"single protein format";"Homo sapiens";"None";"None";"None";"None";"";"";"";"CHEMBL3880";"Heat shock protein HSP 90-alpha";"Homo sapiens";"SINGLE PROTEIN";"CHEMBL4680372";"1";"Scientific Literature";"ACS Med Chem Lett";"2021";"None";"TIME = 24.0 hr";"";""
"CHEMBL4761218";"";"None";"299.31";"0";"-1.69";"3";"Nc1nc(S)nc2c1ncn2[C@@H]1O[C@H](CO)[C@@H](O)[C@H]1O";"Ki";"'>'";"3000.0";"nM";"";"";"";"UO_0000065";"";"";"";"";"0";"CHEMBL4689557";"Displacement of FITC-geldanamycin from HSP90alpha (unknown origin) after 24 hrs by fluorescence polarization assay";"A";"BAO_0000357";"single protein format";"Homo sapiens";"None";"None";"None";"None";"";"";"";"CHEMBL3880";"Heat shock protein HSP 90-alpha";"Homo sapiens";"SINGLE PROTEIN";"CHEMBL4680372";"1";"Scientific Literature";"ACS Med Chem Lett";"2021";"None";"TIME = 24.0 hr";"";""
"CHEMBL1235128";"";"None";"322.33";"0";"-1.45";"13";"CCCNC(=O)[C@H]1O[C@@H](n2cnc3c(N)ncnc32)[C@H](O)[C@@H]1O";"Ki";"'='";"1800.0";"nM";"5.75";"";"";"UO_0000065";"";"";"";"";"0";"CHEMBL4689557";"Displacement of FITC-geldanamycin from HSP90alpha (unknown origin) after 24 hrs by fluorescence polarization assay";"A";"BAO_0000357";"single protein format";"Homo sapiens";"None";"None";"None";"None";"";"";"";"CHEMBL3880";"Heat shock protein HSP 90-alpha";"Homo sapiens";"SINGLE PROTEIN";"CHEMBL4680372";"1";"Scientific Literature";"ACS Med Chem Lett";"2021";"None";"TIME = 24.0 hr";"BINDING AGENT";""
"CHEMBL4759912";"";"None";"337.30";"0";"-3.37";"22";"NC(=O)CNC(=O)[C@H]1O[C@@H](n2cnc3c(N)ncnc32)[C@H](O)[C@@H]1O";"Ki";"'='";"1900.0";"nM";"5.72";"";"";"UO_0000065";"";"";"";"";"0";"CHEMBL4689557";"Displacement of FITC-geldanamycin from HSP90alpha (unknown origin) after 24 hrs by fluorescence polarization assay";"A";"BAO_0000357";"single protein format";"Homo sapiens";"None";"None";"None";"None";"";"";"";"CHEMBL3880";"Heat shock protein HSP 90-alpha";"Homo sapiens";"SINGLE PROTEIN";"CHEMBL4680372";"1";"Scientific Literature";"ACS Med Chem Lett";"2021";"None";"TIME = 24.0 hr";"BINDING AGENT";""
"CHEMBL4745772";"";"None";"354.32";"0";"-0.93";"30";"Nc1ncnc2c1ncn2[C@H]1[C@H](O)[C@H](O)[C@]2(C(=O)NCC(F)F)C[C@H]12";"Ki";"'>'";"3000.0";"nM";"";"";"";"UO_0000065";"";"";"";"";"0";"CHEMBL4689557";"Displacement of FITC-geldanamycin from HSP90alpha (unknown origin) after 24 hrs by fluorescence polarization assay";"A";"BAO_0000357";"single protein format";"Homo sapiens";"None";"None";"None";"None";"";"";"";"CHEMBL3880";"Heat shock protein HSP 90-alpha";"Homo sapiens";"SINGLE PROTEIN";"CHEMBL4680372";"1";"Scientific Literature";"ACS Med Chem Lett";"2021";"None";"TIME = 24.0 hr";"";""
"CHEMBL4075556";"";"None";"363.24";"0";"4.43";"3";"Oc1cc(O)c(Cl)c(CCc2nccn2Cc2ccccc2)c1Cl";"Ki";"'='";"840.0";"nM";"6.08";"";"";"UO_0000065";"";"";"";"";"0";"CHEMBL4059440";"Displacement of FITC-geldanamycin from human HSP90alpha at 277 K after 5 hrs by fluorescence polarization assay";"A";"BAO_0000357";"single protein format";"Homo sapiens";"None";"None";"None";"None";"";"";"";"CHEMBL3880";"Heat shock protein HSP 90-alpha";"Homo sapiens";"SINGLE PROTEIN";"CHEMBL4052834";"1";"Scientific Literature";"J Med Chem";"2018";"None";"";"";""
"CHEMBL4098757";"";"None";"410.43";"0";"2.70";"2";"COC(=O)c1c(O)cc(O)c(C(=O)OC)c1CCc1nccn1Cc1ccccc1";"Ki";"'>'";"13000.0";"nM";"";"";"";"UO_0000065";"";"";"";"";"0";"CHEMBL4059440";"Displacement of FITC-geldanamycin from human HSP90alpha at 277 K after 5 hrs by fluorescence polarization assay";"A";"BAO_0000357";"single protein format";"Homo sapiens";"None";"None";"None";"None";"";"";"";"CHEMBL3880";"Heat shock protein HSP 90-alpha";"Homo sapiens";"SINGLE PROTEIN";"CHEMBL4052834";"1";"Scientific Literature";"J Med Chem";"2018";"None";"";"";""
"CHEMBL4091855";"";"None";"406.44";"0";"3.30";"20";"COc1cc2c(cc1OC)C(c1cccnc1)N(C(=O)c1ccc(O)cc1O)CC2";"Ki";"";"";"";"";"";"Not Determined";"";"";"";"";"";"0";"CHEMBL4008865";"Displacement of fluorescein-labelled VER160364 from HSP90A (unknown origin) after 90 mins by fluorescence polarization assay";"B";"BAO_0000357";"single protein format";"Homo sapiens";"None";"None";"None";"None";"";"";"";"CHEMBL3880";"Heat shock protein HSP 90-alpha";"Homo sapiens";"SINGLE PROTEIN";"CHEMBL4007418";"1";"Scientific Literature";"J Med Chem";"2017";"None";"";"";""
"CHEMBL4782784";"";"None";"356.29";"0";"-1.45";"15";"Nc1ncnc2c1ncn2[C@@H]1O[C@H](C(=O)NC2CC2(F)F)[C@@H](O)[C@H]1O";"Ki";"'='";"1000.0";"nM";"6.00";"";"";"UO_0000065";"";"";"";"";"0";"CHEMBL4689557";"Displacement of FITC-geldanamycin from HSP90alpha (unknown origin) after 24 hrs by fluorescence polarization assay";"A";"BAO_0000357";"single protein format";"Homo sapiens";"None";"None";"None";"None";"";"";"";"CHEMBL3880";"Heat shock protein HSP 90-alpha";"Homo sapiens";"SINGLE PROTEIN";"CHEMBL4680372";"1";"Scientific Literature";"ACS Med Chem Lett";"2021";"None";"TIME = 24.0 hr";"BINDING AGENT";""
"CHEMBL4794637";"";"None";"366.33";"0";"-0.78";"34";"Nc1ncnc2c1ncn2[C@H]1[C@H](O)[C@H](O)[C@]2(C(=O)NC3CC3(F)F)C[C@H]12";"Ki";"'>'";"3000.0";"nM";"";"";"";"UO_0000065";"";"";"";"";"0";"CHEMBL4689557";"Displacement of FITC-geldanamycin from HSP90alpha (unknown origin) after 24 hrs by fluorescence polarization assay";"A";"BAO_0000357";"single protein format";"Homo sapiens";"None";"None";"None";"None";"";"";"";"CHEMBL3880";"Heat shock protein HSP 90-alpha";"Homo sapiens";"SINGLE PROTEIN";"CHEMBL4680372";"1";"Scientific Literature";"ACS Med Chem Lett";"2021";"None";"TIME = 24.0 hr";"";""
"CHEMBL3104860";"";"None";"385.44";"0";"3.07";"Fig 6, R2C1";"CC1(C)CC(=O)c2ccn(-c3cc(F)c(C(N)=O)c(N[C@H]4CCOC4)c3)c2C1";"Ki";"'='";"125.0";"nM";"6.90";"";"";"UO_0000065";"17.91";"0.34";"3.83";"7.99";"0";"CHEMBL3106553";"Binding affinity to human N-terminal polyHis-tagged HSP90alpha (D9 to E236) alpha-helix conformation expressed in insect sf9 cells after 3 hrs by fluorescence polarization assay";"B";"BAO_0000219";"cell-based format";"Homo sapiens";"None";"None";"Sf9";"None";"";"";"";"CHEMBL3880";"Heat shock protein HSP 90-alpha";"Homo sapiens";"SINGLE PROTEIN";"CHEMBL3102709";"1";"Scientific Literature";"Bioorg Med Chem Lett";"2014";"CHEMBL3308860";"";"";""
"CHEMBL3104859";"";"None";"616.76";"1";"1.91";"17-DMAG";"CO[C@H]1C[C@H](C)CC2=C(NCCN(C)C)C(=O)C=C(NC(=O)/C(C)=C/C=C\[C@@H](OC)[C@@H](OC(N)=O)/C(C)=C/[C@H](C)[C@H]1O)C2=O";"Ki";"'='";"2.0";"nM";"8.70";"";"";"UO_0000065";"14.10";"0.27";"6.79";"5.13";"0";"CHEMBL3106551";"Binding affinity to human N-terminal polyHis-tagged HSP90alpha (D9 to E236) open loop conformation expressed in insect sf9 cells after 3 hrs by fluorescence polarization assay";"B";"BAO_0000219";"cell-based format";"Homo sapiens";"None";"None";"Sf9";"None";"";"";"";"CHEMBL3880";"Heat shock protein HSP 90-alpha";"Homo sapiens";"SINGLE PROTEIN";"CHEMBL3102709";"1";"Scientific Literature";"Bioorg Med Chem Lett";"2014";"CHEMBL3308860";"";"";""
"CHEMBL4781869";"";"None";"354.32";"2";"-3.50";"23";"Nc1ncnc2c1ncn2[C@@H]1O[C@H](C(=O)NC[C@H](O)CO)[C@@H](O)[C@H]1O";"Ki";"'='";"1400.0";"nM";"5.85";"";"";"UO_0000065";"";"";"";"";"0";"CHEMBL4689557";"Displacement of FITC-geldanamycin from HSP90alpha (unknown origin) after 24 hrs by fluorescence polarization assay";"A";"BAO_0000357";"single protein format";"Homo sapiens";"None";"None";"None";"None";"";"";"";"CHEMBL3880";"Heat shock protein HSP 90-alpha";"Homo sapiens";"SINGLE PROTEIN";"CHEMBL4680372";"1";"Scientific Literature";"ACS Med Chem Lett";"2021";"None";"TIME = 24.0 hr";"BINDING AGENT";""
"CHEMBL3235337";"";"None";"424.55";"0";"2.78";"15";"COCCNc1cc(-n2c3c(c4c2CC(C)(C)CC4=O)CCN(C)C3)ccc1C(N)=O";"Ki";"'='";"62.0";"nM";"7.21";"";"";"UO_0000065";"16.98";"0.32";"4.43";"8.05";"0";"CHEMBL3242256";"Displacement of FITC-geldanamycin from recombinant HSP90alpha (unknown origin) after 2 hrs by fluorescence polarization assay";"B";"BAO_0000357";"single protein format";"Homo sapiens";"None";"None";"None";"None";"";"";"";"CHEMBL3880";"Heat shock protein HSP 90-alpha";"Homo sapiens";"SINGLE PROTEIN";"CHEMBL3232825";"1";"Scientific Literature";"J Med Chem";"2014";"None";"";"";""
"CHEMBL3235340";"";"None";"406.53";"0";"3.29";"18";"CN1CCc2c3c(n(-c4ccc(C(N)=O)c(NC5CC5)c4)c2C1)CC(C)(C)CC3=O";"Ki";"'='";"46.0";"nM";"7.34";"";"";"UO_0000065";"18.05";"0.33";"4.05";"9.13";"0";"CHEMBL3242256";"Displacement of FITC-geldanamycin from recombinant HSP90alpha (unknown origin) after 2 hrs by fluorescence polarization assay";"B";"BAO_0000357";"single protein format";"Homo sapiens";"None";"None";"None";"None";"";"";"";"CHEMBL3880";"Heat shock protein HSP 90-alpha";"Homo sapiens";"SINGLE PROTEIN";"CHEMBL3232825";"1";"Scientific Literature";"J Med Chem";"2014";"None";"";"";""
"CHEMBL3235356";"";"None";"376.50";"0";"4.49";"34";"Cc1cn(-c2cc3c(c(C4CCC4)c2)C(=O)NCC3)c2c1C(=O)CC(C)(C)C2";"Ki";"'='";"34.0";"nM";"7.47";"";"";"UO_0000065";"19.84";"0.36";"2.98";"14.62";"0";"CHEMBL3242256";"Displacement of FITC-geldanamycin from recombinant HSP90alpha (unknown origin) after 2 hrs by fluorescence polarization assay";"B";"BAO_0000357";"single protein format";"Homo sapiens";"None";"None";"None";"None";"";"";"";"CHEMBL3880";"Heat shock protein HSP 90-alpha";"Homo sapiens";"SINGLE PROTEIN";"CHEMBL3232825";"1";"Scientific Literature";"J Med Chem";"2014";"None";"";"";""
"CHEMBL3235359";"";"None";"412.53";"0";"4.82";"37";"Cc1cn(-c2cc3c(c(Cc4ccccc4)c2)C(=O)NCC3)c2c1C(=O)CC(C)(C)C2";"Ki";"'='";"94.0";"nM";"7.03";"";"";"UO_0000065";"17.03";"0.31";"2.21";"13.75";"0";"CHEMBL3242256";"Displacement of FITC-geldanamycin from recombinant HSP90alpha (unknown origin) after 2 hrs by fluorescence polarization assay";"B";"BAO_0000357";"single protein format";"Homo sapiens";"None";"None";"None";"None";"";"";"";"CHEMBL3880";"Heat shock protein HSP 90-alpha";"Homo sapiens";"SINGLE PROTEIN";"CHEMBL3232825";"1";"Scientific Literature";"J Med Chem";"2014";"None";"";"";""
"CHEMBL3235360";"";"None";"398.51";"0";"4.89";"38";"Cc1cn(-c2cc3c(c(-c4ccccc4)c2)C(=O)NCC3)c2c1C(=O)CC(C)(C)C2";"Ki";"'='";"14.0";"nM";"7.85";"";"";"UO_0000065";"19.71";"0.36";"2.96";"15.37";"0";"CHEMBL3242256";"Displacement of FITC-geldanamycin from recombinant HSP90alpha (unknown origin) after 2 hrs by fluorescence polarization assay";"B";"BAO_0000357";"single protein format";"Homo sapiens";"None";"None";"None";"None";"";"";"";"CHEMBL3880";"Heat shock protein HSP 90-alpha";"Homo sapiens";"SINGLE PROTEIN";"CHEMBL3232825";"1";"Scientific Literature";"J Med Chem";"2014";"None";"";"";""
"CHEMBL3718319";"";"None";"482.54";"0";"4.29";"29a";"C[C@H]1CCc2cc(C(=O)N(C)Cc3ccc4nccnc4c3)ccc2N1C(=O)c1ccc(O)cc1O";"Ki";"'='";"2510.0";"nM";"5.60";"";"";"UO_0000065";"11.61";"0.21";"1.31";"5.24";"0";"CHEMBL4008865";"Displacement of fluorescein-labelled VER160364 from HSP90A (unknown origin) after 90 mins by fluorescence polarization assay";"B";"BAO_0000357";"single protein format";"Homo sapiens";"None";"None";"None";"None";"";"";"";"CHEMBL3880";"Heat shock protein HSP 90-alpha";"Homo sapiens";"SINGLE PROTEIN";"CHEMBL4007418";"1";"Scientific Literature";"J Med Chem";"2017";"None";"";"";""
"CHEMBL4750131";"";"None";"336.31";"0";"-2.46";"18";"Nc1ncnc2c1ncn2[C@@H]1O[C@H](C(=O)NC2COC2)[C@@H](O)[C@H]1O";"Ki";"'='";"1200.0";"nM";"5.92";"";"";"UO_0000065";"";"";"";"";"0";"CHEMBL4689557";"Displacement of FITC-geldanamycin from HSP90alpha (unknown origin) after 24 hrs by fluorescence polarization assay";"A";"BAO_0000357";"single protein format";"Homo sapiens";"None";"None";"None";"None";"";"";"";"CHEMBL3880";"Heat shock protein HSP 90-alpha";"Homo sapiens";"SINGLE PROTEIN";"CHEMBL4680372";"1";"Scientific Literature";"ACS Med Chem Lett";"2021";"None";"TIME = 24.0 hr";"BINDING AGENT";""
"CHEMBL4800628";"";"None";"384.80";"0";"-0.18";"37";"Nc1nc(Cl)nc2c1ncn2[C@H]1[C@H](O)[C@H](O)[C@]2(C(=O)NCCCF)C[C@H]12";"Ki";"'>'";"3000.0";"nM";"";"";"";"UO_0000065";"";"";"";"";"0";"CHEMBL4689557";"Displacement of FITC-geldanamycin from HSP90alpha (unknown origin) after 24 hrs by fluorescence polarization assay";"A";"BAO_0000357";"single protein format";"Homo sapiens";"None";"None";"None";"None";"";"";"";"CHEMBL3880";"Heat shock protein HSP 90-alpha";"Homo sapiens";"SINGLE PROTEIN";"CHEMBL4680372";"1";"Scientific Literature";"ACS Med Chem Lett";"2021";"None";"TIME = 24.0 hr";"";""
"CHEMBL236757";"";"None";"282.26";"0";"-2.28";"4";"NNc1ncnc2c1ncn2[C@@H]1O[C@H](CO)[C@@H](O)[C@H]1O";"Ki";"'>'";"3000.0";"nM";"";"";"";"UO_0000065";"";"";"";"";"0";"CHEMBL4689557";"Displacement of FITC-geldanamycin from HSP90alpha (unknown origin) after 24 hrs by fluorescence polarization assay";"A";"BAO_0000357";"single protein format";"Homo sapiens";"None";"None";"None";"None";"";"";"";"CHEMBL3880";"Heat shock protein HSP 90-alpha";"Homo sapiens";"SINGLE PROTEIN";"CHEMBL4680372";"1";"Scientific Literature";"ACS Med Chem Lett";"2021";"None";"TIME = 24.0 hr";"";""
"CHEMBL383144";"";"None";"281.27";"0";"-1.52";"5";"CNc1ncnc2c1ncn2[C@@H]1O[C@H](CO)[C@@H](O)[C@H]1O";"Ki";"'>'";"3000.0";"nM";"";"";"";"UO_0000065";"";"";"";"";"0";"CHEMBL4689557";"Displacement of FITC-geldanamycin from HSP90alpha (unknown origin) after 24 hrs by fluorescence polarization assay";"A";"BAO_0000357";"single protein format";"Homo sapiens";"None";"None";"None";"None";"";"";"";"CHEMBL3880";"Heat shock protein HSP 90-alpha";"Homo sapiens";"SINGLE PROTEIN";"CHEMBL4680372";"1";"Scientific Literature";"ACS Med Chem Lett";"2021";"None";"TIME = 24.0 hr";"";""
"CHEMBL4778617";"";"None";"280.24";"0";"-2.49";"16";"NC(=O)[C@H]1O[C@@H](n2cnc3c(N)ncnc32)[C@H](O)[C@@H]1O";"Ki";"'>'";"3000.0";"nM";"";"";"";"UO_0000065";"";"";"";"";"0";"CHEMBL4689557";"Displacement of FITC-geldanamycin from HSP90alpha (unknown origin) after 24 hrs by fluorescence polarization assay";"A";"BAO_0000357";"single protein format";"Homo sapiens";"None";"None";"None";"None";"";"";"";"CHEMBL3880";"Heat shock protein HSP 90-alpha";"Homo sapiens";"SINGLE PROTEIN";"CHEMBL4680372";"1";"Scientific Literature";"ACS Med Chem Lett";"2021";"None";"TIME = 24.0 hr";"";""
"CHEMBL4786085";"";"None";"326.29";"0";"-1.89";"19";"Nc1ncnc2c1ncn2[C@@H]1O[C@H](C(=O)NCCF)[C@@H](O)[C@H]1O";"Ki";"'>'";"3000.0";"nM";"";"";"";"UO_0000065";"";"";"";"";"0";"CHEMBL4689557";"Displacement of FITC-geldanamycin from HSP90alpha (unknown origin) after 24 hrs by fluorescence polarization assay";"A";"BAO_0000357";"single protein format";"Homo sapiens";"None";"None";"None";"None";"";"";"";"CHEMBL3880";"Heat shock protein HSP 90-alpha";"Homo sapiens";"SINGLE PROTEIN";"CHEMBL4680372";"1";"Scientific Literature";"ACS Med Chem Lett";"2021";"None";"TIME = 24.0 hr";"";""
"CHEMBL26759";"";"None";"311.73";"0";"-0.66";"27";"Nc1nc(Cl)nc2c1ncn2[C@H]1[C@H](O)[C@H](O)[C@]2(CO)C[C@H]12";"Ki";"'='";"1200.0";"nM";"5.92";"";"";"UO_0000065";"";"";"";"";"0";"CHEMBL4689557";"Displacement of FITC-geldanamycin from HSP90alpha (unknown origin) after 24 hrs by fluorescence polarization assay";"A";"BAO_0000357";"single protein format";"Homo sapiens";"None";"None";"None";"None";"";"";"";"CHEMBL3880";"Heat shock protein HSP 90-alpha";"Homo sapiens";"SINGLE PROTEIN";"CHEMBL4680372";"1";"Scientific Literature";"ACS Med Chem Lett";"2021";"None";"TIME = 24.0 hr";"BINDING AGENT";""
"CHEMBL27443";"";"None";"318.34";"0";"-1.17";"32";"CCNC(=O)[C@@]12C[C@@H]1[C@@H](n1cnc3c(N)ncnc31)[C@H](O)[C@@H]2O";"Ki";"'>'";"3000.0";"nM";"";"";"";"UO_0000065";"";"";"";"";"0";"CHEMBL4689557";"Displacement of FITC-geldanamycin from HSP90alpha (unknown origin) after 24 hrs by fluorescence polarization assay";"A";"BAO_0000357";"single protein format";"Homo sapiens";"None";"None";"None";"None";"";"";"";"CHEMBL3880";"Heat shock protein HSP 90-alpha";"Homo sapiens";"SINGLE PROTEIN";"CHEMBL4680372";"1";"Scientific Literature";"ACS Med Chem Lett";"2021";"None";"TIME = 24.0 hr";"";""
"CHEMBL3661115";"TAS-116";"2.0";"454.54";"0";"3.79";"67; TAS-116";"CCc1cc(C(N)=O)ccc1-n1nc(C(C)C)c2c(-n3cnc(-c4cnn(C)c4)c3)ccnc21";"Ki";"'='";"34.7";"nM";"7.46";"";"";"UO_0000065";"16.41";"0.30";"3.67";"6.82";"0";"CHEMBL4403661";"Inhibition of FITC-geldanamycin binding to recombinant human HSP90alpha expressed in Escherichia coli preincubated for 2 hrs followed by Geldanamycin-FITC addition and measured after 5 hrs by fluorescence polarization competitive binding assay";"B";"BAO_0000019";"assay format";"Homo sapiens";"None";"None";"None";"None";"";"";"";"CHEMBL3880";"Heat shock protein HSP 90-alpha";"Homo sapiens";"SINGLE PROTEIN";"CHEMBL4402542";"1";"Scientific Literature";"J Med Chem";"2020";"None";"";"";""
"CHEMBL5218680";"";"None";"454.54";"0";"3.79";"107; TAS-116";"CCc1cc(C(N)=O)ccc1-n1nc(C(C)C)c2c(-n3cnc(-c4ccnn4C)c3)ccnc21";"Ki";"'='";"34.7";"nM";"7.46";"";"";"UO_0000065";"16.41";"0.30";"3.67";"6.82";"0";"CHEMBL5216244";"Binding affinity to recombinant human Hsp90alpha assessed as inhibition constant incubated for 2 hrs by fluorescence polarization assay";"B";"BAO_0000357";"single protein format";"Homo sapiens";"None";"None";"None";"None";"";"";"";"CHEMBL3880";"Heat shock protein HSP 90-alpha";"Homo sapiens";"SINGLE PROTEIN";"CHEMBL5214924";"1";"Scientific Literature";"Eur J Med Chem";"2022";"None";"TIME = 2.0 hr";"INHIBITOR";""
"CHEMBL3661115";"TAS-116";"2.0";"454.54";"0";"3.79";"16e; TAS-116";"CCc1cc(C(N)=O)ccc1-n1nc(C(C)C)c2c(-n3cnc(-c4cnn(C)c4)c3)ccnc21";"Ki";"'='";"34.7";"nM";"7.46";"";"";"UO_0000065";"16.41";"0.30";"3.67";"6.82";"1";"CHEMBL5039146";"Inhibition of FITC-GDA binding to human HSP90-alpha incubated for 2 hrs followed by FITC-GDA addition and measured after 5 hrs by fluorescence polarization competitive binding assay";"B";"BAO_0000357";"single protein format";"Homo sapiens";"None";"None";"None";"None";"";"";"";"CHEMBL3880";"Heat shock protein HSP 90-alpha";"Homo sapiens";"SINGLE PROTEIN";"CHEMBL5038572";"1";"Scientific Literature";"J Med Chem";"2021";"None";"TIME = 7.0 hr";"INHIBITOR";""
"CHEMBL3403716";"";"None";"338.41";"0";"2.97";"6";"Cc1c2c(n3c1CCOc1cc(C(N)=O)ccc1-3)CC(C)(C)CC2=O";"Ki";"'='";"86.0";"nM";"7.07";"";"";"UO_0000065";"20.88";"0.39";"4.10";"9.51";"0";"CHEMBL3404380";"Inhibition of FITC-GA binding to Hsp90alpha (unknown origin) ATPase site after 2 hrs by fluorescence polarization assay";"B";"BAO_0000357";"single protein format";"Homo sapiens";"None";"None";"None";"None";"";"";"";"CHEMBL3880";"Heat shock protein HSP 90-alpha";"Homo sapiens";"SINGLE PROTEIN";"CHEMBL3400101";"1";"Scientific Literature";"Bioorg Med Chem Lett";"2015";"None";"";"";""
"CHEMBL4762917";"";"None";"372.34";"1";"-0.72";"9";"Nc1ncnc2c1ncn2[C@@H]1O[C@H](COC(=O)c2cccnc2)[C@@H](O)[C@H]1O";"Ki";"'>'";"3000.0";"nM";"";"";"";"UO_0000065";"";"";"";"";"0";"CHEMBL4689557";"Displacement of FITC-geldanamycin from HSP90alpha (unknown origin) after 24 hrs by fluorescence polarization assay";"A";"BAO_0000357";"single protein format";"Homo sapiens";"None";"None";"None";"None";"";"";"";"CHEMBL3880";"Heat shock protein HSP 90-alpha";"Homo sapiens";"SINGLE PROTEIN";"CHEMBL4680372";"1";"Scientific Literature";"ACS Med Chem Lett";"2021";"None";"TIME = 24.0 hr";"";""
"CHEMBL4782467";"";"None";"324.73";"0";"-1.17";"35";"NC(=O)[C@@]12C[C@@H]1[C@@H](n1cnc3c(N)nc(Cl)nc31)[C@H](O)[C@@H]2O";"Ki";"'='";"2300.0";"nM";"5.64";"";"";"UO_0000065";"";"";"";"";"0";"CHEMBL4689557";"Displacement of FITC-geldanamycin from HSP90alpha (unknown origin) after 24 hrs by fluorescence polarization assay";"A";"BAO_0000357";"single protein format";"Homo sapiens";"None";"None";"None";"None";"";"";"";"CHEMBL3880";"Heat shock protein HSP 90-alpha";"Homo sapiens";"SINGLE PROTEIN";"CHEMBL4680372";"1";"Scientific Literature";"ACS Med Chem Lett";"2021";"None";"TIME = 24.0 hr";"BINDING AGENT";""
"CHEMBL464859";"NECA";"None";"308.30";"0";"-1.84";"NECA";"CCNC(=O)[C@H]1O[C@@H](n2cnc3c(N)ncnc32)[C@H](O)[C@@H]1O";"Ki";"'='";"2700.0";"nM";"5.57";"";"";"UO_0000065";"";"";"";"";"0";"CHEMBL4689557";"Displacement of FITC-geldanamycin from HSP90alpha (unknown origin) after 24 hrs by fluorescence polarization assay";"A";"BAO_0000357";"single protein format";"Homo sapiens";"None";"None";"None";"None";"";"";"";"CHEMBL3880";"Heat shock protein HSP 90-alpha";"Homo sapiens";"SINGLE PROTEIN";"CHEMBL4680372";"1";"Scientific Literature";"ACS Med Chem Lett";"2021";"None";"TIME = 24.0 hr";"BINDING AGENT";""
